x1,x2,y
0.8135943112,0.4100495762,0
1.2276626431,-0.7109814851,1
0.8578748375,-0.6849205295,1
1.6429841681,-0.0787771186,1
1.5334664721,-0.4847632406,1
0.8854642196,0.5860170849,0
0.0760267973,0.9366463573,0
0.4821568076,0.8314049343,0
0.0384183917,0.6945548304,1
2.3982887175,0.4029318318,1
0.7033614289,0.3050860727,0
1.9379902209,0.1321253101,1
1.6060011375,-0.4409120953,1
-0.9179392971,0.6699408480,0
-1.2615199828,0.4510194203,0
0.9760831547,-0.4601020005,1
0.4967660848,1.2600402677,0
0.9073669468,0.4020565545,0
1.3735154038,-0.2692397898,1
0.5235469371,-0.1259927500,1
1.4965517768,-0.3994633120,1
0.0227848918,0.1588610526,1
2.0009091339,0.1606584870,1
0.7977215596,-0.4263977779,1
0.7065357862,-0.3931854750,1
-1.1294380298,0.3803368793,0
0.8775803560,0.6887191555,0
0.8264206873,0.6278276219,0
0.2577706326,1.1342040702,0
1.7287719964,0.2069265549,1
1.0630846560,-0.5457303679,1
0.9999513148,-0.3523742812,1
2.1027795568,0.0534276503,1
1.8375060546,0.3882400869,1
-1.1255105935,-0.0000725665,0
-0.9489068900,0.1447752764,0
1.8349203416,0.5394890488,1
-0.4250299423,0.6415609570,0
0.5789948619,0.5791823972,0
-0.8739393803,0.7812469061,0
-0.3785143500,0.9600398704,0
-0.8786880307,-0.0046038897,0
0.0119887727,-0.1085025112,1
1.6509920310,-0.0872122222,1
0.6548071461,0.8025223869,0
0.7246777596,0.5701520708,0
1.2941577045,-0.8094894383,1
1.8751300819,0.3113276591,1
0.8928752480,0.4990299502,0
2.2291606908,0.5120478462,1
1.0603199346,0.1416882812,0
0.8292463272,1.1115522782,0
-0.8786447991,0.3474609304,0
0.2003849234,1.1677127271,0
-0.7736565702,0.1410747426,0
0.3649376822,0.5954979682,0
0.4237337830,-0.1978903399,1
0.8289605780,-0.2061739556,0
1.2763346188,-0.4164825937,1
-0.0528644426,-0.1450901154,1
0.6727409858,-0.1296855629,1
-1.1047149003,0.4744596141,0
1.6994001608,-0.4905687387,1
0.5207102367,-0.6584107020,1
-0.3921315351,1.0378000368,0
-0.8002481507,0.2629289585,0
-0.3009897914,1.0919530073,0
-0.7211426407,0.3979048879,0
-1.5563470254,-0.1925746578,0
0.2549646987,0.0645492359,1
-0.1152616995,1.1209789743,0
0.1060097697,0.2446590620,1
0.2736725829,0.7452074610,0
2.2254757866,0.2496546027,1
0.1820430046,-0.2103095107,1
0.8475199300,-0.7482345287,1
0.3043361719,0.9242174004,0
0.0934540163,-0.5777045233,1
0.6397326448,-0.1193785159,1
1.3985911038,-0.4268111614,1
0.2725477765,0.5947769355,1
-0.9992756115,0.7452100432,0
-0.3729073749,1.1910382429,0
-0.0653566725,0.9976957994,0
-1.0604735116,0.4415717825,0
1.9635971125,0.0212087277,1
0.2489972722,-0.7067220690,1
0.9793395714,-0.2919081900,1
0.7003551808,0.8466919810,0
0.8752397408,-0.3211394911,1
0.8386893458,0.7134356906,0
0.8845616052,0.1051308303,0
0.5245439885,0.7582263490,0
0.0813229363,0.6665403407,0
1.8490337824,0.4885060938,1
1.5924119879,0.5622783114,1
2.0462016143,-0.2228405359,1
-0.4810434904,0.7060497954,0
1.0452786321,0.5580480469,0
-0.5647207947,0.7598299051,0
0.8724950770,-0.4311880743,1
0.6489568109,-0.4832142166,1
0.5573160208,-0.6209334891,1
0.3052132309,1.0068209872,0
-0.2635356527,0.3578627439,1
0.7260882759,0.4521754561,0
2.0174642795,-0.3665865731,1
-0.1521041330,0.1482620694,1
1.9097579604,-0.2988116079,1
-0.3009274225,-0.0905802946,1
1.2617069780,-0.5623688320,1
1.1471398842,0.5281728637,0
-0.8854718801,0.0352768795,0
-0.5596167121,1.1512191036,0
0.7486880536,0.6844878748,0
0.6626638897,0.8222605141,0
0.6985169287,0.7640801399,0
-1.1019598570,0.0206082476,0
0.9698927794,0.2263979554,0
0.7665205382,-0.7640456641,1
1.5774052877,-0.3301595714,1
0.5105768915,0.2699286402,0
-0.9568601989,0.0478330595,0
1.4572879034,-0.3996615870,1
-0.2377259232,0.3367947669,1
0.5421945451,-0.1808671694,1
0.9424101191,0.3132636786,0
1.2580566894,-0.3193762862,1
0.0560027173,0.9662571789,0
0.7248016486,0.8421946611,0
-0.7321015828,0.3112837087,0
-0.8292744354,0.7024211065,0
0.0782375980,1.3272084599,0
1.1054246700,-0.0895969819,1
-0.9021590508,0.7094382513,0
-1.0143749054,-0.0654508011,0
2.0957968054,0.3298302491,1
1.0125034302,0.4273545000,0
-0.8843865445,0.9252614037,0
1.0112266925,-0.6657445073,1
0.3799209050,0.5745900543,0
-0.2309518263,1.1112996830,0
-1.0101604999,0.3967318836,0
-0.6003394033,0.6872852266,0
0.2086559798,1.2814783745,0
1.6292962989,-0.2928718425,1
1.8670641581,-0.0260568092,1
0.7583005308,-0.4526530279,1
1.6746803551,-0.1169183987,1
0.1158213290,1.3505055841,0
-0.3332222971,0.8618624801,0
-0.0018740621,1.1122780053,0
-1.0823164276,0.1966941046,0
1.1115073752,0.1777232099,0
-0.6104566190,0.6362105449,0
0.0487671534,0.4270492025,1
1.9544051138,-0.5557675429,1
0.9319083445,-0.2874269394,1
-0.7455149075,0.4479436115,0
-0.2143751206,0.8179018112,0
0.8215922804,-0.3977853959,1
1.0939423214,0.5703770976,0
-0.9628537496,0.2757363938,0
2.0831629482,0.4899617375,1
2.3815159379,0.6038703015,1
2.0000383380,-0.0160990899,1
1.8208621272,-0.1029428898,1
-0.6657539982,0.0416435981,1
1.1836087307,-0.5425128825,1
0.5869396633,0.6968032181,0
-1.1512077984,-0.2868849904,0
-0.8669132069,0.0452627259,0
0.6496139016,0.7146108447,0
1.7797908013,0.3570894068,1
1.7281231451,0.3822267704,1
0.4227319941,-0.4550349804,1
1.7086214874,-0.7872419093,1
0.4665296819,-0.2346772244,1
-0.4417204861,1.0090281763,0
-0.4928081677,0.5411594159,0
0.2682110940,0.4522240014,1
0.4222339466,0.8854544820,0
-0.5788873966,0.9579369997,0
0.9089372928,0.4348983634,0
0.6037069160,-0.6712596119,1
0.5119532119,0.4318878721,1
-0.1379789104,0.6335413626,0
0.5658721848,-0.3923627677,1
0.1958449893,0.8822003567,0
-1.0610300632,0.2753752233,0
0.6973116956,-0.0427735400,1
0.3370625625,1.2474500918,0
0.2447642258,-0.6210052561,1
0.8843664689,0.1893084365,0
-0.7464943860,0.0471240468,0
-0.3217456984,0.1298613967,0
1.0882485497,0.1543560363,0
0.7590443875,0.7150396206,0
0.0477449859,-0.0770477567,1
0.0676670038,1.1833380615,0
-0.0403794059,0.9740356958,0
-0.2056525187,1.0996120466,0
1.8534800892,-0.2689087131,1
0.4227657998,-0.4971155206,1
1.7270050158,-0.1591000056,1
0.1840886105,0.0879553779,1
1.6603197878,-0.2315597491,1
1.2420670309,0.1040826762,0
1.2023593082,0.4004334701,0
1.4470103480,-0.4716932443,1
0.8656785470,0.6393006640,0
1.4892895449,-0.2750260500,1
0.4349061572,0.9623653546,0
0.5754484803,0.5284394164,0
-0.3896116383,1.0921340375,0
1.2259850978,-0.1366747484,1
0.0648424393,0.9080726936,0
-0.2351636698,0.3863494257,0
0.3388185713,-0.6559687921,1
-0.4431428637,0.9838166644,0
1.4190973911,-0.0373611327,1
1.2324057842,-0.9233802006,1
0.4677077250,-0.2955852929,1
0.7804390878,-0.2909554603,1
0.8358152354,0.5692054528,0
-0.3311254266,0.9825364595,0
0.8339050834,-0.6483165739,1
-0.2791271080,1.0284498253,0
1.6687860542,0.3039512777,1
-0.6405258115,0.5148455925,0
0.3010177367,0.5690176106,1
0.5610453208,-0.2964396738,1
1.7430770178,0.3457016914,1
0.5795403515,-0.5822736619,1
-0.1927015073,0.6820421023,0
0.5656414406,1.0614742348,0
-0.0367563363,-0.1068308186,1
1.5268479380,-0.4198510760,1
0.6441941955,0.8359637065,0
0.8383633007,0.8040742175,0
1.7662970221,-0.5063525538,1
2.1835091039,0.4611847471,1
0.2846795965,0.1062697383,1
1.3868316362,-0.0086920653,0
-0.3527076871,0.5710992691,1
2.0996752424,0.4596428268,1
0.9268514031,0.0536758229,0
0.1658688765,0.8431754962,0
-0.9908178123,0.1156174325,0
0.2352339484,0.8627276985,0
-0.1923747544,1.4020930175,0
0.5019634868,-0.6154616698,1
-0.3949317448,0.6971776946,0
1.0528311363,-0.3980318686,1
1.5975977546,0.3583959254,1
1.5115010153,-0.6136994243,1
0.5271695355,0.5162153217,0
0.4322399412,1.0878072490,0
0.1314457348,-0.4104172031,1
-0.9430297307,-0.0671250525,0
0.8705089081,0.9040581065,0
0.0794090799,0.8694442732,0
0.5416658936,0.6307628747,0
-1.1547775394,0.1421761022,0
-1.2806280640,0.0375878809,0
1.1270851640,-0.1179637068,1
-0.6205266286,0.6385870388,0
-0.8060103218,0.1602983366,0
0.3609477634,0.9926236531,0
-0.7236643702,0.9427503478,0
0.2789710243,-0.1679110500,1
1.1177727775,-0.0291379143,0
-0.3939802706,1.2408564742,0
-0.1148757789,0.9553672952,0
-0.7295341467,0.5451213329,0
-0.5865898127,0.3563420414,0
0.5759300044,1.0559238091,0
-0.1377216259,0.7442092230,0
1.6685427860,-0.2694671929,1
0.0943121780,0.8665499493,0
0.2693693042,-0.4604270575,1
0.5196255057,0.7010916335,0
-0.8042325320,0.6052422626,0
2.3404762828,0.4650680264,1
0.6439020119,-0.0406776517,1
0.8019459418,0.5913055391,0
-1.0038544896,0.5285662210,0
0.5559386623,-0.2831046869,1
-1.0308110182,0.7857694085,0
0.4888526976,0.7588836599,0
0.0662688551,-0.2157355912,1
-0.6769085375,0.4797935515,0
-0.0236028405,0.8658551495,0
1.2221845134,0.4206207089,0
0.2157347009,0.8280569900,0
0.8496884377,-0.5318120372,1
0.9334441813,-0.4389918441,1
2.1058201385,-0.1611715488,1
1.8722180417,-0.1216813000,1
-1.1556684017,-0.0036566416,0
-0.5104556675,0.4518922151,0
-0.6315762754,-0.1330012744,0
1.8300493222,0.7440076292,1
0.2017475420,-0.0029357858,1
0.6153436641,0.4440678883,0
0.4053288796,-0.3558205685,1
-0.1720639611,1.0805938326,0
1.7279228334,-0.2451639584,1
0.5444720559,0.9051962542,0
2.3004604066,0.2327036541,1
-0.9217439573,0.4528753405,0
0.5574354736,1.1542783046,0
1.6279383608,0.0713336552,1
-0.8237161476,0.5158743795,0
-1.3020544038,0.2210471353,0
-0.8549524013,0.4735895562,0
0.8466569410,-0.4082159528,1
0.8637540356,0.6827193742,0
-0.9428970739,0.3208341002,0
1.0884428992,0.7227483648,0
-0.7985044808,0.1307502385,0
-0.8525463422,0.6834118865,0
1.0451394193,-0.6030524135,1
-1.1557796402,0.2619814202,0
1.6937060278,-0.3875195186,1
1.3378941109,-0.2620169286,1
0.7888952075,-0.5348454391,1
0.2241837869,1.3631975094,0
1.3271161062,-0.5120413016,1
1.0620506140,-0.1243938001,0
1.7606663088,-0.0815929585,1
0.6729583328,-0.5330898355,1
1.3339314125,-0.8361737342,1
1.0337685982,-0.5474995972,1
2.1121049177,-0.1392372592,1
-0.0549030302,-0.2438196470,1
1.7744296661,0.1176928474,1
1.9265180766,-0.5677788428,1
-0.9078494413,0.5522514593,0
0.8555711399,-0.2603699845,1
0.5144653710,0.6957874958,0
-0.6244014630,0.9633273798,0
0.1338309874,0.9080943159,0
-1.0400253806,0.2357807167,0
-0.8247385934,0.3055766559,0
-0.7783354966,0.2810905094,0
0.8648797224,0.5703052131,0
-0.0006646248,0.4467794254,1
-0.1560546367,0.8726935386,0
1.1369636530,0.3121179283,0
-0.4424935107,0.6074254830,0
0.5219239519,0.6876501601,0
0.8451529248,0.0074170591,0
2.1421948288,-0.0110711671,1
0.9904892956,0.4380859676,0
0.8151180150,0.4995867592,0
-0.2280556315,1.1145922658,0
1.9244538279,0.3192773333,1
0.9127522593,-0.5400614458,1
0.6802238448,1.0147132874,0
1.2096514803,-0.4326555124,1
0.6218251700,0.8429796942,0
0.9597008504,0.2166452428,0
1.7667651593,-0.2115748432,1
-0.8862901662,0.2110604709,0
0.7168121911,-0.7445541591,1
1.6973596004,-0.1138286434,1
0.9243843719,1.1061526822,0
0.4284394394,-0.2985573733,1
0.7590929335,0.6851404558,0
-0.1160836031,0.8972465754,1
0.7556350598,-0.3203903440,1
0.6784541220,-0.2781116348,1
0.5118062781,0.8144551606,0
0.9929100847,-0.0543859269,0
-0.0033839761,0.1126071145,1
0.6982242301,0.7615960210,0
1.7033068936,0.4026649552,1
1.7762298825,-0.0957927725,1
0.3837081177,-0.2432421969,1
0.9769675586,0.3841553146,0
-0.8866357330,-0.0535658151,0
-0.3597712423,0.5800915631,0
0.3119120056,1.2596246621,0
0.5565655814,-0.1362667038,1
1.7960550411,-0.2441082390,1
0.7112150443,0.9272739736,0
1.5039096499,-0.1036199621,0
0.5159618020,-0.2405822686,1
2.0437829334,0.0314850766,1
-1.0633013468,-0.2233305994,0
0.6075842701,0.9295392157,0
1.0608374308,-0.5606230055,1
1.4994023713,-0.7385863830,1
0.6981326991,0.5868363040,0
0.2711184311,1.0775023273,0
-0.9201511544,0.4554174906,0
0.4873150196,0.8665534610,0
-0.7394917228,0.4003872893,0
1.5351943029,0.1529633873,1
2.0480602390,0.4595819564,1
1.9171759320,-0.0137208676,1
2.1407227293,-0.0342487452,1
0.3993933538,-0.1337932526,1
1.9629201739,-0.1975292393,1
0.9987713194,-0.4532470866,1
0.4022437326,0.4027720302,1
1.4880926826,-0.4819791952,1
0.4663913334,0.1530853386,1
-0.2708181988,0.9711081786,0
0.0625003887,0.6868761711,0
0.8364106378,0.3945300352,0
0.4959448796,0.4371108713,0
1.8809360797,0.3819162651,1
-0.1028268930,0.9869341773,0
0.5247026338,0.7589342322,0
-0.1104812200,1.0653034620,0
0.0790126114,0.9811574224,0
-0.0891568821,0.3384381960,1
0.4495173899,0.6461782616,0
-0.1724935950,0.9932775504,0
0.4946459297,-0.9050989678,1
0.8638553190,0.3972236711,0
0.6754085371,-0.6478230168,1
1.0410701806,-0.3571235944,1
1.7273682637,0.5849923342,1
0.0201930129,-0.2427563926,1
0.7614444084,-0.4339608896,1
0.1593724338,0.1217089316,1
1.6191842102,-0.6675927291,1
-0.9967778494,-0.0093665836,0
-0.7240013592,0.8820081320,0
0.8443447649,0.7700911734,0
-1.0073701528,0.1691914069,0
-0.1307031692,-0.0615877778,1
-0.0564077890,0.7361348443,0
0.9126151996,-0.2761453041,1
-0.5290532717,0.1229824212,0
-0.0500623877,1.0010424812,0
0.7856796058,0.4291942344,0
1.2620214248,-0.4389274309,1
-0.6480408948,0.7119545406,0
0.9886508855,-0.6104533376,1
-1.0880327625,0.1409033155,0
1.2799636622,-0.2959187524,1
-0.1586512168,0.7166747730,0
0.3995276585,0.9024168161,0
-0.0782175485,0.9181907334,0
0.3091622485,0.2403839388,1
-0.5756359058,0.8959621720,0
0.2595891554,-0.2334199552,1
1.9442248591,-0.5350655428,1
1.0125721534,0.2911728971,0
-0.7697031724,-0.2584300798,0
-0.0786810878,0.7848386547,0
0.1075397389,0.1292627391,1
2.1936377078,0.1327806934,1
0.3335775957,1.1780290413,0
0.4061532220,-0.2318177084,1
1.7372514125,-0.5410721672,1
0.4313729611,-0.1274040002,1
-0.2657647595,1.0682805681,0
-0.1245782136,1.3553484831,0
0.3178378468,1.0884622258,0
1.5468780587,0.5082129090,1
-0.6820046834,1.0496123943,0
1.9644685607,0.3593602332,1
0.8946903603,0.0542784436,0
-0.7161521769,0.6401102032,0
0.6548570874,-0.1203544776,1
1.9032569551,0.0110191935,1
0.2640147826,0.5265069243,1
-0.0943999242,0.2995799138,1
0.4217591253,-0.2395791029,1
-0.0921975485,1.4533820050,0
1.2983338681,-0.0987265950,1
2.0266689155,-0.0167020406,1
1.9726777931,-0.3307989991,1
0.8502176799,-0.4346564419,1
-0.8685599693,-0.3433880287,0
-0.7003679672,0.9247784517,0
0.5196782546,0.0139386167,1
-0.5902509008,0.8990442928,0
-0.6583508849,0.0577950189,0
2.1330121443,0.0221911808,1
2.1236941916,0.2042749958,1
0.3345273110,-0.0504333099,1
-1.0161691007,0.4985052063,0
0.1365836546,1.0526259567,0
0.4016980755,-0.3141651804,1
-0.7932488802,0.4215340342,0
-0.8536430216,0.3678763593,0
-0.1268516813,0.3540169929,1
0.4724465637,0.9043801711,0
0.8338748457,-0.6764070130,1
0.4638063118,0.6857254842,0
-0.2927736830,0.8190492054,0
-0.1761612836,0.6380727037,0
0.3525358173,-0.2571654508,1
2.2957882358,0.5209865384,1
0.2103738683,-0.4794009038,1
-0.4389149644,0.7766575944,0
2.1989318180,0.4952464917,1
0.4006084953,1.1122475645,0
0.6898174573,-0.5571030689,1
-0.2830964368,0.9101802944,0
0.2378193076,0.4645436217,0
-0.8860439033,-0.1409022113,0
1.4528449376,-0.0087201286,1
1.2616601566,-0.4762112686,1
-0.1453564783,-0.1568695633,1
0.3354830929,0.2562387018,1
0.6564723721,0.6549453570,0
0.4909770172,-0.4172064949,1
0.2656143422,-0.0811474823,1
-0.8474207778,0.7180346224,0
0.8353223277,0.5736324020,0
-0.2393611486,0.5215923472,1
2.0367065480,-0.0709152056,1
0.2795487016,0.9291737496,0
1.9002589773,-0.1128124718,1
-0.2648242117,1.2320897735,0
0.0539711380,1.2470827223,0
0.8825726028,-0.1785478625,1
1.9695367287,-0.1835596476,1
0.5668086675,0.0299546474,0
1.0900898898,-0.7434572720,1
2.2646179344,0.6521181163,1
0.9403001232,0.2446346436,0
1.2485203421,-0.2927621858,1
1.6930001989,-0.4900699743,1
-0.0672247743,0.8390650909,0
0.6023272301,-0.5491341613,1
-0.3848275810,0.9410717981,0
0.0685886086,1.2373625708,0
0.5982891344,0.4081139131,0
-0.2401341429,1.4064402439,0
-0.6504472429,0.7223420940,0
1.9475552001,0.7125164567,1
1.9675540952,0.6072638211,1
-1.0946487693,0.4076285360,0
0.5451510109,0.8052778092,0
-0.4847167490,0.6499516563,0
1.9052015870,0.3311822008,1
1.6859928307,0.0809962498,1
1.5464164801,-0.2118888664,1
0.1381953743,0.3791867976,1
0.7220989191,-0.1749592248,1
-0.0717094482,-0.0547274439,1
2.0643746432,-0.0500394159,1
-0.3638199712,0.8415165929,0
-0.6837823426,0.7515032861,0
0.0284488418,0.9260372791,0
0.2775187800,-0.0008449873,1
-0.0248393513,1.0749034566,0
0.4273559322,0.9711957497,0
0.9572219061,0.2893478526,0
-0.5365326123,1.0444747990,0
0.1421555500,0.6335079542,0
1.9838085156,-0.2008015401,1
1.8108187061,-0.9550873170,1
0.0610274375,-0.0560881788,1
-0.0864360061,0.8690178082,0
1.0594654920,0.7165639045,0
0.9164972696,-0.6484851694,1
0.9156149177,0.1159396710,0
1.9504787600,0.5480991119,1
0.1824704039,-0.1295967836,1
-0.0402386537,-0.2228578703,1
0.8434086914,0.5945888941,0
0.0077307916,0.8930060843,0
0.8365379984,-0.8749935587,1
-0.2240415873,-0.1151054968,1
-1.0876419463,-0.0844892727,0
0.6502805526,0.5730460292,0
0.8102148749,0.0260540687,0
1.9404865539,0.1221245400,1
0.6974764701,0.8516557787,0
0.2181460646,0.5118898344,1
0.8525692386,0.3092579735,0
-0.9327907598,0.4171054337,0
1.9631052844,0.3794551016,1
0.8049787135,-0.3208772906,1
1.8813301576,0.4110021886,1
0.3409262626,0.5726498535,1
0.3582399277,-0.3766134735,1
-1.3533263937,0.0824075965,0
0.9458510445,0.3930309670,0
1.8962993614,-0.0227326777,1
-0.9124263554,0.8715492110,0
1.9447591559,0.0067427267,1
0.8659769344,-0.4432219946,1
0.5875713619,1.2136504001,0
1.0597270775,-0.5787737804,1
0.9079378518,0.8075168071,0
-0.7758769079,-0.0375207203,0
1.4492000806,-0.3937468318,1
0.7176753954,-0.6565220224,1
0.2646310129,0.3133333490,1
0.8272974694,1.0965777755,0
-0.3467706013,0.5639915414,0
0.3146235849,0.1926981688,1
-0.6986395103,0.8869079610,0
0.9634196191,0.4409477991,0
0.7006395841,0.7812684100,0
2.3381077227,0.1309494492,1
1.2059254826,-0.3028298861,1
1.7032452758,-0.1529851383,1
0.8113905211,0.7200722475,0
2.0742673301,-0.1882136966,1
0.2128174444,1.0798210418,0
1.5846887408,-0.2724417706,1
-0.1036027750,0.7717727688,0
1.8151116302,-0.5850608974,1
0.7219351134,0.7344177557,0
2.3060752790,0.2963542061,1
1.7115273790,-0.3652311657,1
-1.4629261863,0.1921297735,0
-0.0054659492,0.4577999549,1
1.4318419486,-0.4373235712,1
2.0530709930,-0.1885563674,1
-0.0263265314,-0.1880450106,1
1.1829235368,0.3045950893,0
-1.1214541555,0.1663165512,0
0.5925800002,1.0916689569,0
0.5749227248,-0.1738758480,1
0.6795070029,-0.9910320715,1
1.1896535362,0.0791762603,0
-1.0269448643,0.3240795713,0
2.0024286301,0.5716853756,1
1.4919230662,0.4278842833,0
-0.0908338288,-0.1845924626,1
1.6224945010,-0.3627951076,1
0.6594324261,0.5295977967,0
0.9676828440,0.5861257029,0
-0.3409184919,0.7945619017,0
0.0907199781,0.0354478900,1
1.4829610060,0.0122187582,1
0.6552891704,1.0006645344,0
1.0781697614,-0.0841096852,0
1.8502291895,0.2758873606,1
-0.0573708505,-0.0522680230,1
1.2889873398,-0.4782596406,1
0.1850375440,0.1399009256,1
-0.5886183898,0.7538813251,0
-0.3881810088,1.1817765334,0
1.8935112230,-0.0082580040,1
2.0454870026,-0.3704354821,1
-0.4116935268,0.1706343409,1
1.2337338396,-0.5176449387,1
-0.9820111846,0.3693247338,0
1.9462070588,-0.1396670133,1
-0.2394140863,1.4056480437,0
1.5137714041,0.5926529428,0
1.1652197599,0.1599260027,0
0.1887208718,0.9002130671,1
1.5719324459,-0.1929116975,1
1.9217362527,0.2645318197,1
2.3373372990,0.4722353372,1
0.2320585654,1.1444019806,0
-0.1138982134,0.9013479439,0
1.5017714309,-0.5182691960,1
0.8213583486,0.3557046110,0
-1.0994252327,0.5136759632,0
-0.9526868063,0.4720104883,0
-0.9682798273,0.4524414559,0
0.9734745080,0.2707134625,0
0.8496541615,-0.5211779677,1
0.4678381646,-0.2443634387,1
0.0408905527,1.1340718725,0
0.6708774130,0.2053448550,0
0.1007735662,0.2348803094,1
0.6302193054,1.1087164052,0
0.8932298880,0.4914261470,0
1.6431236096,-0.1882227222,1
1.8459882633,0.4761862270,1
-0.7123553182,0.7449001923,0
1.8931603972,0.4493004576,1
0.4627358411,1.0093785495,0
0.9355656945,0.9655322247,0
1.7773126028,0.4273894755,1
-0.9648623679,0.6035578789,0
-0.8592196011,0.3828145497,0
-0.1701629422,1.3703655752,0
0.3805350310,0.1982269641,1
-0.1228326491,1.0136214706,0
0.3877453858,-0.5622128969,1
0.0537174436,-0.0118926129,1
0.3465412222,-0.5645196717,1
0.1545942577,0.1382068658,1
-0.3194713982,0.5418749434,0
0.2206954115,0.6074498123,0
-0.0699716703,0.8992909944,0
-0.5490094807,0.7976001655,0
0.5857668972,0.2366237796,0
0.3179400444,0.1845933624,1
1.8001779934,-0.0979412696,1
0.2633416960,-0.4621475615,1
0.3979954893,0.3979708086,1
-0.8277422519,0.3280417623,0
-0.9476172966,0.6640519897,0
0.8077582043,0.4788820185,0
0.8673070189,-0.6141404902,1
1.4049638811,0.1084865361,1
0.9897215011,0.0047540772,0
1.7354712528,0.0461416306,1
0.9790247421,0.6151510644,0
1.6523873094,-0.4085807635,1
-0.8806879723,0.2096172423,0
0.2522501787,-0.0274373668,1
0.4806446306,0.3735735848,0
0.3568219109,-0.3413185950,1
1.3828838953,-0.3004750498,1
0.6008329901,-0.7732365810,1
1.6347574792,0.0743603835,1
-0.0323872497,0.1155927911,1
0.2666324925,-0.0193069983,1
0.9399462404,-0.3766015901,1
0.3510559633,0.6731540623,0
0.0572227641,-0.3279672100,1
1.1117574505,0.3809567989,0
1.8984192743,0.4100272318,1
0.5884829897,0.8198636251,0
1.5697472050,-0.4317234283,1
1.1754302417,-0.5526593866,1
-0.4312810083,0.8071421545,0
1.8083911133,-0.2304140506,1
0.0406560626,1.1154349005,0
-0.2946729511,0.8914087933,0
0.2091213014,0.7182304900,0
-0.7544279016,0.2752702974,0
0.0509961377,-0.3567021115,1
-0.0018623265,0.0951924959,1
1.7488536511,0.0758164716,1
0.2333464799,1.0224182378,0
-0.8658184040,0.5370277428,0
0.8025331783,-0.4593709185,1
0.6036597066,1.1210166737,0
-0.2361574743,0.7339789380,1
-0.0620142082,1.0460783951,0
-0.2270900426,0.3560009498,1
-0.4664492305,0.3890063557,0
0.1805715276,-0.0518179937,1
0.0738429981,1.0026619502,0
0.7624842765,0.2579001016,0
-0.1899096953,0.2487420367,0
-0.8190105884,0.4446795753,0
0.4477619093,-0.1372868940,1
0.4532429282,0.4712638792,0
1.0026210954,0.2466503462,0
1.5669944555,-0.2174875180,1
0.2508465800,0.8032932829,0
0.7041682441,-0.4417984051,1
-0.8080469174,0.5870488091,0
1.8800099710,-0.2084868766,1
0.5867970082,1.0076280592,0
-0.2435419640,0.1957028587,1
1.0215548628,-0.6244919048,1
0.9814195762,-0.2846303981,1
0.4039079171,-0.1510174361,1
1.7352223734,-0.0895782681,1
2.0472846828,-0.4011507887,1
-0.2903528043,0.9414307953,0
-1.1208101287,0.6558954498,0
2.1796098528,0.5644394136,1
1.7142531896,-0.3884474198,1
1.4028185913,-0.3908189462,1
1.3830681388,-0.5997095247,1
1.8518255216,-0.1160425621,1
0.4723135071,-0.4114880867,1
-0.1655668626,0.3524369771,0
-0.8420427494,0.3699216119,0
0.6546351014,0.5939073101,0
1.1448346854,-0.5533349497,1
0.8761972229,-0.7306310314,1
0.1928714941,-0.1498400688,1
1.9244434103,0.6542211906,1
1.9635362499,-0.1006972145,1
1.3332870505,-0.1955974557,1
0.6598488555,-0.8656207125,1
0.9271930418,0.2900380071,0
0.9037550756,-0.7202007505,1
1.1514964391,-0.3686707667,1
-0.8933477687,0.9913106725,0
0.5749673458,0.5981663910,0
-0.3317491904,0.2133179663,1
0.3282562106,1.3399450296,0
0.2060628050,-0.2157491458,1
1.9024544505,-0.3895252095,1
-0.2052288282,1.4787839108,0
-0.7412228806,0.5769068953,0
1.6507333375,-0.2359979180,1
1.6836168920,-0.4330006825,1
0.9706024771,-0.2057371585,0
-0.7052130688,0.5740239473,0
1.3732621372,-0.7151905155,1
1.4578323094,-0.2029102337,1
1.4019422461,-0.3693515628,1
0.8087116249,-0.4666275903,1
2.4209537705,0.2257085131,1
0.7506220977,0.5999359693,0
1.6220656802,0.4045410165,1
-0.2109144085,0.7305069995,0
1.2939224280,-0.3419100074,1
0.0487654419,0.0473503161,1
0.4674679356,0.1482162218,1
1.4141429988,-0.4605292607,1
1.9435587308,0.2491106075,1
-0.0714270572,0.6450608423,1
0.1359658716,0.2547324691,1
-0.4514235740,0.7071247104,0
1.7751200209,0.4371319604,1
0.1178946463,0.2971574791,1
-1.2386956996,0.5624494976,0
0.3727146305,1.2130339721,0
0.1565536723,0.8635674563,0
0.6211116475,0.9195001098,0
0.1223014933,0.2052051122,1
0.3531764971,0.7029303475,0
0.0600267047,0.9233098526,0
-0.3111042889,0.8577924189,0
0.2848695867,1.0105635557,0
1.4846831134,-0.4368244842,1
2.1755438753,0.3557025126,1
1.6762721972,0.2643482428,1
0.7704825040,0.3216474130,0
0.1254127509,1.1660290452,0
-0.3737257055,0.4550970832,0
0.3537076525,0.7105238239,0
1.0130577813,0.3384872052,0
1.1717836950,-0.1998438125,1
0.0692207338,0.1374401482,1
-0.0177963905,-0.5209678397,1
-0.9023546089,0.6130575231,0
0.6349468966,0.2206277340,0
0.2485081225,-0.0560633004,1
0.0521094511,0.2631180103,1
0.2562522903,1.2385058106,0
-0.1281073687,0.7980874670,1
0.1484661334,1.1620853037,0
-0.2130955185,1.3177437689,0
-0.6964019509,1.0478983148,0
2.0264855397,-0.2928160628,1
0.2349062862,0.3521569880,1
0.2388421376,-0.2864705314,1
0.1130246405,0.7979593635,0
-1.0759584324,0.5590218781,0
0.7501686947,-0.0150064783,0
0.6359376476,0.3447930096,0
-0.8020138134,0.6117810729,0
1.7696401996,-0.3273444329,1
-0.8786709545,0.4607516716,0
1.7548377555,-0.0074716409,1
1.7310235511,-0.0277223814,1
0.7730387533,-0.3113560363,1
0.0518271338,0.1802798003,1
1.1746862285,0.0696355082,0
-0.2291448617,1.1487768834,0
-0.7758048911,0.2428810263,0
-0.9070639677,0.4285426828,0
1.7514411985,0.3164888876,1
-1.1871117779,-0.4769214204,0
0.0437848650,-0.7682686491,1
0.7616479817,-0.2063863259,1
0.4456674176,0.2276622875,1
-0.7297810903,0.4669672759,0
-0.0809255180,0.5731203046,1
-0.0473580293,0.0844461197,1
0.2052346800,0.3391277992,1
0.8563367852,-0.6437448945,1
1.4384347452,0.0579984937,1
0.0426989432,0.4001861160,0
0.4014890958,0.8090439728,0
-0.2998928558,0.7246337482,0
1.9340900982,-0.0713909335,1
-0.8367108492,0.6594226408,0
-0.2600810514,1.1456405460,0
0.0795832918,0.8440294443,0
0.5902799834,0.1812102400,0
-0.9413914196,0.6555691818,0
-1.1749696200,0.6347778829,0
0.5488778833,0.2509570157,0
-0.8968973180,0.4045725022,0
-0.0406554924,0.4488608343,1
1.0745822671,0.5340200739,0
-0.0057825181,0.9423374301,0
0.4748303512,0.6082999309,0
-0.5791610955,0.7614127615,0
-0.6858711326,1.3659423899,0
-0.8956579306,0.8751016496,0
-0.2575657232,1.1260564262,0
1.4342917776,-0.3293622286,1
-0.9989849312,0.4331725506,0
1.0655927902,-0.3731302843,1
-0.0527641639,0.7297514906,0
-0.5557859283,0.6369209837,0
1.4086514881,-0.0765920576,1
0.1611920223,1.0092575770,0
0.1432744887,0.3712510982,1
0.6701998598,-0.7552152315,1
2.2060788455,0.2133613465,1
-0.1302086647,1.0061611852,0
1.6156211449,0.2245168748,1
-0.7996768270,-0.0375815567,0
0.7654998737,0.0904819254,0
0.1194354055,0.9809064909,0
1.4772345244,0.1239939482,1
0.0303892753,1.0375553981,0
0.0400151852,0.0631819614,1
-0.8649941993,0.0619671521,0
-0.3279776268,0.9950889902,0
1.6448709575,-0.2817486336,1
2.2173072313,-0.3170927954,1
0.2277225575,1.1853317501,0
-0.1965801576,0.8218023506,0
0.5131801577,-0.5923295453,1
-0.4363705839,1.4330622567,0
1.8786002559,0.1902487624,1
-0.2279699895,1.2695552026,0
-1.0735257919,0.1158110913,0
0.3005298601,-0.3656208032,1
-0.6469468002,0.6054025387,0
0.8693221387,0.3728060934,0
0.9954402276,0.5474931953,0
0.6568798546,0.8282142238,0
-0.0946611531,0.2636232493,1
1.1068505086,-0.8864770188,1
0.6393617737,1.0586339346,0
1.6058320438,-0.3205407479,1
0.3252397666,-0.0808867784,1
0.4678314040,0.8728270986,0
0.0973709770,-0.2023145397,1
0.5709589713,0.8440454051,0
0.8660101179,0.3848862619,0
1.5172823522,-0.4726141443,1
1.6959482224,-0.3282837080,1
0.2056253676,-0.2082854990,1
0.4480718977,0.5524629305,0
0.3325403394,1.5064591260,0
1.2639440142,-0.6295696692,1
-1.1065306135,0.4340609182,0
0.7372531088,0.4255171063,0
-0.7935832964,0.5826116459,0
0.9445890458,0.0030324917,0
0.2069214645,-0.3025556780,1
0.7222994737,-0.0131104415,0
1.7818754104,-0.4734090248,1
-0.0154974244,0.9616780068,0
-0.4902066500,1.0572679542,0
0.3711253688,-0.0004377308,1
1.1424169992,-0.5735101683,1
0.6195191237,0.7657243280,0
-0.5606743095,0.9216927921,0
0.5412656795,-0.5943858950,1
0.2470271802,-0.3003918813,1
-1.0446268934,0.1303973513,0
2.0745279191,-0.3757883825,1
1.0769405387,0.2432756079,0
1.8031840751,-0.2780766153,1
0.3881010534,-0.3030865087,1
0.4085938400,1.0854635842,0
1.5535420255,0.1869801447,1
0.7202665364,-0.6205711168,1
0.0636465329,0.9843412365,0
-0.1798061940,0.7712421956,0
-0.7778568249,0.7642073468,0
-0.0810484554,0.7344844960,0
0.3631571361,0.8586598680,0
-0.5131754558,0.5777129217,0
1.1696975148,-0.2101117535,1
0.0101226906,1.2436417025,0
0.8272467628,-0.6670997153,1
2.2149168610,0.5518473955,1
1.4159028354,-0.5249931757,1
-0.1797555316,1.0061521539,0
-0.0146368879,0.2149245253,1
1.5786012994,-0.5349986264,1
0.8847150586,0.9429745021,0
0.8800425395,0.9559829264,0
-0.7595835855,0.1575107509,0
0.0536997665,0.9424744194,0
1.1412316802,-0.6320160608,1
0.9010462418,0.3718251032,0
-0.5251204806,0.9051115494,0
-1.1708453270,-0.0451090107,0
0.1198420295,0.9745803187,0
-0.9280372273,0.4285084669,0
0.0644905642,0.6918345418,1
0.4242930307,-0.6017559765,1
0.0774626382,0.3678716241,1
0.2486141108,-0.1840105761,1
0.1130624499,0.6192950609,1
1.6618345505,-0.2764508688,1
0.5539093963,-0.1999086996,1
-0.2272255253,0.8062178574,0
0.8134471867,-0.3487662668,1
1.0910035084,0.7612871639,0
0.2248926518,0.3055763661,1
-0.4952464210,0.5763361181,0
1.6675075221,-0.3113781289,1
2.0961221840,-0.2846318097,1
0.4237956630,-0.3914618304,1
2.4215626684,0.5866039688,1
2.2161067863,0.0954033181,1
0.4196462470,-0.4305797954,1
1.6088726084,-0.7395851124,1
0.0387237100,-0.4140892240,1
0.1655779768,-0.5819671036,1
1.1405164454,0.0947931020,0
-1.0846478829,0.2157348823,0
-0.1787768817,0.4811253433,1
0.4744119987,1.3726679934,0
-0.3756177929,0.8850002080,0
0.1230857711,0.2546991361,1
0.2923158426,0.3677713964,1
-0.3230142306,0.7897157142,0
0.0282681027,-0.0952057339,1
-0.5707797881,0.3992282820,1
0.0573799047,1.1872455443,0
0.5321252300,0.3901433237,1
0.4066894618,-0.1596874736,1
0.4903614094,0.5578272433,0
-0.2172097690,0.9022530698,0
1.5177535779,-0.4014494797,1
-0.9103920825,0.4396326617,0
0.9728413995,-0.2858134069,1
-0.0742049942,0.0330906278,1
0.3299079859,-0.2678920991,1
0.8960282472,0.5474348146,0
-0.8322029945,0.5967846881,0
0.6252684784,1.1433508366,0
1.6381671615,-0.6925425718,1
1.3511826027,-1.0020013577,1
-0.3005515011,1.2330187001,0
0.2885051050,0.7554247487,0
1.1737780176,0.6305058545,0
-0.3991279733,0.8650067828,0
0.0706111206,0.0726530382,1
-0.7284420881,0.8012963362,0
1.0316247040,-0.5345348342,1
-0.0727059508,1.2521262179,0
0.9658901267,0.6053979054,0
0.3842395471,-0.1383990476,1
0.9436103359,0.0632653513,0
2.0520917916,0.3445107706,1
-0.8279354391,0.8586539661,0
0.3673687595,-0.3783399457,1
0.8983913967,-0.2291708758,0
0.8434901727,0.7738104354,0
0.1216625914,1.1966094295,0
1.2029871120,0.0697953341,0
1.0625660975,0.8358973639,0
1.0919963027,-0.2919609128,1
0.2486248351,0.0925958731,1
-1.0358195719,0.5522393524,0
0.4188802938,-0.7907986473,1
1.2455162931,-0.5935670556,1
-0.7224281429,0.7166131397,0
0.7345931725,1.2311664347,0
0.2061549570,1.1566649055,0
-0.1818100261,0.2887601069,1
1.2424391873,-0.3455045708,1
-1.1574360332,0.3873591314,0
1.8704425382,-0.0194403828,1
1.6755133098,0.2132107962,1
0.0956122997,0.4972137282,1
-0.2607677870,0.9561726261,0
1.7621998664,0.3118907263,1
-0.3514877918,0.6631938597,0
1.3129897890,-0.3946624670,1
0.8294380904,-0.8785472096,1
0.0840647344,1.1045967954,0
0.5592386350,0.6948719970,0
0.5579862309,1.0979715238,0
0.8986107002,-0.5626451971,1
0.9826440946,-0.3156635785,1
0.4087409215,0.3361316400,1
1.5483589344,-0.3869519446,1
0.8364736058,0.8357706653,0
-1.3039907779,0.5885154056,0
1.7612752317,0.2047535131,1
0.6179313483,0.7255155214,0
-0.0411185884,1.0894243660,0
-0.1357295282,0.0030928399,1
-0.6343993160,0.8278751349,0
-0.4235028078,0.9513865169,0
1.5084176154,-0.5610108529,1
1.6979798637,-0.1610574564,1
0.1189868581,-0.0709795728,1
1.9987887551,0.2464488584,1
1.2176211705,-0.0336217374,1
0.8445254331,0.4718522557,0
0.1730179136,0.0828146703,1
0.4947252903,-0.6667338312,1
0.6689031117,-0.5381224823,1
0.5982514930,-0.2084472905,1
-0.8990682502,0.2812705288,0
1.2609166294,-0.5199639833,1
1.7732093504,0.4055621344,1
-1.4788591475,0.3360476850,0
-0.0719348955,0.1705561664,1
1.0522043817,-0.3987723159,1
0.5558685780,-0.7722505664,1
-1.1335731347,0.9316804429,0
2.0965622385,-0.2328241990,1
-1.2032984230,0.4006929529,0
0.4461332165,-0.4283374075,1
1.7801962167,0.1866456603,1
1.4303009771,-0.5104992800,1
1.7634598568,-0.0540278347,1
-0.9881181422,0.2480825205,0
0.5615894960,0.8258791226,0
0.7068174752,-0.7821142026,1
1.1104959454,-0.4408693704,1
1.0487931849,-0.3681596504,1
1.9925871451,0.0413521030,1
0.7814689829,0.1174417599,0
-0.2605601207,1.3506784951,0
-0.2880152545,0.6726976286,0
1.9724764441,0.5176982263,1
1.6590959556,-0.1242485471,1
-0.5170002742,0.3378766292,0
0.7734824649,-0.0082861745,0
-0.5225446684,0.5279918354,0
0.8524689812,0.3465902547,0
0.3557997033,-0.4390550305,1
0.7506343348,-0.6675108062,1
0.4564434886,1.0182168327,0
0.5346862612,0.0462434783,1
-0.0023838535,-0.0499268837,1
1.9721109404,-0.0364803552,1
0.4527941251,0.7945188700,0
0.9439139809,0.7888863453,0
-0.2419500553,1.1248235875,0
0.6838271078,-0.4623684952,1
1.6239418382,-0.7165201121,1
1.4364964264,-0.7687062966,1
0.3470312181,-0.2608194282,1
1.7906416358,-0.4757107488,1
0.8351426717,-0.7027155588,1
0.4410517403,-0.0150513187,0
1.5586823847,-0.3185854592,1
1.0574543257,0.4553576237,0
-0.2930780069,0.4694692865,0
0.0332736152,0.4221728257,1
-1.2397620444,0.5733368102,0
1.2069531611,-0.0829829054,0
-0.5179234228,0.3831488385,1
0.2946261696,0.6617584146,0
0.8838017165,-0.4290380816,1
1.0900935154,0.1598995530,0
0.1268008612,1.1038931689,0
0.3263473077,0.6806735224,0
0.4119331750,1.0219812225,0
-0.0485231207,0.7881082470,1
2.1386440345,0.1949339382,1
1.6118548141,0.2736779272,1
1.3728262989,-0.5109220348,1
1.1175679897,-0.3441202963,1
1.3205404351,0.4466957650,0
-0.6022730907,0.9185142777,0
2.0795632367,-0.0036484625,1
1.8049334394,-0.4464709249,1
1.4145122183,-0.6293662449,1
-0.2709046191,0.9704498659,0
0.2836258368,-0.5382039784,1
0.5288510557,-0.2710982415,1
0.6014143474,-0.1980203669,1
1.1238130070,-0.6865017185,1
1.1121224650,0.3926734911,0
1.0492859272,0.1073710556,0
2.3405715908,0.1292059345,1
0.5330058766,0.9104571687,0
1.5539925992,-0.4423425061,1
0.3626655541,0.5568350385,0
-0.0732219671,1.1078063636,0
1.8719176067,0.1221275184,1
1.7150281951,0.3293583995,1
0.8997414376,0.4770245372,0
0.6845790948,0.7272039759,0
-0.8066313321,0.3796488157,0
-0.0230427244,0.9865653068,0
1.7221136031,-0.2457464688,1
1.8553644337,-0.5346266213,1
-0.2948860651,0.5003110196,0
2.3000219416,0.5130292062,1
1.1721947993,-0.3346350299,1
-1.4275361704,0.4514443620,0
1.4873060025,0.1311963912,1
0.1063366829,0.3045323580,1
-1.1724370741,-0.0520174231,0
1.5498862186,-0.5903589852,1
-0.0245927579,0.2567807859,1
2.0632522380,0.2546493309,1
0.7510538654,0.7154697966,0
-0.9400582556,0.7243419115,0
1.3021910952,-0.2899203968,1
1.7134101157,0.0057448749,1
-0.7644880643,0.9316734386,0
0.7838099938,0.9865233520,0
-0.1300300320,0.8620389928,0
-0.4905907309,0.4886413447,0
-0.0161091501,0.3035388393,1
1.0905064070,0.6907536375,0
0.6104128325,0.7282808092,0
0.7423982804,0.4917763768,0
-1.0870125116,0.5362581435,0
0.1242843254,1.0745683940,0
0.2670671489,0.0983292864,1
-0.2765048692,0.9711285439,0
-1.2019455146,0.3533300462,0
-0.0109626069,0.4978655881,1
0.2510984191,1.0397767758,0
-0.1308915036,0.2018485616,1
1.8668381935,0.1078186600,1
0.0478365731,0.8796029582,0
0.8540071679,0.4704569738,0
-0.0189351307,1.1162785383,0
0.5959637315,0.2854812285,0
-0.8579168566,-0.2760267894,0
1.1973090795,-0.5670481505,1
0.8133144042,0.3587244628,0
0.3527573912,1.0573684758,0
-1.1117204161,0.2138201585,0
0.3728542756,-0.8968177723,1
0.3850107210,-0.1824854821,1
-1.1005349789,0.1925969429,0
1.9220671490,-0.1860528015,1
1.4190133675,-0.5974012749,1
-0.2297753458,0.6737771860,0
-0.0016206533,-0.2515546596,1
0.2237673817,0.2170168176,1
1.8412313898,0.3603259220,1
0.6133317449,-0.1352053390,1
0.8439798905,0.2799918440,0
0.9701275340,0.3748957393,0
1.6917404284,-0.4111136654,1
1.7622029172,0.4792783671,1
2.1925139626,0.4743844197,1
-0.3988421388,0.8829843074,0
0.0752077891,-0.4218127346,1
0.1558653496,-0.1781989811,1
1.0595776941,0.7146141274,0
1.1061192289,-0.4215524641,1
0.8482313374,-0.3577597327,1
0.9617922641,-0.3876515711,1
0.6541020395,-0.5014105073,1
0.0067726877,1.0415106353,0
-0.2730060605,0.8150268238,0
1.6760764133,-0.0922940790,1
-0.0015564903,-0.1338973869,1
0.0072690933,-0.0782846679,1
1.8358478506,-0.2002477840,1
0.7263657826,-0.6138260696,1
0.0872882831,0.0084839789,1
0.9288563216,0.3620591782,0
1.9521945693,-0.0631219466,1
0.5226005263,-0.3890943734,1
-0.6351581287,0.2399229374,0
1.0185715922,-1.0083480102,1
-1.0273468477,0.7088985199,0
0.9270580407,0.8450862790,0
1.9644678970,0.0903567103,1
0.7172220840,0.2699607372,0
-0.1179626287,-0.2020703727,1
0.9542795641,0.9532297198,0
1.4883665357,-0.3716459681,1
2.1930346818,0.4406348288,1
-0.8581850273,0.4258047866,0
0.5260179356,-0.7778891952,1
1.0656554567,0.3356275589,0
0.6517526280,-0.9279397754,1
0.4320439353,-0.4933612482,1
0.1977459605,1.4295719220,0
0.5951592343,0.7094599262,0
1.8250047603,-0.1489450319,1
0.7927784487,0.5336440512,0
0.9762844289,0.1603914969,0
0.7620306767,0.7077756802,0
-1.1428840473,0.4326494487,0
1.2785226741,0.3061030924,0
0.8047264385,0.5075103721,0
-0.0667174140,0.4649991297,1
-1.0583537352,0.1101154618,0
1.8234346856,-0.4212540518,1
0.9554887780,0.3335699685,0
0.6674244548,-0.4990951000,1
-0.2766574894,1.0780467346,0
0.1148951661,-0.2381310318,1
0.2183104312,-0.1484007514,1
0.1190487925,1.0288458268,0
-0.2328801548,0.5697079896,0
1.5656427549,-0.5832072891,1
0.8001199707,0.5480984746,0
1.7817948002,-0.3704290791,1
0.9201532751,0.1755783334,0
1.9822851835,0.1506112097,1
0.6819714801,0.5510003180,0
0.5159012234,1.1301365981,0
0.1752070621,0.3052897133,1
0.2661908943,-0.1819785728,1
1.2426400938,-0.0196023354,0
0.1356472317,1.1651695620,0
1.2685421245,-0.9217375071,1
1.7191609453,0.3744314747,1
-0.1306417120,1.1291727049,0
2.0579097809,0.0898440912,1
-0.8184739701,0.2871916665,0
0.9857399859,-0.4302614589,1
1.1655922843,0.4313346921,0
1.0259840911,-0.5165030509,1
1.1215605300,-0.5255869907,1
0.2590541183,0.3295710573,1
1.2303724976,-0.3833206129,1
0.3627076985,-0.3061558880,1
1.6602023873,-0.4134096074,1
0.1684627399,0.2697955680,1
1.7318758345,0.4225963303,1
-0.9350740430,0.2147051927,0
1.3569559714,-0.0551211698,1
0.6076656546,-0.5266420395,1
0.6581395591,-0.5898259964,1
-0.5570294315,0.5752534950,0
0.8641388745,0.2895183708,0
1.7297443786,0.0726521686,1
1.6992355125,-0.2771775705,1
0.2774517195,1.0066913027,0
2.1181631545,-0.0661541208,1
1.0558724732,0.2844282198,0
1.3505123944,-0.7405647558,1
-0.0140744486,-0.0079212198,1
1.7227235129,0.1522855556,1
0.6639404100,-0.4016911898,1
0.5042026557,0.9075064506,0
-0.2775696059,0.9420340445,0
0.0664375660,0.8023724696,0
1.8200716922,-0.1233560322,1
0.9008847500,-0.7172560860,1
-0.0186777333,1.4627438407,0
1.8639315345,-0.0436203868,1
1.0090101899,-0.4277013227,1
-0.7387652976,0.7741196011,0
1.4681089821,0.5607144785,1
0.5267346427,1.4625890228,0
-0.5649057248,0.8745607152,0
2.0713391205,0.4160345263,1
-0.1907936228,0.2867161509,1
0.4784617298,0.8224091377,0
-1.0211750971,0.5055830600,0
-0.6396921685,0.7893144275,0
-0.4449075841,0.9863299192,0
0.0427624031,0.3406058859,1
1.3555490494,-0.2865618308,1
1.5743218762,0.2393056803,1
1.8948101695,-0.2542596456,1
1.4283135111,-0.3848385895,1
1.8264710596,0.2675521826,1
0.4960698749,0.4150516339,0
1.1885110385,0.1879498457,0
1.2436994826,-0.2031041510,1
-0.1199735669,1.1290540116,0
0.5885045359,0.6305306567,1
-0.2972820738,0.9265586592,0
-0.2687664561,0.7412106619,0
0.6260125229,0.9816903210,0
1.1721273709,-0.6793389474,1
0.5464188373,0.8755280873,0
2.1847165172,-0.1649923462,1
0.0595789508,0.1270774054,1
-0.8276769722,0.2272738675,0
0.1012741808,0.7212476817,0
1.4733690359,0.0178148429,1
0.9005239207,0.0905388924,0
2.1238160430,-0.1267007853,1
-0.0453694451,0.3202529244,1
-0.0474080513,0.0904525653,1
0.6999492652,-0.4010804355,1
0.2283594020,0.3114596605,1
0.4193900601,0.4215226390,0
0.8553033319,0.4102566435,0
1.3041485291,-0.4275616316,1
-0.1966354786,1.3991117735,0
0.7252194371,-0.5270036570,1
0.8211195804,-0.4814023616,1
1.2082261068,-0.1423641971,0
-0.3799547869,0.9245347559,0
0.7957330410,-0.4440601542,1
0.7305916422,1.0006241252,0
-0.6820005244,0.8366484242,0
0.1637128398,0.2605299116,1
1.7091887784,-0.0513833365,1
0.0978490922,-0.0218602428,1
1.1475288944,-0.5822057571,1
-0.1977116789,1.2593563457,0
1.1463267439,-0.1084856537,0
1.9008557856,-0.6185742746,1
0.7975015419,-0.2767176261,1
0.3796693520,0.9808820392,0
1.2106041016,-0.8412185054,1
0.5050838684,0.6625420338,0
0.7569950924,1.0354346160,0
1.8004401253,-0.0621226604,1
-0.4580604321,1.0416807783,0
-0.1349800979,0.3502007166,1
0.8853122092,-0.6487653071,1
0.8025515356,-0.0452084512,0
0.8236680763,-0.0648284501,0
0.9869806883,0.4197944672,0
-1.1472804712,0.0167447222,0
0.9430984539,-0.3541558081,0
-0.0203287658,0.4343885668,1
0.1816215966,-0.0977663606,1
0.2732120512,-0.4826355394,1
1.3943714342,-0.5896345637,1
0.0656937553,-0.0026335580,1
1.2813952163,-0.8204283080,1
1.0772683354,0.5451770480,0
-0.1088542201,0.2316171604,1
-0.4600046413,0.1607534482,0
0.3630940394,0.5928846106,0
-1.0715253035,1.0270170867,0
-0.7581136098,0.4036113548,0
-0.8174851530,-0.0729654338,0
0.7896253824,0.4893760575,0
0.6397971172,0.4687640444,0
0.2055633179,0.1489214279,1
1.9649606967,-0.1876175485,1
2.0980640353,0.0169430057,1
-0.7657286754,0.2750656070,0
0.4961850753,-0.1159676110,1
1.3537705014,-0.5137399744,1
0.6489057042,0.9732720079,0
0.2371155420,1.1144562755,0
-0.8319347610,0.1690706451,0
-0.3663263991,0.9112894533,0
-0.1836897523,1.0200112394,0
1.5062142294,0.0216970978,1
0.0559511482,0.7826970086,0
0.6785886588,0.2530112623,0
-0.6206767511,0.6865421608,0
0.5473253235,0.9762177275,0
-0.2409085997,0.7636504329,0
-1.1327338651,-0.0638688865,0
-0.9948346783,0.4271713500,0
-0.2262563411,0.8757374078,0
0.0933673471,0.1769575157,1
-0.5511200887,1.4624579358,0
0.2473125047,-0.0277692870,1
0.1269545696,-0.2079871191,1
1.8215459768,-0.4141935855,1
0.7544075545,-0.1654065893,0
1.9721088442,0.2299316320,1
2.4756916156,-0.0066521975,1
0.2579570042,-0.4206821426,1
0.1071188553,0.6019915098,1
-0.8069925075,0.9786933564,0
1.7517054590,0.2728691149,1
-1.1478564018,0.4806526963,0
-0.0388965782,0.4141321307,1
-0.5566437829,0.5923207208,0
1.2812420274,-0.3232500706,1
0.3353024358,0.0969027060,1
-0.3976361996,0.3731826749,0
1.1853825009,0.0072321239,1
1.9308835006,-0.1762600231,1
0.3303347619,0.8845695284,0
2.1475441590,0.3236246602,1
-0.1307769390,0.1785423753,1
1.8727498340,0.2322077823,1
-0.3660348044,0.8139309928,0
2.0733088795,0.2819802858,1
-1.1126662917,0.4777819797,0
-0.2224927795,0.0307980621,1
1.7347310459,-0.2574399945,1
1.2687640131,0.0732059108,1
0.6186395858,0.7491088546,0
-1.2192324191,0.2406989878,0
-0.8720266085,0.5745066936,0
-0.8873176879,0.1297483333,0
1.4954910137,-0.4557890745,1
1.9774991272,0.5121808983,1
-0.8462302389,0.3855352755,0
2.0225417025,0.1844214987,1
0.9994902148,-0.3121311236,0
-0.8017181842,0.6976468382,0
-0.8055381858,0.6620587560,0
1.9869583012,-0.4561062648,1
-0.3719766215,1.2250578040,0
1.2364865701,-0.3778757780,1
1.8215742980,0.0320594225,1
-0.3652745050,1.0329415561,0
0.0504293431,-0.4211483558,1
1.0057494851,0.3701131129,0
0.7257092901,-0.1440128906,0
-0.7902027680,0.1120372376,0
-0.0433298886,0.2426566897,1
1.5443314599,-0.4659768513,1
1.7041941810,0.0320066401,1
1.1663959550,-0.6842882896,1
2.2804546554,0.8956668581,1
0.7347657934,-0.5489336419,1
1.6251509127,-0.2154772710,1
0.9066569276,1.0592307335,0
2.1330263225,0.1952475577,1
-1.0473590157,0.1540156069,0
0.0895434325,0.9361194960,0
0.1622120287,0.1005430931,1
0.4725376357,0.2680520599,1
-0.1077098047,0.0909617912,1
1.8071598516,0.1153623831,1
0.2129682160,0.1819370611,1
0.7770440642,0.3917636129,0
0.4636052738,0.8144151582,0
0.5475050817,0.6346008190,0
0.4145770096,-0.1195138346,1
0.7650923957,0.6224607607,0
1.6835699172,-0.4615135627,1
-0.0503632867,1.0189055935,0
0.1679517693,0.2023885148,1
-0.6803536385,0.7217108832,0
-0.4424378779,0.7459304120,0
0.2278675699,0.3864043640,1
1.7819959569,0.3688270942,1
-0.5411369868,0.5434753614,0
1.3559106929,-0.5094308699,1
0.5443042112,0.6788904939,0
-0.8643523774,0.5651907032,0
-0.7072255445,0.8620772584,0
1.0814188632,0.4462960257,0
-0.6257636573,0.3091822002,0
-0.4252511876,0.7624433722,0
0.3681535294,0.9741311229,0
0.6908512632,-0.3226748702,1
1.5985300612,-0.4573838154,1
1.2218513780,-0.3124318377,1
0.2011505256,-0.2135777157,1
-0.8204287383,0.5573227989,0
1.0674921023,0.0311745022,0
-1.2113045534,0.2055270025,0
1.4156610137,-0.3088134409,1
-0.4555768434,1.0101835984,0
1.8730125131,0.2380647319,1
0.3340050908,1.0380322151,0
2.0320200219,0.1622902328,1
0.4441108631,-0.3834571609,1
-0.2061558561,0.7070567009,0
1.1974803805,-0.6824784190,1
0.8834053227,-0.6147378638,1
0.8091796641,0.3962894639,0
0.1955325105,0.1294254091,1
0.9844725893,-0.3589029100,1
-0.6077671428,0.6991030482,0
-0.8047938047,0.2471898065,0
1.7965755860,0.5062673524,1
1.6550947696,0.1476478168,1
1.7792488007,-0.3594689892,1
0.9774375747,0.0810858466,0
-1.0265135307,0.3942273741,0
2.0805104706,0.4502086910,1
1.6680400882,-0.4634856988,1
0.8144107851,-0.5211266374,1
-0.7936665569,0.9964014502,0
-1.0745167307,0.5233097686,0
-1.1363050679,-0.0409019499,0
1.9170438695,0.1378034413,1
0.2716934682,-0.1937135339,1
0.7853275012,0.5636490918,0
1.3966102407,-0.1523321342,1
1.5271391228,-0.1286945906,1
-0.3796460786,0.9487186624,0
-1.1724154390,1.4028759102,0
2.0046365063,-0.0569677325,1
0.6456174375,-0.9197292805,1
1.0148441404,-0.4926918051,1
-0.8539472020,0.9377388134,0
1.8842812447,-0.2157589895,1
1.0705634125,0.1735787787,0
-1.0236633380,0.4708918058,0
0.2840712215,1.0077675955,0
0.4247128855,0.5019321209,0
-0.1256738430,1.1069097053,0
-0.8752544505,0.2437282792,0
0.6627080894,-0.5351068505,1
0.0939021166,-0.3809352896,1
-0.9135119861,0.8341407307,0
-1.0541894494,-0.0495355774,0
0.6841988987,0.3267939780,0
2.2110848573,0.0557618723,1
-0.7079034209,0.5276040080,0
0.3734857763,-0.1697481376,1
1.0960562951,-0.5639615900,1
-0.0188651495,1.1443012333,0
0.8215490199,0.7741832828,0
1.7970314205,0.1012020996,1
-0.9038013206,0.7456870473,0
1.4092569110,-0.1880742531,1
1.3862085751,0.3883640226,0
1.3427799934,-0.5667065104,1
0.4151911604,0.6921560178,0
-0.0758371781,0.9438145973,0
0.1150800063,1.2448405166,0
1.2284493679,-0.2775569203,0
0.0753357387,0.2586016817,1
0.1623721906,-0.6120559422,1
-0.6255982396,0.5158326123,0
0.5488236824,0.5052038723,0
0.1488810442,-0.2930859317,1
0.1697747917,0.6665766325,1
-1.1274307005,0.1188144446,0
-0.6138129133,0.8993023848,0
-0.8182745289,0.7150647949,0
-0.3818206413,0.2652521451,0
1.8066552425,-0.0956607362,1
1.7292688354,0.4468772550,1
0.4223794824,-0.4362822153,1
-0.5340776570,0.8881846999,0
-0.1132398470,-0.0574987826,1
0.6728803969,1.3014871781,0
0.1629036893,0.3277680308,0
0.9049344629,1.1753149593,0
1.2498037727,-0.5615194171,1
-0.1210027635,1.1287733321,0
0.8419758402,0.6472846696,0
0.6074955413,0.7415075500,0
-0.2477079964,0.4575252914,0
0.4113352316,0.8655254235,0
1.0593896774,0.8231077372,0
1.0861411482,0.1589554130,0
0.9512439625,0.0959550978,0
-1.0483629733,0.1926214707,0
0.7179785837,-0.8173872232,1
0.6954576869,0.7588182182,0
1.1446981426,0.0411633907,1
0.4001361813,0.5174701040,0
1.4841122266,-0.6546092765,1
0.2351573057,-0.1676015556,1
-0.6952624541,1.0384871507,0
-0.0498512099,-0.3194409421,1
-0.1308590459,0.7629969248,1
0.3077057402,-0.4952580363,1
0.0559790651,0.8032440064,0
-1.0173409489,0.6745868538,0
-0.7216538858,0.7837538575,0
-0.2707251643,1.3324781390,0
0.4141026373,0.9417360650,0
0.3265096471,-0.2320981950,1
0.8831400585,0.5867070112,0
0.6925195695,0.8678230752,0
1.0195538784,0.2014098919,0
0.4149542854,0.8255528941,0
0.5944901417,-0.7783430205,1
2.1492980105,-0.1970975115,1
0.5156254194,0.0721580756,1
1.4236221707,-0.0584112659,0
-0.3954502137,0.9313282691,0
1.8101818075,-0.3199040490,1
0.6293664642,-0.2146071657,1
-0.8372101465,0.4982021032,0
-1.0605796372,0.7228067890,0
-0.0770882967,0.9887444396,0
0.0918764149,1.0751409946,0
-0.8015485357,0.9332570104,0
-0.0282417624,-0.2514576861,1
2.1953611705,0.3897513703,1
1.2472003653,-0.0421110165,1
2.3169341805,-0.0078887727,1
0.6561040463,0.6419089416,0
0.4633621904,0.7554290811,0
-0.3075197127,0.9853303750,0
-0.6669387190,0.1769660467,0
-0.0106599728,1.1591614094,0
1.0262384299,0.1142163762,1
-0.0893209623,-0.2301860753,1
0.1442048892,-0.0912806775,1
2.0120878006,0.6420802647,1
-0.0225435370,0.3008830327,1
0.7309427453,0.6689607825,0
-1.0010335412,0.7846666268,0
0.2675935846,-0.4157119408,1
1.3129329533,0.6699510086,0
0.5045787979,-0.6250846814,1
1.6616125546,-0.1931545582,1
2.2479032242,0.0239548544,1
0.8553826067,0.6261537132,0
0.4498872282,-0.3921435953,1
0.3943128864,1.1475119721,0
2.1570157619,-0.1204240813,1
1.1996487283,-0.4658029454,1
-0.6790694471,0.7487284132,0
0.0989718265,0.5606872967,0
0.7225156981,-0.8295607042,1
0.9834245963,0.6606931042,0
-1.0243254329,-0.0378894938,0
0.7661928688,0.0065675592,1
-0.5144611330,0.7103705728,0
-0.4101827461,0.7443023029,0
-0.1360340247,0.2553845398,1
1.1452459748,0.2364747469,0
1.4265052641,-0.3133659472,1
0.0707324521,0.8707579001,0
1.9403770061,0.0623113071,1
-0.2183618647,0.4327225350,1
1.6780088657,-0.4362352967,1
1.8054357001,-0.6652562542,1
0.1855650921,-0.4000655833,1
-0.8101155054,0.1801157416,0
1.3703283478,-0.7368122995,1
1.7028436109,-0.1518887865,1
1.9643075544,-0.3684472697,1
0.2618464629,0.1595565106,1
-0.4278635274,0.5665724328,0
1.2430299632,-0.4613020148,1
2.0272751781,0.4811550282,1
0.1939495698,0.5293294155,1
1.6418431500,-0.3674391932,1
-1.0839000385,0.2960973599,0
-0.8572330760,0.4030834533,0
1.5030286771,-0.1836922610,1
-0.6620635684,0.8410337431,0
-0.2151854188,0.7288689914,0
1.2275204867,0.1622761881,0
-0.5818468483,1.0801405362,0
-0.3476368519,0.4376524699,1
1.7153335094,-0.3314450554,1
0.9953402655,-0.6053192866,1
0.6183411009,0.4903452497,0
0.3551982101,1.1044418335,0
0.3366413758,-0.6551720242,1
-1.1106249856,0.0363511471,0
-0.8848354619,0.7683807287,0
0.8690016706,0.8206153939,0
0.9511561192,0.1825780052,0
0.2264158538,-0.3628747655,1
0.8916584144,-0.5163132271,1
2.1208466878,0.1457734900,1
-0.0785486979,-0.2147794368,1
2.5307158950,0.4263425334,1
1.1861190964,-0.5911341623,1
-0.7838501359,0.5824789364,0
0.7331647293,0.5439679306,0
-0.2801788485,0.8605717711,0
0.1717389200,0.9180708452,0
-0.1580586367,0.6449688111,0
1.4561214901,0.0509705689,1
2.1121830202,0.3641680401,1
-0.0727750298,0.3275427375,1
-0.2408407154,0.8609206203,0
1.4560607275,-0.2693651184,1
1.8091143304,0.1409308565,1
-0.2727394611,1.1255806892,0
-0.6000029846,1.0018104576,0
0.7432841198,0.4241341561,0
1.4812145115,-0.6833246804,1
-0.2549841960,0.3854013219,0
1.7596000907,-0.5470015867,1
-0.4002935777,1.2893900974,0
1.4074725249,-0.8418106071,1
0.7629219988,0.5674743469,0
-0.3035525796,0.7892946139,0
-0.8136299100,0.1702554328,0
0.2227722090,-0.9204230102,1
0.3924496865,-0.1079969397,1
-0.1255835737,0.3166002050,0
-0.9209021057,0.5358784662,0
-0.4302276652,1.0092902183,0
1.8657850154,-0.0765676963,1
1.2305709606,0.5679820917,0
1.7181842447,-0.1142768045,0
0.3797198836,1.2883749991,0
1.8351563795,0.7140775034,1
1.0830279834,-0.8842694356,1
1.1955682027,-0.5057872503,1
0.9776881280,0.3485733068,0
0.2839560572,1.2166175663,0
1.9539954376,0.1357872383,1
0.1777905849,0.0637698049,1
-0.6015912363,0.6153711705,0
2.0639806457,0.2649588585,1
-1.1109568989,0.3203651649,0
-0.9693787003,0.8260512766,0
0.9554943422,-0.6469676383,1
0.1281201118,-0.4983880876,1
2.0266613692,-0.1378090440,1
0.4144556588,0.0448872460,0
0.5995632063,0.6128449602,0
0.6091699728,-0.2205455176,1
0.5406929072,-0.5370411593,1
-0.2194987094,0.7219915447,0
0.3535151410,-0.3625575523,1
0.0061855541,0.2751715005,1
-0.4137686104,0.8556079175,0
1.9334755683,0.3921403276,1
1.4419637852,-0.3444604572,1
0.5612207412,-0.1419104938,1
-0.3511600229,0.9496065044,0
1.7613132078,0.2155974467,1
2.1713210413,0.0734203044,1
-0.3641913550,0.6672143857,0
0.7006512276,0.2258065661,0
0.0840013061,0.3692119381,1
1.9068648692,0.0345922146,1
-0.5085347958,0.4766513612,0
0.5540910043,-0.9557495010,1
-0.8129242681,0.5116938408,0
0.0700446889,0.6525703965,1
0.5825735387,1.2483804596,0
2.0138951956,-0.0750125477,1
1.9750191377,0.4776725367,1
-0.1600731045,0.9133263990,0
0.3921751583,0.2098118328,1
0.6231852492,0.3103905805,0
1.1396421923,-0.5806589959,1
0.5116373978,0.7109059077,0
0.3509941474,0.2368347514,0
-0.1956946339,0.9105405027,0
1.6672332906,0.0011920818,1
-0.0179951979,0.4548664393,1
2.1741725347,0.4460105763,1
0.5185505943,0.6227992702,0
-0.2594857560,0.4589345566,0
-0.3252402709,1.0234288134,0
1.2480103024,-0.1877619407,1
2.3376140156,0.6956421274,1
0.6237302901,-0.2622792667,1
1.1761666888,-0.2714391506,1
-0.0465650953,0.2658588500,1
-0.5341826191,0.9157745837,0
0.5507029110,0.2770641089,0
0.8025800130,-0.8813089886,1
0.5734461348,1.0227681788,0
-0.3563611545,0.7701569554,0
0.3947149508,0.9920845202,0
0.2922175718,0.8102275684,0
0.7479126766,0.7225670697,0
1.6260931952,-0.2801832322,1
0.3145229261,0.9002137902,0
1.7070880967,-0.2466565704,1
-0.1387449926,0.9720363522,0
-0.0233110496,-0.2244528974,1
0.1236078449,0.8272334237,0
-0.2966273829,0.3126785221,1
-0.6513555043,0.5421319271,0
-0.0184439939,-0.6507137582,1
0.2076821296,0.2002409920,1
0.4123430651,0.8236745197,0
-0.1026134351,0.4940662415,0
0.5082339400,0.9923437953,0
0.6298591789,-0.2501676906,1
-1.0320959628,0.7126703860,0
1.6078008655,-0.7121527204,1
0.3706261985,0.7694916951,0
-1.3389993458,0.1321295927,0
1.2114658668,-0.7242094158,1
-0.6307838517,0.3485272467,0
-0.6597762655,0.8370610051,0
1.4392855214,0.2673383619,0
-0.1381228260,0.5318372300,1
0.8721043265,0.1226675367,0
0.3515984785,-0.1758346232,1
-0.3750141003,1.2214050435,0
1.6116450073,-0.0029286822,1
-0.7906442231,0.3009633993,0
1.5867816502,0.1148272978,1
2.2064425228,0.4474371042,1
0.7769902606,-0.3601968367,0
-0.7119353743,0.8866192171,0
0.8578130876,0.0240945566,0
-0.0964835586,0.0372163630,1
0.0955172837,0.4586343527,1
1.7407583701,-0.3587144783,1
-0.7108273993,0.2891137889,0
1.8550972024,0.0505597125,1
0.6726958778,-0.4430180117,1
-0.7392106519,0.7146189089,0
0.8319392054,0.6998358080,0
-0.8651464276,0.6021506899,0
0.1706032627,-0.0069864763,1
0.2202595834,1.1793826331,0
1.2218150893,-0.3770631473,1
-0.7232841481,0.8834127037,0
1.7531963246,0.1562979397,1
0.6663121443,0.9222011881,0
0.0249452825,0.1847968075,1
0.1602394439,0.9531838362,0
2.1944270263,0.3802352167,1
1.0470549897,0.3926191618,0
0.6094201504,0.6414359215,0
0.0679891850,0.1518513768,1
0.3416774381,0.4884642503,0
0.9407254323,0.2896479407,0
2.0738013691,-0.0349622999,1
0.7997324099,-0.3985539438,0
0.3214093583,0.3506508958,1
-0.5662077011,0.5320316069,0
-0.6017503012,1.0908674355,0
-0.0597213111,0.1238110894,1
-0.5508758852,0.4220644701,0
-0.6831661104,0.8943607795,0
1.9378307984,0.2745574251,1
0.6532500385,0.9812992130,0
1.0812763349,-0.5285310942,1
0.4731908387,0.5116710886,0
-0.1965192088,-0.2905938065,1
-0.0546246134,0.4147265426,1
2.3170652551,-0.0258429757,1
0.0050585072,0.6378314104,0
0.7936242244,-0.5282118887,1
-1.0546487541,0.1232348934,0
0.6517072284,-0.6761358240,1
0.6927579212,0.5404441794,0
2.1989134006,-0.4374688590,1
0.7163607916,-0.0858903082,1
1.3905008050,-0.6325173915,1
0.1626642452,0.8092683962,0
-0.8410119950,0.8757325719,0
-0.8329447482,0.6809655478,0
-0.7676002948,0.6623817669,0
0.4965852169,0.5992357698,0
-0.6365818538,0.6492102427,0
-1.1038096550,0.2564473171,0
-0.4051662465,0.8896530387,0
0.4940594098,1.1271766590,0
1.0126958636,-0.5775841214,1
0.7786429182,0.2927971786,0
0.3967047713,0.9665347274,0
1.9392412981,0.1672744895,1
-0.1439228609,0.2908701071,1
-0.0136276331,-0.1635950205,1
0.7731385404,0.6022858966,0
0.2019866980,-0.0871722721,1
1.1462952442,0.3394910396,0
0.3195375292,0.0319008468,1
0.9847651896,-0.3671228272,1
0.1098014502,-0.2158668884,1
1.6127350630,0.0482232315,1
0.9001712637,0.5021807515,0
1.8110195787,-0.2573615234,1
2.0586355360,0.0831909421,1
1.9910257215,0.3042436491,1
0.8290281267,-0.5213822724,1
-0.4689972153,0.7272861036,0
0.8870303840,-0.6636346342,1
1.6806697149,0.3502068785,1
0.8625347164,-0.3943081141,1
-0.2439804487,0.9023751197,0
0.6917184689,-0.2942228323,1
-1.0405948264,0.1615122661,0
0.0277565831,-0.1828438449,1
0.2026765297,0.9898180942,0
-1.1414614543,0.3455012982,0
0.6681082644,-0.8422648585,1
0.4831148399,-0.3588906018,1
1.2448117756,-0.3230529250,1
2.1170359626,-0.1719710538,1
0.1467111212,0.1797199247,1
1.1288650904,-0.5033656127,1
-0.1657044257,0.0788464807,1
1.0831856231,-0.4644200581,1
1.8452715002,-0.4658388035,1
1.1190096022,-0.2154614282,1
1.4446833893,-0.5479809892,1
-0.5755773883,0.5977223227,0
-0.1377648579,1.0290447706,0
0.8693115264,-0.7726521713,1
0.5959523569,-0.3425486999,1
0.2983067598,0.9930114885,0
0.9974628874,0.6001348427,0
1.2552282452,-0.7138122308,1
1.1979024863,-0.4724203943,1
0.0291409779,1.0961395589,0
1.6616402568,-0.5295990717,1
1.1609936597,-0.2479780961,1
1.4699852438,-0.2904024134,1
1.7679219384,0.2293966474,1
0.1410450310,-0.0674446543,1
0.2408679461,0.1327410223,1
-0.1699673161,0.6464843640,0
0.8291147378,-0.6459779861,1
2.0358338375,-0.0280778327,1
0.6915918992,-0.5634673994,1
0.1543674972,-0.1829868112,1
2.1539568412,0.1450604608,1
1.0661941921,-1.0282060373,1
1.2033920329,-0.4252513375,1
0.8461968302,0.5366103811,0
0.1791064791,0.3354603883,1
2.0475910737,0.4182417918,1
1.4406557116,-0.5950809713,1
-1.1727504067,0.6566349403,0
0.2279482679,0.0839248424,1
0.6506712812,0.4199826572,0
0.1020629878,0.3308025626,1
1.5891812914,0.3598175870,1
-0.6733829328,0.5629983488,0
-0.2988880733,1.2211305349,0
-0.2967853270,0.4318523608,1
0.1343121072,0.5305739004,1
0.2485809071,1.2142551458,0
0.4532102655,0.5787933939,0
-0.2389613086,0.4761614727,1
1.7097940612,0.2699147780,1
-0.3489806868,0.1915530981,1
-0.2381794024,0.6083511348,0
0.6613531496,1.0568254733,0
-1.2876334994,0.0501661029,0
0.7274003601,-0.3834390985,1
0.8405232902,0.1960462727,0
-0.0602093569,0.6708036645,0
0.5761826688,0.6738722515,0
-0.5104766815,0.3479916101,0
1.6674496309,-0.6688377006,1
0.4989697908,1.1781895747,0
-1.2902699004,0.8061013589,0
0.0222737037,0.4308791274,1
1.8935379555,-0.5430220030,1
-0.1835783943,0.7646604138,1
-0.8627638473,0.8869249981,0
-0.1648702358,0.2477373482,1
1.1127876758,-0.0110434459,1
-0.7211751883,0.2238452655,0
-0.3040052678,0.5287930566,0
0.5425713366,-0.4620464924,1
2.1206556823,0.5752388904,1
0.1594830569,0.1155504054,1
0.8979304062,0.3490712797,0
1.0229272411,-0.6061163556,1
0.1205605830,-0.4003588310,1
1.6392599308,-0.2760669115,1
-1.0317614328,0.5004031176,0
0.4763933817,-0.0328485759,1
0.6860987293,-0.3858490451,1
0.2720741401,1.0060445788,0
-0.9842576634,0.5827236070,0
1.8743515165,-0.1460354028,1
0.8136996394,-0.3015701324,1
1.1797732721,-0.0990691856,1
-1.3457338435,0.6520121013,0
2.0168758247,-0.1369845373,1
0.5395156615,-0.1842884794,1
1.3483806186,0.1695643406,0
-0.5865480868,0.9153858256,0
0.0579655915,1.0091564177,0
0.4904396687,-0.3445946072,1
-1.3424808512,0.7631608694,0
0.0224812676,-0.4829391774,1
-0.5979756319,0.6321535903,0
1.2560117804,-0.0534866197,1
0.6783587530,1.2997464191,0
0.8296161356,1.3057063155,0
0.4472219977,0.7829450257,0
0.3493101946,0.0571760784,1
0.1604128719,0.6310802573,1
0.9987925692,-0.8295636485,1
0.0876207728,0.0805386656,1
0.2211889330,0.9649585683,0
0.8270656645,-0.0760424946,1
1.6229603032,-0.2527499377,1
-0.0388813691,0.8144793361,0
1.4899316340,0.0789868803,1
0.7551258257,-0.5551159388,1
-0.9265776371,0.8631305854,0
-0.7063524831,0.7638082941,0
0.6269318714,-0.5536971182,1
0.3715605812,-0.2460001550,1
0.9281288174,-0.7506540781,1
0.6573533681,1.0949786414,0
-1.0283376451,0.1274770291,0
0.4318269761,0.8050976032,0
0.3734729578,-0.0816639351,1
0.1058819739,1.2469195263,0
0.9422013020,-0.0483818700,1
0.5116548905,-0.5611827895,1
1.0670010665,-0.4634653643,1
0.8531213537,0.5663808793,0
1.8418359234,0.1505120521,1
-0.4018677857,0.8573444591,0
-0.4359501161,-0.1086086600,1
-0.1664360148,0.5893147235,0
-0.1441597926,1.4088463846,0
-0.1655612007,0.7236742745,0
1.7417621896,-0.1199210315,1
1.1613861910,0.1884276036,0
0.8105962489,0.1225168559,0
-0.5099327651,0.9992708037,0
0.2592182913,0.8639917453,0
0.9095351001,0.4310047101,0
2.2482046825,0.4363920537,1
0.4836177620,0.4126721519,1
0.0877805963,-0.1337937472,1
-0.8839233937,0.6570617521,0
1.4565814164,-0.4101767901,1
0.8082232476,-0.5231264178,1
0.2535104165,-0.2847142535,1
1.7560324610,-0.0550689275,1
0.4461000399,-0.2035886130,1
1.3783471761,-0.3960039935,0
-0.3287068491,1.3260866178,0
0.1752114317,-0.1334680552,1
1.1249857610,-0.5357364802,1
1.0900265481,0.0024288998,0
0.8741190512,-0.7044153351,1
0.7839085434,-0.5839838058,1
0.2381951470,0.6491056759,0
0.2773809075,0.8895834699,0
0.0727932123,0.5561801589,1
0.7232917162,-0.7348927133,1
-0.6460326079,0.5818032278,0
0.6676253422,0.4937695630,0
0.2187840296,-0.4794249117,1
-0.3019789057,1.0810102442,0
0.9413566492,0.1429366518,0
1.1273316373,-0.4214342025,1
-0.0380000452,-0.2684796638,1
1.0016673785,-0.7056739303,1
1.5127600410,-0.4390744534,1
0.8583247126,0.5799637228,0
-0.4787949108,0.7335560315,0
1.3279207095,0.3131023359,0
0.5130736871,-0.7295021051,1
-0.7835700235,0.2253161210,0
-0.7637688750,0.4503719836,0
1.6597970410,-0.2099906311,1
0.6955574352,0.3838830913,0
-0.0911972040,0.9837341432,0
2.0631470069,0.4731263381,1
0.1475229600,0.1236090216,1
1.4011372731,-0.4231270231,1
0.6756991598,0.5359898980,0
1.6738015047,0.2397511835,1
1.2407756433,-0.6276444575,1
0.3866624371,1.4786817281,0
0.1086458529,0.9021705540,0
1.6674825402,0.0264014776,1
-0.7914321325,0.0941160577,0
0.6406962445,0.8655336766,0
-0.1854733219,0.1836097988,1
0.5411145419,-0.5324185522,1
-0.0911381283,-0.0136144691,1
1.7174125111,0.0675578700,1
-0.4005054611,0.6842850092,0
0.2783735741,0.7647245330,0
1.0872865290,-0.3828766711,1
0.8973167734,0.2468715461,0
0.3986808913,-0.1056601099,1
-0.6138536788,-0.0356873742,0
1.2498818312,-0.1378845389,0
1.3302149936,-0.6053446049,1
1.8449422521,-0.3121774883,1
-0.7079919712,0.7922522532,0
1.0023420557,0.3754994005,0
0.4514920497,-0.7296546317,1
-0.4304456990,0.7876632020,0
1.2989129736,-0.5719603364,1
0.9158294289,0.1516909788,0
2.0755275772,0.3491172464,1
0.2857019037,0.8577338349,0
-0.1935977639,0.7891565356,0
0.1115931160,0.0003986972,1
1.0036158139,-0.4370635562,1
0.3700732597,-0.3308690560,1
0.1262656414,0.0310620491,1
1.0894442646,0.4642199399,0
-0.7214425796,0.8437007736,0
0.3965735743,1.0289624248,0
0.9471718735,-0.5260442005,1
0.4937769663,0.8946990674,0
0.2241846296,-0.3271576874,1
-0.9268963870,0.6651960597,0
0.5411320967,0.8633674640,0
1.0406626068,-0.3223875306,1
0.6648046666,-0.4066311888,1
1.5382139465,-0.6851842050,1
0.1720282838,-0.6059014693,1
0.1717370426,0.0352232282,1
0.0986688122,0.4557961456,1
-0.9219556218,-0.0758655351,0
-1.2526900633,0.4304659521,0
-0.8153933327,0.0035379820,0
0.2046214269,0.0522627652,1
-0.4669317083,1.0189527208,0
0.8966539598,0.2146229863,0
0.5829035235,-0.4014744231,1
0.2528327538,0.6910539263,0
-0.1813786750,0.9226697373,0
-0.5142770812,0.5858532180,0
0.6502547419,-0.1693000160,1
1.9466221062,0.3589108930,1
0.7247025581,-0.1915885715,0
1.6533239754,-0.5530076403,1
0.2522694111,0.6746401653,0
0.9547406101,0.3795252242,0
0.3673880752,-0.1583611090,1
0.6364045604,-0.6706832431,1
0.2786180551,-0.4503441973,1
0.9706311600,0.3227523647,0
1.5434137198,0.0720300498,1
1.1632949798,0.2721360351,0
1.1953795982,-0.5876479014,1
-0.4729437282,1.0944207054,0
1.9276340821,-0.0537326237,1
1.2472584819,-0.4495299717,1
-0.7990187791,1.0826343327,0
0.8833328208,-0.5188336631,1
1.5703078719,-0.7321884988,1
-0.5476718899,0.4662121745,0
0.9855049310,0.7837720661,0
-0.0716595849,0.8050161825,0
0.2648041903,0.7709590295,0
0.2196891382,0.7098671310,0
0.2817829215,0.9058538750,0
-0.7909767392,0.8090091774,0
-0.6577341159,0.7654667177,0
-0.9812721649,0.1444858611,0
-0.0071356325,1.3739774645,0
0.7533524580,0.6227224060,0
-0.5150769274,0.8116896103,0
-0.2973360580,0.7664528867,0
1.7361979573,-0.8353034158,1
0.3101804162,0.7963721878,0
-0.1145134988,0.4543942799,0
0.4880401066,-0.3593747001,1
0.9851065896,-0.4332662188,1
0.3030581631,0.8831916455,0
1.2512963982,0.4786241692,0
0.1771578749,-0.0089576966,1
1.8461584342,-0.4627907766,1
-0.7313405763,0.6289751360,0
0.1799892991,0.0289354465,1
0.0804671502,0.8301717243,0
1.7083967165,-0.4537723407,1
-1.1171058525,0.1025745764,0
-0.3820205576,0.6290649229,0
0.9927366686,-0.6133305943,1
0.6092782473,-0.7404646368,1
1.6878866111,0.1425871844,1
0.3263170913,1.0623160385,0
-0.4608182493,0.9673882107,0
-1.0000179803,0.4234848574,0
-0.1981718077,0.2012841457,1
-0.1501101608,1.0700412788,0
-1.1073649086,0.4799363767,0
1.0922158902,0.3297016440,0
0.9006847592,-0.4933123217,1
-1.2695005311,0.4517118331,0
0.9219785501,-0.2071115429,1
1.0520334414,-0.4109813374,1
0.0357289252,1.2249973011,0
-0.6334655359,0.5487454556,0
-0.3860113149,0.9086825409,0
-0.9140856950,0.3142561535,0
1.7579940637,-0.5385101242,1
0.2143664026,-0.3627359514,1
1.7203706260,-0.2675174031,1
2.0427664495,0.0870543666,1
0.2452345481,-0.1504776762,1
0.6887819780,0.6830509648,0
0.2822614852,-0.3726209064,1
0.2988616183,-0.3895098557,1
0.9848474224,-0.4328299959,1
-0.9266812438,-0.1290361878,0
2.3346146644,0.0405087879,1
0.7271111108,0.5456935146,0
2.0935987217,-0.0174508957,1
0.2953082259,-0.1539596280,1
-1.0502153885,1.1296635632,0
2.1657922810,0.2205775980,1
0.3735021501,-0.4698685726,1
0.7960369829,-0.4728905022,1
0.7530522739,0.2651426904,0
0.0068641082,0.7386285974,0
0.7703885951,0.3727234950,0
1.5448289473,-0.4687850164,1
2.1105014429,0.0047156319,1
-0.3622204251,1.2000030003,0
-0.7487581857,0.7472826176,0
0.9323659383,0.2565695592,0
2.1190520568,0.3522809591,1
-0.5849730738,0.5315132291,0
-0.8619619511,-0.2296175083,0
-0.6463391096,0.7485449759,0
-0.4267229752,0.7970238552,0
1.0658256917,-0.2986229581,1
-0.6411160493,0.9493441366,0
1.8549815474,-0.2942478452,1
0.8993999495,0.3856918324,0
1.7055762470,-0.5692403281,1
0.3272108286,1.2395439905,0
0.1866984749,0.2227138190,1
0.0313822334,-0.2964972764,1
1.7697490333,0.4297040824,1
0.1477951882,1.3629821783,0
0.0325666609,0.2066000710,1
0.9016361747,-0.2761736482,1
-1.1204857210,0.7552733597,0
0.9917591300,-0.4273243328,1
0.4007853678,1.0919453503,0
1.6396788116,-0.3835178760,1
0.6988016631,0.9311276866,0
0.7795107884,0.0913216696,0
0.4173880938,0.3684580108,0
1.2971090196,0.2560202178,1
-0.1170290673,0.9865734236,0
0.2616139250,1.2580929001,0
1.6645345146,-0.4296406294,1
1.7815205960,-0.2672592697,1
-0.9295275501,0.3789948120,0
-1.0929351805,-0.0008293800,0
1.5235001091,0.3909218781,1
0.9155444304,-0.5804385601,1
2.1405492158,0.7313516286,1
1.1791884323,-0.3812927492,1
1.4112277934,-0.1851144549,1
1.4343522183,-0.4796428472,1
-0.4527877630,0.4636325785,0
-0.1205150788,0.7623051922,0
0.8528397184,-1.0056295922,1
0.6540032560,0.6891070386,0
0.0008116139,0.2433305173,1
-0.0779990361,0.1329709169,1
1.7115547300,0.3391069373,1
0.2012314823,0.0089930327,1
0.8262109733,-0.1993735461,1
-0.0409754133,0.7074822130,0
0.2192921183,1.0535207301,0
-0.2984420582,-0.6440263896,1
-0.1970935439,1.2483360226,0
0.2853773207,-0.0395949306,1
1.3029032069,-0.4523139995,1
-0.0269364937,0.4223395995,1
0.4410473920,-0.3530644115,1
-0.6081212582,0.2504638050,0
-0.4682220207,0.4913290727,0
1.7221213756,-0.3177018055,1
0.7247202564,-0.5137342994,1
-0.4115181424,1.0865874830,0
0.3016973211,-0.0298268307,1
-0.4996186791,1.0065908327,0
-0.2144210853,0.7986310398,0
0.7497709592,0.9590736074,0
1.4245926896,-0.5378289167,1
1.8669962381,0.6144182384,1
0.5019974069,0.6740654866,0
-0.5385651954,0.8946734690,0
-0.1548619200,0.3553157756,1
-0.9870621222,0.0144480255,0
-0.0949886036,0.0270705252,1
-1.0798649022,0.0908652441,0
0.6327180046,-0.2771687184,1
2.2567570829,-0.0987656880,1
0.0273982737,0.2337841229,1
1.5809533159,-0.2819590586,1
0.9073185942,-0.2698814661,1
0.1137122543,1.2272745815,0
1.9113099789,-0.1584403105,1
1.7969399028,-0.3285690860,1
2.6240366073,0.5143709534,1
-0.4836238445,1.0860694108,0
0.1263726253,0.4564451338,1
-0.4249328680,0.6640904719,0
0.9747895686,-0.1325994963,1
0.5790917888,0.6912981920,0
1.9538133408,0.2079588133,1
-0.1290432913,0.8217977972,0
0.2392260440,0.8275506686,0
2.0172887747,-0.2085993581,1
1.7785065410,-0.1074405387,1
-0.8845783619,0.9376515528,0
1.5219711030,0.0463464717,1
0.7053236175,0.7871770020,0
0.4275846869,-0.2341990362,1
-1.3528241994,-0.0461664497,0
0.3633522519,-0.0312358508,1
0.4801724069,0.3739713559,1
1.7969441859,0.2303247345,1
0.8343967148,-0.3903063425,1
0.8145657779,0.6421269466,0
-0.8215742302,0.5154554256,0
0.9793272302,-0.0094216667,1
0.3698811404,0.2137080902,1
0.4196003299,-0.2173729103,1
1.7464533718,-0.7601474264,1
1.6125129825,-0.6021652362,1
1.8146689041,-0.2066194223,1
0.5127353573,0.7281941802,0
0.4966805255,1.1191251307,0
1.8284838600,0.1135051064,1
1.0767993180,-0.6839844583,1
-0.5221620355,0.7026178288,0
0.0986330311,0.8777405569,0
0.0457093710,1.1251806094,0
0.3169246725,0.8461183148,0
-0.7328098706,0.7505461450,0
0.3230195309,-0.0394149500,1
0.7060474718,-0.8679675655,1
2.1534457767,0.2577223492,1
-0.7935850316,0.5845623856,0
0.0999212472,1.0581200689,0
0.5070403387,-0.6417495491,1
1.0147188638,1.0321633716,0
0.9960488513,0.0951271338,0
-1.3955954373,0.6863178267,0
0.0883291750,-0.2610650672,1
0.1923238937,0.1292188700,1
-0.5829168781,1.0734817019,0
-1.2739174118,0.3268153271,0
1.0334517154,0.2063034597,0
-0.0246714508,1.3405739696,0
1.3264038425,-0.0131764000,0
1.3286524888,-0.5069491538,1
0.4223278282,0.8851521905,0
-0.1036880163,0.8356585914,0
0.0715319813,0.8251429632,0
0.5494862369,-0.4028983651,1
-0.4964832108,0.7710460850,0
1.0244098476,0.4824322056,0
-1.1428841492,0.4073168467,0
0.0908925833,1.1903851572,0
0.4076536934,1.1396703017,0
-0.3055213835,0.8345302690,0
-0.0593758583,0.4408234288,1
-0.6216916112,0.5517872002,0
-0.9256376283,0.3115106345,0
0.7328719369,0.6379348569,0
0.4224303762,-0.2089794421,1
-0.2204720050,0.7918269760,0
2.0632528730,-0.1523988234,1
-0.7301066588,0.6038545950,0
1.7632204078,0.4518478754,1
2.0224461210,-0.4669329730,1
1.0557641655,0.4481646183,0
0.0977168685,-0.0757560893,1
0.8664030525,0.7658855922,0
0.5568722652,-0.1392543755,1
0.9465171591,-0.5855305963,1
2.0187970192,0.1036866007,1
0.9354028248,0.9516377679,0
-0.5945871976,0.5051605079,0
2.3295934594,0.7211268915,1
0.5362250035,-0.3315223409,1
0.7976743750,0.9593963133,0
-0.9497573501,0.6742945766,0
-0.3507795929,0.6584314680,0
0.6937292654,1.1004800253,0
1.9136372047,-0.5811086326,1
2.3185979569,-0.0989445702,1
0.4850171375,-0.4854716252,1
2.1493113659,0.4249823078,1
-0.2855992516,1.0774317428,0
0.1447602108,-0.0755285662,1
-0.0794809709,1.2879929409,0
0.7367803729,0.1093703276,0
0.1705088772,0.7312502339,0
0.6456831030,0.4829144786,0
-0.2284334610,0.1340918052,1
0.9548423147,-0.1088584703,0
-0.7925859568,0.3211109437,0
-0.1768910430,1.5079620563,0
1.1195735711,-0.1199060543,1
-0.0977351153,0.8781233845,0
0.3280765423,1.2296373628,0
0.8546166928,-0.3547802267,1
0.8939394740,0.3869037828,0
-0.4937411014,1.0265436131,0
0.5057868614,-0.2787701523,1
0.0390849906,0.5070219180,1
1.6482684380,-0.1098537277,1
-0.2532674874,0.8530697973,0
-0.3766277231,0.1858732567,0
0.0833631807,0.2658401265,0
0.8474167078,-0.4117724546,1
1.4119781165,-0.6371544392,1
1.2531126929,-0.3986773356,1
-0.0251766800,0.3143049495,1
0.9354220340,0.4475593081,0
0.2399457855,1.3947901084,0
2.3329033954,-0.1452422544,1
0.7962776268,0.4913958263,0
-0.7164389282,0.1157657110,0
1.2804999403,-0.1014609698,0
-0.0669317904,1.0683162443,0
1.2186040969,0.5682794611,0
-0.6519211183,0.7818583237,0
1.7332064678,0.4253700119,1
1.2747576609,-0.5121018457,1
1.5131350907,-0.8306755434,1
1.1961677138,-0.6462410989,1
0.0678539755,-0.1932473729,1
0.4238962343,0.9356497535,0
-0.7223841587,0.7762384404,0
0.6082784611,1.1348104646,0
0.4902922652,-0.1735285224,1
0.9936197485,0.8890938152,0
0.7442486688,0.6277961046,0
0.3146621197,-0.0324331811,1
1.8584943193,0.0271987537,1
0.1182336640,0.7336200924,1
2.3512847911,-0.0514081266,1
0.5001157559,-0.5927426831,1
1.5867718240,-0.1297702133,1
2.0418995803,0.5913696456,1
0.7987711181,0.2424959582,0
0.7866925208,0.0534971201,0
-0.8358684814,1.0925786522,0
-0.5087730087,0.3461938804,0
-0.6876539934,0.9973516557,0
0.0459630914,1.2975630448,0
1.6460023486,-0.2230626373,1
-1.0612209088,0.5255493081,0
0.0532041094,-0.0476891604,1
1.1004351524,-0.4265376598,1
-0.2299726351,0.1582890219,1
0.0894084688,1.1162415494,0
-0.7936009291,0.9870336963,0
0.2376091563,1.0676241024,0
0.2795961925,0.8327289152,0
1.9102950009,0.7141491081,1
0.9350834550,0.7578135459,0
0.4769717150,-0.5167164751,1
0.3106738098,0.6373552686,0
0.9433171200,0.2495668153,0
0.3726748338,-0.3755639358,1
-0.4789283836,0.8115650028,0
1.6632705350,0.3291750380,1
0.2507634927,0.8243863606,0
2.4205931842,-0.2882207016,1
0.7397767712,0.6618732432,0
1.0819627486,-0.5690680596,1
1.2193967156,-0.2360553701,1
0.8933837985,-0.5275024673,1
1.2673003169,-0.6446609691,1
-0.8371639382,0.8701278658,0
-0.4382896258,0.8450331627,0
0.6542976062,-0.5963508592,1
0.9360590074,0.2968859817,0
0.0950712261,-0.0238658800,1
-0.0415201537,0.0536695693,1
1.9908862522,-0.1419970218,1
0.2460915905,0.3356150008,0
1.6341149970,-0.1988585726,1
0.6292686377,-0.2455917514,1
2.2166204634,0.3040980623,1
1.9120927239,-0.1419127575,1
-0.7640845529,1.1053872806,0
0.4581578700,-0.6892943362,1
1.8605328141,-0.0173370806,1
0.0839341149,0.4503973584,1
-1.0562690687,0.6905861889,0
1.5264308588,-0.6347380451,1
0.6290022471,0.8792458674,0
0.8114834714,-0.3434486800,0
0.7731858831,0.6936849413,0
0.7426000765,0.9859002869,0
-0.6303603685,1.3237668310,0
-0.8793795005,0.4791948591,0
1.5537580406,-0.4163287784,1
0.4523887233,-0.0839249906,1
0.1758709924,-0.3780591214,1
2.0144670859,0.6896021184,1
0.2404690380,0.3480965471,1
1.2015358189,-0.6333883642,1
0.7254900859,0.0731929652,0
0.9321832787,-0.5075696256,1
-0.9974405098,0.0820381935,0
-0.8701184957,0.3466939616,0
0.3157780318,0.0561862968,1
-1.0975132239,-0.1229861611,0
0.4685850365,-0.1070563498,1
0.8537456821,0.8565260045,0
0.1647697694,0.6629084516,1
0.4349494946,1.0022465785,0
0.8799906397,0.4376189621,0
-0.2342618223,1.2334107687,0
2.1502035194,0.8039688089,1
-1.2454760158,0.2964792653,0
-0.5923715659,0.5407688041,0
-0.4499973177,0.8621446210,0
0.1429265921,-0.4264739821,1
1.0279953082,0.4302833042,0
1.5844556182,0.1849198946,1
-0.2189027771,0.0194888903,1
0.8164691308,-0.1392994240,1
1.0551075707,-0.6612693306,1
0.4454375488,0.9158258023,0
-0.1063131493,0.9015597491,0
-0.9895876253,0.4018730527,0
0.5114503711,0.1188744473,1
0.6762088212,-0.3505476008,1
-0.9847007571,0.3667281208,0
-0.1895675748,0.2874083365,1
1.4599773069,-0.5617371665,1
0.0796656914,0.7327242429,0
2.1320349414,0.1494544033,1
0.5416418272,0.3309889122,0
0.6380867336,-0.1617890226,1
-0.5844310999,0.8492507476,0
0.8854804118,0.4560621590,0
2.0922066795,-0.2072110697,1
1.2703153357,-0.0977254953,1
2.0788552848,0.1774879972,1
0.5753995249,0.7214646612,0
1.1239414542,-0.4516907855,1
0.4802940152,0.6404084328,0
-0.2849723475,0.8136888527,0
0.0323157805,1.2540459788,0
0.2640064768,0.7353675037,0
-0.3262920500,1.0812837882,0
0.8454912443,0.7810655035,0
2.4073154683,0.4726033904,1
1.3951868930,-0.5703986820,1
-0.0342174921,1.2337734852,0
0.2408867270,-0.3230534970,1
0.1559281004,-0.3648545578,1
-0.3222763652,0.8873865874,0
0.7425702512,0.4671237501,0
-0.6127778230,0.7170974441,0
0.7043256094,0.7770475065,0
1.3909614598,-0.5790925281,1
-0.6559205501,1.0362728735,0
0.0812723732,0.8883432832,0
-0.0078626239,0.8266740760,0
-1.0277980480,0.1968799914,0
0.0605323089,-0.1194102766,1
0.7051337302,0.3239358538,0
0.6475065591,-0.1160330669,1
0.9137505894,0.7326243851,0
0.2913587976,-0.1087096936,1
1.8520348276,-0.2851308930,1
-0.2175900390,0.9913177585,0
0.0330227115,0.8883421599,0
0.0697525768,-0.2342521217,1
0.6122027452,-0.2129826575,1
2.0852475621,-0.0510574619,1
0.7263364037,-0.4957622928,1
0.8385983175,0.3272457641,0
-1.0025702914,0.7955529275,0
0.5393608017,0.9912548748,0
1.1487729103,-0.9343073651,1
0.6917758344,0.6952588119,0
0.6298090653,0.7097751926,0
1.1506879504,-0.2172620401,1
-0.7000859471,0.3847684037,0
0.6122280560,1.2152386914,0
0.9847290372,0.2699919961,0
0.3509691362,0.0442889568,1
0.5472969843,0.0284513893,1
0.2138859846,0.6589443948,1
0.6510134031,0.5655457950,0
0.4695838923,-0.5185374970,1
1.0738001650,-0.3518900372,1
0.4538438816,-0.1998367505,1
0.7445340810,0.7336861213,0
0.8290785485,0.8219088873,0
0.0712160574,0.6699563110,0
0.7919750091,0.3105484165,0
-1.0916295274,-0.0420872458,0
1.4149882523,-0.2847565850,1
1.6508194031,-0.3040211487,1
1.2266991392,0.1010605681,1
0.8927610797,-0.2989387782,1
0.3385250673,-0.1271561671,1
1.0792809989,-0.7327348121,1
0.0217449304,-0.3062183316,1
0.9378630023,0.3524689016,0
1.6950601857,-0.1182076769,1
0.4944916920,1.0110661367,0
-0.9160761682,0.3685657314,0
0.3250813240,0.8938021864,0
1.8233526912,0.0342498819,1
1.8232843014,-0.1217995956,1
0.4484600053,0.5300687682,0
-0.1157151733,1.0860702259,0
-0.7653323102,0.7258089948,0
1.0456353221,0.7281945512,0
1.2520694169,-0.5108738574,1
-1.0066892150,0.2351251609,0
0.3823196297,-1.0330258766,1
0.8582121415,-0.2735593208,1
1.7591800849,-0.8352229137,1
-0.3038050513,0.6793669805,0
0.6810865030,-0.2669570909,1
1.5780569331,0.3508984943,1
0.0552311398,-0.1652317462,1
-0.6565640362,0.9301233001,0
-0.7678009939,-0.0483082367,0
2.0228230386,-0.0675610445,1
-1.0142384854,0.2570980567,0
0.5023368343,-0.1381330741,1
1.3730004408,-0.1939328612,1
1.7083009360,-0.1152030505,1
1.2591728959,0.4873570101,0
-0.5276900704,0.6176262095,0
2.1723151257,0.1187656590,1
1.0240817324,0.0662351158,0
1.7090772150,-0.2739690938,1
0.7728170604,0.9474523453,0
-0.3454187573,0.5873198669,1
0.4486527825,0.5445324181,0
0.6195226858,-0.6414869484,1
0.1586141940,1.0235171754,0
2.1025065050,0.3339883639,1
-0.3829014080,0.1028118271,1
0.5742032236,1.0568067181,0
-1.2149902706,0.7865631653,0
0.7046332990,-0.6142144641,1
1.9716767389,-0.0220682882,1
0.3284924569,-0.5221554822,1
0.9035143056,0.4533231125,0
1.4623503015,-0.2648782136,1
0.6843215036,0.8014630260,0
0.0931847983,-0.1948619681,1
-0.9805390032,0.6996979386,0
1.6295252505,-0.6431004888,1
-0.3365925282,0.7662468882,0
0.8762807563,0.7669306252,0
0.4510477975,0.0960157414,1
0.6209163930,0.9001444537,0
-0.1413446382,0.7923994794,0
1.0285333227,0.4125434870,0
0.7358543091,0.6177767274,0
1.0432262842,0.6056599644,0
-1.0899096149,0.5810964002,0
-0.1250202183,1.0026486509,0
0.8141202565,0.4385486801,0
-0.4494229154,0.8300258684,0
0.5023464877,-0.3421682954,1
0.6126969319,-0.5378407872,1
-0.1248373940,0.1793962903,1
1.0154106868,-0.3085058104,1
0.1541660892,0.4289870861,1
1.4603752162,-0.4484112104,1
0.0440696283,-0.2994146065,1
0.7256047552,0.8842876326,0
-0.1435231775,0.7911542822,0
-0.4476889057,0.6465794254,0
1.1480121119,-0.1217012811,1
2.0721698224,0.7422779365,1
0.5385652129,1.0430468362,0
0.4053466434,0.9219417773,0
0.7212850794,-0.4009954987,1
0.6990478146,0.6222484694,0
0.2961810562,0.1538769172,1
-0.6222424747,0.6876748895,0
-1.3579491877,0.5742900378,0
-0.1126825579,1.3107831402,0
1.4030127739,-0.1520421721,1
1.6690782602,0.1216247166,1
0.4026778939,1.0432972118,0
0.9013475223,0.7024024151,0
2.3957840455,-0.0771542185,1
-0.5552219572,1.0164632986,0
1.8502560526,0.4141273008,1
0.2581470075,0.5120908852,1
0.6513615962,0.5788091224,0
0.6944207740,0.6507397429,0
0.9246043054,-0.7061305897,1
0.9162488535,-0.3174559544,1
1.8003621545,-0.2519472759,1
-0.7270528272,0.5938096440,0
0.4269893731,-0.2059289883,1
0.5588074103,0.8732717262,0
0.8040610395,-0.4755105299,1
0.1792202862,0.1547536912,1
1.1372154071,0.0725657386,0
-0.0001274368,0.7468871756,0
-0.2598299032,1.1256409292,0
0.6843424303,0.9537266553,0
0.9407168877,0.6071333584,0
1.6195412126,0.2019363806,1
0.7913401384,0.8220562010,0
0.7396725857,-0.5969249217,1
2.3762943729,0.3366695056,1
-0.1660081223,1.0482515040,0
0.8273531471,0.7662444765,0
0.8632015366,0.6142708094,0
-0.8542124763,0.6442920545,0
-0.2207765724,0.4650826321,1
1.6617231500,-0.4510147796,1
0.7770672586,-0.5535713214,1
2.0320229978,0.3210104992,1
1.4434312522,-0.2636366350,1
-1.2164480935,0.2540463754,0
2.0653320580,0.5817189686,1
1.4670637610,-0.5078204058,1
1.9080030977,-0.1066362485,1
1.7533242019,-0.4357408446,1
-0.5253614721,1.0184304930,0
1.8674565711,0.1376234218,1
1.2886247501,-0.6852108227,1
0.3476384446,-0.4222323785,1
0.8873914803,-0.3988557804,0
1.7242791353,-0.2232074108,1
0.4065743826,1.0969329397,0
0.6199291793,0.9534040789,0
0.5141990740,-0.3395490108,1
0.0396086829,1.3323028581,0
2.0321974344,0.0403598095,1
-1.2304356906,-0.1427268672,0
0.7549901859,-0.5851557067,1
0.8620124409,0.2202371583,0
-1.1422462274,-0.0814342796,0
1.4293623684,-0.1669402458,1
2.1395823009,0.2653198866,1
1.0041495820,-0.4356332074,1
2.1504596476,0.2071586146,1
1.0165295626,0.1846375631,0
1.0874591297,0.4329201894,0
1.1483518080,0.3660491482,0
0.8482441464,1.0026896586,0
1.5279725066,0.0616884847,1
0.1345747586,0.6850718239,0
0.2868420084,0.4924630498,1
1.4576620541,-0.5080136044,1
1.4658824438,-0.5189310053,1
-0.9331256583,-0.0369923208,0
1.9849784939,0.4702733448,1
-0.3707666787,0.9469788610,0
-0.2852762222,1.0399312969,0
-0.6862481963,0.1052243342,0
-0.0467464631,1.0458654303,0
1.3206439051,-0.1474622716,1
0.5776949064,-0.1127999980,1
2.4677941791,0.4517039085,1
1.3139971412,-0.2200135363,1
0.1595260823,-0.1009619725,1
1.1682615992,0.5238170817,0
0.4319455222,-0.0393719227,1
2.1241783249,0.2701861850,1
0.7783336261,-0.4050370849,1
-0.0869348863,0.9713049372,0
-0.1013681750,1.0113855726,0
-0.6155249215,0.7096904599,0
-0.6740020957,0.6111092275,0
0.3279154463,0.0155167684,1
1.0808306687,-0.2159791085,1
-0.1199901266,1.0494799551,0
1.1084745226,-0.3495900004,1
0.5930937020,-0.2585724333,1
0.7337589191,-0.6570756725,1
1.6625904667,0.0778488961,1
0.7406758169,-0.3379398933,1
-0.9443255484,0.7737816658,0
0.3604082494,1.0601924525,0
1.0688780246,0.7817288168,0
0.9903558881,-0.1762703921,1
-0.2650314119,1.0360104739,0
0.5873245417,-0.4204900873,1
1.6571069412,-0.0865736478,1
0.0406261332,1.2696240062,0
0.6218568257,-0.1663623941,1
-1.0614504174,-0.2071459320,0
1.5941695831,0.1514380944,1
1.3490356834,-0.5508030833,1
-0.7923969840,0.4778116274,0
0.5093144247,0.4493048985,0
0.4412997962,0.8354233506,0
1.3263162747,-0.6491750401,1
0.7456154193,0.7079637586,0
-0.1088061038,-0.3232843314,1
1.6514971124,-0.1513848500,1
-0.8082578248,0.5964233517,0
1.2635821524,-0.7272979175,1
0.6552716503,0.4074243977,0
0.9558303942,0.1155411972,0
-0.1338590095,0.5594318875,0
1.1012587155,0.6484192677,0
0.8246797481,0.2506466834,0
-0.7548006095,0.1282127710,0
1.6383121682,0.1401029049,1
0.6576890301,0.7095063760,0
0.9121515184,-0.3854158392,1
-1.0519969771,0.3763878594,0
-0.0458972581,1.0844264985,0
0.1570547088,0.2314307242,1
1.9144090152,-0.1631717549,1
0.3147387043,-0.0407834156,1
0.3958467511,-0.5040602346,1
0.3267283831,1.0329562810,0
1.1763370193,-0.1837707635,1
-1.2245272020,0.4781642360,0
1.1965708504,-0.7080380508,1
1.9793446514,0.0664305147,1
0.8971085622,0.7091383835,0
0.3036763510,-0.6890284255,1
-0.8209538349,0.7393256133,0
0.6208271707,0.3551634665,0
1.2370822763,-0.7590762650,1
-0.5453569964,1.0191967671,0
2.1458806061,0.7635924424,1
0.0538405591,0.3988413262,1
1.4119621977,-0.5173382962,1
2.3375770812,0.0371144769,1
1.0246507395,0.5060098124,0
1.3615040223,-0.5465511636,1
0.3512014927,-0.3286486253,1
0.2331529529,-0.3362247323,1
0.6825717541,0.3159681648,0
-0.5370274760,0.1575974898,0
2.1062230963,-0.1755680409,1
1.3825509684,-0.5865697462,1
0.0138071435,1.3210265821,0
-0.8740034350,0.6322023951,0
0.9878790064,-0.3283629982,1
-0.9534647413,1.0311352497,0
0.3991994960,-0.2878281194,1
-0.8433635959,0.4879146240,0
0.0341169695,1.1247184634,0
0.4440074826,0.4722659578,0
1.4428676575,0.2328857662,0
1.8538766166,0.1580642685,1
1.8529135067,0.0318651892,1
-0.9845651229,0.2885006169,0
0.5579531391,-0.4337449009,1
0.7228658309,-0.4005284874,1
0.6365402545,-0.5827781112,1
0.9292574333,-0.5603398046,1
1.6412116122,-0.1260691838,1
-1.0859794082,-0.1485958866,0
1.3430684794,-0.7140994540,1
1.2432126497,-0.4426085996,1
1.4006024687,-0.7167133731,1
2.1584893828,-0.3677120942,1
-0.4104476163,1.0342230466,0
0.8822466289,0.6629781504,0
0.5186123063,0.7244022977,0
1.0112862406,0.2257513391,0
-0.1709287733,0.9680050988,0
0.2698318549,-0.0224462497,1
-0.9272964714,0.8314538768,0
1.9804066631,0.3465396297,1
-0.4116000742,0.7467467979,0
-0.5673299077,1.0518100070,0
0.1192341881,-0.1447560678,1
1.3230058120,-0.3889040133,1
-0.1016997332,0.8971506526,0
0.8365571005,-0.2077611162,1
0.5895142298,0.1847418003,0
-0.8310922894,0.6071462365,0
2.0432661850,0.6640161635,1
-0.0491976679,-0.1349531412,1
1.7431113523,-0.3476948054,1
-0.9681344040,0.9968382647,0
0.1643451226,0.6353980731,1
0.3906732150,0.1343189221,1
-0.5097130368,0.6634723028,0
0.8353798697,0.2603353230,0
-0.6808487510,0.9367977404,0
0.4155719321,-0.8424660796,1
0.1635158083,-0.2633257714,1
1.0599698535,0.3293484890,0
1.3166987856,-0.1216852820,1
0.3473330205,0.6628271751,0
1.9192252482,-0.5784620110,1
-0.7578637954,0.9305649425,0
-0.2855240306,1.2222927665,0
2.2379350758,-0.2040957923,1
1.4612757473,0.4123603881,0
-0.0008861282,0.7881849501,0
-0.0552735799,0.1549231336,1
0.1093365769,0.0356394999,1
0.3908195267,0.7550252298,0
0.2850834249,0.1143538748,1
0.1649291469,1.0085768005,0
0.4022769830,0.9717109538,0
1.5113073409,-0.0035185898,1
-0.6869053666,0.6360406914,0
0.7258404822,-0.6264449937,1
0.1337534003,0.9605526027,0
1.0405881917,0.2151053632,0
0.3010837992,-0.0313070175,1
0.4738099230,-0.3676677535,1
2.0087297002,-0.4333126906,1
1.3384500323,-0.2741640342,1
0.2872496812,0.8521714470,0
0.0045176371,0.7028237409,0
0.1684497176,-0.0985361881,1
1.7423815128,0.1210561995,1
1.7479819990,-0.0130100575,1
0.9057485541,0.1163020237,0
-0.6815011905,1.1580901407,0
0.0269120030,0.0457322619,1
1.9012705393,-0.2034304710,1
2.1246224967,0.1138871350,1
0.9414433889,-0.5419361925,1
0.3917604675,0.3108763793,0
-0.8137975731,0.0771580526,0
0.6427559674,-0.5586389701,1
1.1335459317,-0.3944169963,1
1.8339126995,0.3112556187,1
-0.6098803123,0.6324613125,0
1.2662841192,-0.4276172458,1
0.4167153371,-0.3731529827,1
-1.1399869726,-0.0664329557,0
0.6179406306,0.3699034900,0
1.8756668188,-0.2082705040,1
2.0292461404,-0.0885333501,1
0.0995436262,0.2366217870,1
0.3765247585,0.2624034486,1
-1.0247240077,0.1777834638,0
-0.1828612889,0.9377249163,0
1.0486313628,0.7961773069,0
1.7542976035,0.2652190587,1
1.1251101645,-0.7330544216,1
0.8829791723,0.5477796347,0
-0.0228992220,0.1885692591,1
-0.5572214844,0.6569953474,0
0.5731701550,1.0178484887,0
0.4749248796,0.7147116606,0
0.1347952001,0.9901805944,0
1.9033930752,0.5597128284,1
0.3202629161,-0.2835316633,1
0.8771059578,0.4200714435,0
-0.3023791587,0.9956226429,0
0.7106109731,-0.4682226571,1
-0.9412234324,0.8003324457,0
-0.9198827292,-0.3022077924,0
0.8699840776,1.0560931367,0
-0.1994186611,0.6332095940,0
1.3508908944,-0.6764961216,1
0.7634248005,-0.6569599712,1
0.3591746659,0.9817900942,0
0.2659608169,1.0768973077,0
2.0364705490,0.1017769342,1
-1.1144625638,0.5096176820,0
-1.0479145333,-0.0363486432,0
-0.1454199458,-0.1784921849,1
-0.7921173955,0.8647451815,0
0.6168385773,1.1671785719,0
1.7490049035,-0.1030214741,1
0.1223736416,0.7591457668,0
0.1881432409,-0.3254018858,1
0.8410394398,-0.8767790126,1
0.5888388858,0.8294633331,0
0.2088805755,0.6714443587,0
0.9335458600,0.7060253263,0
-0.7240395362,1.0750235748,0
0.1382680997,0.0576260459,1
0.1219187504,1.3567161375,0
1.4885471721,-0.4631373763,1
1.2899099134,0.5164815350,0
0.8879974349,-0.5193994334,1
1.1071086158,-0.4552312585,1
1.8737215251,-0.4553520845,1
0.7490589318,1.0564203653,0
-0.9987091629,0.3635795928,0
1.5273101139,-0.1920437784,1
0.4493531095,0.9930588415,0
1.6186645472,-0.1729109338,1
1.3315745975,0.0137222664,0
0.1176165122,0.3804564370,1
-1.2381320123,0.5728290322,0
-0.7615863232,0.5865793870,0
0.1360805725,-0.1363931782,1
0.3819531067,0.9280145217,0
-1.0309067769,0.4685774368,0
1.1210631988,-0.0007462174,0
-1.0761938530,0.2333397301,0
0.8348293191,-0.4091687924,1
-0.2757734613,0.8917186937,0
-0.8582923605,0.7393214656,0
1.5745211443,-0.4967569757,1
1.8796481027,0.0505470801,1
0.4505453849,0.8304658717,0
1.1140713466,-0.4357228015,1
1.7032357501,-0.2232744375,1
0.6327918099,0.5745032808,0
1.1111115892,0.0019144676,0
0.6847352824,0.5913079172,0
-1.1171352618,0.1663311252,0
0.0256451772,0.8663589283,0
-1.2561593461,0.3713895179,0
0.6036396848,-0.3825923604,1
0.6689700461,-0.1367355876,1
0.3047072461,0.3351445029,1
0.3240410690,-0.4593851894,1
0.7355543832,-0.5948435323,1
-0.1919619378,0.2898569820,1
0.1953272300,1.0501471549,0
-0.5755413074,1.1184094097,0
0.6292929831,0.7728041686,0
1.7739365159,0.1654791970,1
-1.0946975853,-0.1244002557,0
-0.8926764919,-0.0196919211,0
-0.1686756786,0.8927999250,0
-0.5699222567,0.6771447219,0
1.3002494027,0.2918120485,0
0.3248722649,-0.3331409526,1
2.0357016301,-0.1669275005,1
-0.3400343962,1.1067379085,0
1.2001974111,0.0603822495,0
-0.3328246711,0.7542510654,0
2.0901346951,0.3663237461,1
1.9981475475,0.1906893150,1
0.7955762151,-0.6447530369,1
0.3028950591,0.7489203502,0
-1.1486198339,0.4107955421,0
1.2619870450,-0.0460280717,1
1.0351825059,-0.2730507953,0
0.9519051047,-0.5998267369,1
1.5175078480,-0.2941492331,1
-0.6595063865,1.1042328442,0
1.0188205846,0.2524954805,0
1.1120637337,0.3426740415,0
-0.6848546113,0.7351559621,0
-0.5566055975,0.6870346880,0
0.1997264077,0.7779864245,1
0.0352055264,0.1488896549,1
0.2170136452,0.2778636312,1
-1.0534616204,-0.1073155698,0
0.9076114828,-0.7076133230,1
1.1891386954,-0.1897114277,0
0.3072152145,0.2265198267,1
0.5828620432,-0.5861221347,1
0.2381979144,1.0471745567,0
1.5871109808,-0.3388728164,1
-0.1469529981,1.1781645835,0
0.4219900740,1.1585655075,0
0.5653934451,0.3805218125,0
-0.4854112928,0.8578058421,0
0.1121577325,0.8642189262,0
1.9494091313,-0.2120284589,1
1.7109396905,0.2264497640,1
-0.0824578231,1.1950139665,0
1.1385483255,0.7334141135,0
2.3271185784,0.5107319672,1
1.6796262820,-0.1739733768,1
0.0553957140,0.1387951350,1
1.0637149013,-0.3956021525,1
0.8341716211,-0.4790381556,1
0.3743745944,0.9626499586,0
-0.4518973501,1.5308470338,0
2.0864455073,-0.2495594352,1
0.9501315373,-0.4016516024,1
1.9036476186,0.3405902591,1
0.2555706226,-0.2387297459,1
1.3478518074,-0.3701529317,1
-1.6837335782,-0.2436157111,0
0.7258606760,0.4709249804,0
0.0878670912,0.3384627137,1
0.8930587487,1.1486300633,0
1.1732609619,-0.1272167804,0
0.5627377500,-0.5960218084,1
0.1928886168,1.1278470142,0
1.9376767138,0.3124188265,1
0.6423708854,0.1730286643,1
1.0462639200,-0.7945765296,1
0.2721213915,-0.1316723204,1
0.7561757730,0.5205406175,0
0.7969420272,0.5306100111,0
-0.0837186977,-0.6618728554,1
0.6699750044,-0.2453195042,1
0.7682531276,0.5750838169,0
-0.9470798648,-0.0692222318,0
0.2482711683,-0.3475183744,1
0.7777753937,-0.6067328422,1
1.3424848267,-0.4838610324,1
0.5190765406,-0.4241299631,1
1.4359368439,-0.7225775132,1
1.8137751559,0.2202320867,1
1.0689734461,0.0942649897,0
-1.0053730692,0.3607216657,0
-1.3184902646,0.2395210821,0
1.5594250313,-0.1414815254,1
0.2301494341,-0.1626236311,1
-0.1885699527,0.4210908080,1
0.3349179351,1.0338133721,0
2.1116010676,-0.2730763617,1
0.8820354966,-0.3760258521,1
1.6939360131,0.7386276679,1
0.1071904985,-0.0206410947,1
-0.3321155007,0.0009863908,1
0.8708874532,0.1522157409,0
0.5278362437,0.8380079604,0
-0.4066985952,0.8521530811,0
-0.2140519537,0.0327600864,1
-0.4865803002,0.4831523262,1
0.7376652681,0.7325856051,0
0.5490933225,0.1159086765,1
0.0171574879,0.8614948153,0
1.4187935326,-0.5042883736,1
1.0529186019,0.4047773519,0
1.7372315416,-0.2937903254,1
0.9531238875,-0.4498036280,1
0.2211632181,0.8920290046,0
0.7595430448,0.4657572172,0
0.0577794762,0.4068613044,1
0.8966380761,0.5440104473,0
0.9780616987,0.4956146748,0
0.4336323367,0.7164437080,0
0.4432836443,-0.3733382729,1
-1.2185935673,0.4154948739,0
1.8312415203,-0.6927283075,1
-1.0054414338,0.2561782877,0
-0.2293705337,1.0274577309,0
0.3502945283,-0.3004777108,1
-0.5845170330,0.7306485975,0
0.8287942148,-0.3821545502,1
-1.1658489786,0.7203998813,0
-0.1851892964,1.1357272605,0
-0.1238894798,0.4415830805,1
-0.1406572805,0.7870571322,0
0.1783310802,1.2240902834,0
0.8126240682,0.4975997550,0
0.3026047568,1.1867999982,0
0.8151405015,-0.0405366856,0
0.3886983931,0.8220076413,0
-0.8851688712,0.6109988813,0
1.1596891637,-0.3730006172,1
0.5715670757,-0.8511648214,1
1.0128780887,0.4245616823,0
1.6115198606,0.3169589483,1
-0.7773259313,0.2781510655,0
1.2443637540,-0.5623852920,1
0.9957372181,-0.2634571397,1
2.0897359856,0.3426065712,1
1.9947388558,0.4864658857,1
1.5735151373,0.1817546183,1
-0.9599846312,0.4389606834,0
0.3040141585,1.0822633388,0
-0.2164718787,1.0490172721,0
1.7981193717,0.9584991546,1
-0.0642862538,0.9698426793,0
1.1627309571,-0.2254848299,1
-0.1090219730,-0.3359573047,1
1.0287722013,0.4994426963,0
2.1744953167,0.2358300736,1
0.4936233160,-0.4262358826,1
-0.7444839021,0.6001571342,0
-0.7022367327,1.0071279226,0
2.0160954211,-0.3288829154,1
1.0283736051,-0.1929230680,1
0.3430361012,-0.1524069842,1
-0.9177810425,1.0532409694,0
1.8725420980,-0.0236181927,1
0.6529391550,-0.3798462445,1
0.2544401330,1.2201446157,0
-0.9811308815,0.5333718253,0
-1.1187033356,0.5573505848,0
0.7467202179,-0.5217351159,1
0.5442073563,0.9970183005,0
2.0457260095,0.2348292134,1
0.3274426176,-0.1604065096,1
1.7553295533,0.0252442014,1
0.6412176866,-0.6161078702,1
1.8942796819,0.8024029359,1
0.9385327598,0.7482103960,0
-0.9899467824,0.7147891500,0
1.1541105897,-0.0661585637,0
0.5580655723,1.0238269553,0
0.8490947984,0.5260454656,0
-0.4587320149,1.1189838422,0
1.9956141412,0.0202729894,1
0.8218999421,-0.1587974676,0
-0.4927767834,0.7740029651,0
1.0611552872,-0.8381573073,1
-0.0999201263,-0.2768732580,1
0.1823139229,0.3758984404,1
1.9180631224,0.5458064657,1
-0.6338743891,0.7764071183,0
0.7924531025,0.2224930497,0
-0.5364969103,0.5256790496,0
1.9546583785,0.0980970440,1
0.5020005194,0.9722725006,0
0.7450341466,0.7157255356,0
-0.7951127944,0.6169014934,0
-0.7772916120,0.2195312036,0
0.9561851158,0.5078912633,0
0.0899266434,0.8927891873,0
0.8226649365,-0.1881670328,1
0.6962399401,0.6328894708,0
1.3555725680,-0.5745505339,1
-0.1542534182,0.1569530519,1
0.4024299525,0.5653870114,0
1.8156954152,0.4076122862,1
0.3853838797,0.0740160492,1
-0.8835045064,1.0094766560,0
0.6725666896,-0.5830791650,1
1.5841232229,-0.4099122003,1
-0.0162883717,1.0019648737,0
0.8091251901,-0.2770361581,1
-0.0412742422,-0.0288083809,1
0.8575782419,0.0266588548,1
0.8645492011,-0.0471406622,0
0.0009146180,1.0111935642,0
0.6744273322,-0.3923510103,1
1.8993957034,-0.0594282856,1
-0.9625367054,0.6858475658,0
0.5864803111,-0.4336638982,1
0.6341220753,0.5674874792,0
0.9001660094,0.7059496728,0
0.6770856370,-0.6998137053,1
0.9552243612,-0.4673426693,1
0.2914981285,1.1127394590,0
1.0430155751,0.5296172785,0
-0.6832489235,0.8291414622,0
0.5217290651,0.5769399350,1
2.0939548651,0.3838402663,1
-0.7524035608,1.0581922024,0
0.0860571361,0.1367722874,1
1.9620203266,-0.6706280800,1
-0.2849750641,0.8208623650,0
1.2605364591,-0.6225642888,1
0.5986229815,-0.0023010783,0
1.6650271776,-0.1545334810,1
0.0477156682,1.2126979745,0
0.9032885919,0.1070397692,0
0.5847846546,0.8718793459,0
0.8636069459,-0.2841971080,0
-0.0875771603,0.4776529352,1
0.5405554033,1.1035589768,0
-0.3269408174,0.7830744120,0
0.1207691435,0.7881069344,0
-0.3676900427,0.5346028054,1
-0.1364491456,0.2216168527,1
-0.1962677866,0.2224881061,1
-0.7282621919,0.6895428806,0
-0.3524841438,0.6968712211,0
2.0733085398,0.2489369711,1
-0.6792955536,0.8047696926,0
0.9340756272,0.3190423244,0
-0.1458928954,1.1838845585,0
-0.8137664623,0.8725353623,0
0.5860025632,-0.1475048510,1
0.0976120644,-0.2749047060,1
0.0884303176,0.6428343820,0
1.3852712579,0.5172752029,0
0.6244792734,0.5898403798,0
1.3844319092,-0.2274708150,1
-1.1403014801,0.6777672593,0
-0.9349808618,0.1591101764,0
0.5262953364,-0.1527923714,1
0.2604442737,0.9596940458,0
0.0355408941,0.2065950809,1
-1.3216654030,0.6659393658,0
-0.2995954287,1.1475545929,0
0.1359517472,0.9920520342,0
1.8175033427,0.0621657571,1
2.3370912352,0.0894410778,1
0.5468678851,0.7278921324,0
0.5778793905,0.1254789619,1
-0.9717726739,1.3896368947,0
0.9245190211,-0.4945628826,1
1.0230094673,-0.4871823230,1
0.6368535333,0.9525744085,0
1.1322581414,0.4820281969,0
1.6196531914,-0.1988153677,1
0.9478121154,-0.5817649573,1
0.3676801983,-0.2556414433,1
1.4005794521,-0.4559160464,1
-0.7419685519,0.4318663869,0
1.0367200503,-0.3097957777,1
1.4354354137,-0.1402510757,1
1.2596724026,-0.5756127658,1
1.7254225583,0.1527947558,1
0.7150918365,0.7107572480,0
-0.6654464388,0.3013799735,0
-0.5914431024,0.9774938307,0
0.4736755335,-0.4665295410,1
0.5250889992,0.4912151416,0
0.4147427113,-0.4814151231,1
1.2463268714,-0.5921690694,1
-0.0668767860,0.7836645517,0
-0.6437234346,0.7642862161,0
1.0760637446,-0.0888724954,1
0.1580915882,-0.0307333737,1
0.9227113754,-0.6455814887,1
-0.7634349632,0.7563963620,0
2.0695301994,-0.2747118847,1
1.3863605599,-0.3314984583,1
1.3438331345,-0.4858952988,1
0.5937544268,-0.4079358178,1
-0.0546520003,1.0221140166,0
-0.9746020578,0.2703505983,0
-0.2792841307,0.7898676226,0
0.0672789321,-0.0121076046,1
1.4867744332,0.6548859248,0
-0.1894193495,0.7244700777,0
0.3384656009,0.9729104060,0
0.8096189062,0.0976546883,0
-0.3918435726,0.2768429110,0
-0.9052520970,0.0643362411,0
1.3578210059,-0.1408173851,0
0.1641490815,-0.0813364419,1
0.7087792572,1.1325372789,0
-0.7208347471,0.8875997705,0
1.0010187766,-0.4441655924,1
0.4678577936,-0.4162819604,1
0.9530033127,0.3829821683,0
0.6961336610,-0.6414244828,1
0.3293992923,-0.4350833023,1
0.1274799493,-0.0533121944,1
1.0277054555,-0.3282084659,1
0.2708824711,-0.1563174595,1
-0.7999415131,0.6934997771,0
-0.0280561227,0.0984086096,1
1.4637688154,-0.3673243106,1
1.4527801785,-0.6124104662,1
1.2426356777,-0.3015172587,1
-0.7730696853,0.7653758789,0
0.5310795842,-0.0048857704,1
0.4539654717,0.9411951878,0
-0.3595977347,0.7840593772,0
0.3003872858,-0.3546237289,1
1.8138345340,-0.6016314801,1
1.0491857653,0.0953086719,0
-0.8271295186,1.0173185703,0
1.5939853348,-0.4427005575,1
-0.4587039912,1.1116654009,0
0.8284494049,0.0341242639,0
1.2852391322,-0.4173766762,1
-0.0262557492,0.9391742010,0
-0.1804546230,1.0402869729,0
1.5627547998,0.1798968738,1
0.8582451648,0.2382895940,0
0.5232549977,-0.2861092426,1
1.5427937399,-0.4474804596,1
-0.5079204560,0.8955210548,0
-0.7893188753,0.6133473179,0
0.1546697731,1.2154264049,0
0.4045289558,-0.0871595613,1
1.2877354234,-0.3885029087,1
0.2800975586,0.6940254189,0
0.2078520860,0.1420186756,1
0.8248634244,0.2926979359,0
1.1454820539,-0.1505743987,0
0.1791170647,1.0721682848,0
1.0888976724,-0.7197039229,1
0.0748926074,0.9329276245,0
1.8341032631,0.5834857084,1
0.4415734943,-0.1753634860,1
2.2754320834,0.5896580659,1
1.2333855895,-0.7546838605,1
-0.6292210885,0.7464012625,0
-1.0228792403,0.1327340597,0
-0.0310243747,0.5799235706,0
-0.9120256870,0.3552110257,0
-0.0793665037,0.4586462309,1
0.0773438739,0.4021210998,1
-0.9434489485,0.1801537930,0
0.6464540546,0.2163539918,0
1.9743658822,-0.0905907880,1
0.4870788417,0.5741906983,0
0.8586616523,0.1341866721,0
-0.8458674115,0.5560888181,0
1.0563124071,-0.4947207050,1
-1.1247371880,0.7033796063,0
0.2633221561,0.7601846114,0
1.4035887426,-0.8968893747,1
0.8942436405,1.3570861477,0
2.1090072015,0.5625029125,1
0.8835481680,0.4733281326,0
0.6756660011,1.2092579542,0
-0.1099874031,0.1806816165,1
0.9607641067,-0.4831831757,1
1.3573194793,-0.1337281686,1
0.8366116063,0.6408271598,0
0.3381866409,1.1791448716,0
-0.5234993811,1.2025979092,0
0.0462509766,0.8159889105,0
1.2324405054,-0.7481581405,1
1.8246089045,-0.5206344859,1
-1.0871832835,-0.0004532998,0
-0.8326295714,-0.1247193588,0
-0.7517340289,0.4611908519,0
0.7547606794,0.4398612839,0
1.1171407994,-0.3955148622,1
-0.0956258279,0.8374097120,0
1.6175043848,-0.3949787688,1
0.2431381953,0.5064829418,0
0.6478308727,0.5474263650,0
0.9356513838,-0.1413898097,1
1.8023013073,0.5601248040,1
0.6645339898,0.6499525760,0
-0.6169239507,0.7761860843,0
0.2868785719,-0.1750583412,1
1.0969382831,-0.0845469451,1
0.2718564899,1.1961828695,0
1.3040518808,-0.4172920764,1
0.8566470287,-0.0331419611,0
1.9323724952,0.5623931540,1
0.7466634069,1.0346635656,0
0.3312143687,0.0416436284,1
2.0058815214,0.0328002770,1
1.0329785741,-0.1534715966,1
-0.4243985221,1.0080020757,0
2.2803279011,0.3940020603,1
0.4476380767,-0.3391393113,1
0.5175046897,0.0598887588,1
0.2427243578,0.0720055611,1
0.6261263874,-0.5148074975,1
-0.7588024604,0.6691568826,0
0.3747569603,-0.7858442213,1
0.1523275981,-0.0623716269,1
0.4511003122,0.8333945279,0
0.6304683853,-0.0741450266,1
-0.0736091891,0.7969192197,0
1.0731136231,-0.1992858922,0
-1.3941245000,0.2319753736,0
0.9940452463,0.2674366319,0
-0.1021149812,0.9511124333,0
0.5438379739,0.8737617460,0
2.0774724202,0.6551087239,1
-0.9448692413,0.5142645703,0
0.2855026832,0.8868763703,0
-0.8017201479,1.0285250332,0
0.5349220163,0.5147473721,1
0.9708371247,-0.1906423849,1
0.6236914623,0.8861303370,0
0.2574985209,0.6476114108,0
0.3516113780,-0.1873217096,1
1.0356073687,0.7855385196,0
-1.0674830576,0.9471258506,0
0.8990383122,-0.1554530841,1
0.0345094636,0.7303223281,0
-1.0502955215,0.2771318704,0
1.6606678541,-0.4083948262,1
0.4323076446,-0.7044528455,1
-0.9772121749,0.7005153739,0
0.7779159234,-0.3550453189,1
1.4164662132,-0.0935483885,1
0.4670241016,1.2897725438,0
0.7956193509,0.8075019185,0
-0.7453937557,0.8016527759,0
-0.1751180705,0.5288109826,1
-0.6206599953,1.0145327078,0
2.5203542213,0.4247219380,1
1.4365577441,-0.7526326954,1
-0.5181642672,0.9140388975,0
-0.6102589370,1.1865007997,0
-0.5040206667,1.0113804135,0
-1.2027576682,0.8371449325,0
1.0796184387,0.2382290932,0
1.0698345649,0.0601219652,0
0.7302984739,-0.1735071013,0
-0.1270081516,-0.1270208275,1
-0.5046416105,0.7947334259,0
-0.0437186019,0.2681500926,1
-0.1703224814,0.7896447766,0
1.0874920359,-0.3787896075,1
0.3124392699,0.7040962603,0
0.3761923040,0.8119305798,0
0.7191792974,0.0939376568,0
-0.8330555334,0.1521443804,0
1.5121027874,-0.1921106264,1
1.9949318009,0.7122242898,1
0.9251857305,-0.6643605522,1
1.5550380682,-0.4239103734,1
0.5386144387,-0.5500779419,1
1.5679317698,-0.1572768501,1
0.2028149988,1.3763095657,0
-0.3550483080,0.9285383992,0
-0.7322612837,0.6307713135,0
0.6008666510,0.7493090342,0
0.6455754995,0.9226866137,0
0.4779462255,-0.2305077583,1
1.6408335476,0.4541265979,1
1.7869385507,-0.6096922171,1
1.2256450321,0.1121989419,0
2.0628830315,-0.0526482870,1
1.6505866465,-0.1034438666,1
1.3648261329,0.1380349236,1
-0.9966667638,0.4047025001,0
0.2655779696,0.1731231270,1
0.9286451611,-0.2576092223,1
-0.3411065699,1.2132020821,0
1.5230393414,-0.1288617442,1
1.0348376147,-0.8372664291,1
1.7601128883,-0.0463934273,1
-0.5521139905,0.5602652428,0
0.2583484802,0.2087853834,1
1.8241779118,-0.1096984785,1
-0.7782074336,0.0772220575,0
1.1178924876,-0.8303185421,1
0.3128627757,-0.1104962219,1
0.9018746244,-0.2999735184,1
-0.3105192225,0.2423579172,1
-1.1869474612,0.3370809913,0
0.5010066837,0.5441584865,1
0.4013616406,-0.4865690320,1
0.2919505259,-1.0085437934,1
0.0469215979,0.7124148493,1
-0.7390558811,0.0070936215,0
-0.5790838803,0.7312867135,0
-0.6018254852,0.5815369007,0
-0.1134868975,0.0246814978,1
0.5707513386,1.1205563607,0
-0.4337960418,0.2802616411,1
0.0394783841,0.0038079078,1
1.9290287839,0.0806621363,1
1.2547188560,-0.6855104200,1
0.5706582630,0.7737006888,0
-0.5342380336,0.3066889435,0
-0.8080367657,1.1465992029,0
1.0726919553,-0.6076982051,1
-0.7905538701,0.5666298007,0
-0.5798977265,0.9311711941,0
-0.7925066984,0.5173008900,0
-0.1959296958,0.6355794780,0
1.0084976928,-0.4015835650,1
1.9494494654,-0.0768756775,1
0.0197354477,-0.3729504015,1
-0.5394487834,0.4929946597,0
0.2486542894,-0.3675919051,1
0.8318431004,-0.6169610252,1
0.6926022084,-0.1909711083,1
2.1768984678,0.6075474706,1
2.3936193424,0.0907375553,1
-1.0783966601,0.2730206541,0
1.1406521921,0.0566121315,0
-0.7824857270,0.8513651056,0
0.1650864819,0.2788598536,1
1.2040046554,-0.6435381484,1
-0.2465630489,0.8327376778,0
0.2507258880,1.2661536154,0
-0.9255900925,0.9886613220,0
1.3967526022,-0.5969639768,1
0.5679439116,-0.5312551764,1
0.7497658652,0.4274887075,0
0.0675355735,-0.5803254174,1
1.6074228167,-0.1792046462,1
-0.1509050551,0.3197403443,1
0.2070853988,0.3909635096,0
-0.9798580796,-0.1619432431,0
1.9461231181,-0.0978497660,1
2.1652723128,0.1391629200,1
0.7769701434,-0.2026616094,1
1.0881371097,-0.3296284456,1
0.8623729812,-0.3126747512,1
0.5586527172,-0.2403549783,1
1.9488212519,0.3432780049,1
0.6468868604,0.9511322544,0
1.8430004920,0.0016402159,1
2.3252128649,0.5788032296,1
2.0879535766,-0.0990594551,1
0.2796632679,0.9457316499,0
0.7016630301,0.7270875633,0
0.4938012952,-0.1128507854,1
0.4750071626,-0.5515017056,1
-1.0141899833,-0.1303772804,0
1.5816002102,0.0049565027,1
-0.7416626081,0.6930722941,0
-0.0587431912,0.3867918366,1
1.4856309554,0.0495794232,1
1.7445770442,-0.1985569677,1
-0.8526736030,0.3160201871,0
2.0597436249,0.2916298917,1
-0.1027506455,-0.0646402351,1
0.9979551581,0.8714113007,0
-0.7347580293,0.5887783869,0
0.0993681788,0.5684100425,1
-0.4871791395,0.6951469714,0
2.1113745865,0.4238199375,1
0.3275506847,-0.5293559209,1
1.4299139074,0.0058782402,1
0.8065420106,-0.4152549385,1
1.1019723036,0.0665982159,0
-1.0230671834,0.2271453354,0
1.3204813479,-0.3761160651,1
-0.8985770295,0.6877906131,0
0.3730577891,0.9083078767,0
-0.0957909497,0.5434031813,1
0.1412085566,0.1596255942,1
0.6333902756,-0.1536441827,1
0.2954535262,-0.4878269368,1
1.1976399677,0.1517036332,0
0.7642927394,-0.5546422970,1
0.3751123046,0.9702220643,0
0.2818015559,0.5441061838,0
-0.8097782595,0.3284791080,0
0.9588444025,0.6589669652,0
0.5323208311,-0.4255210487,1
2.3035422269,0.4557378165,1
1.6242445051,0.5218925352,1
0.9263807557,0.0384919645,0
2.1122097484,-0.2079877975,1
0.1692489627,0.9541403116,0
0.1583995492,-0.4306627946,1
-0.2116280909,0.3466198610,1
-0.2835941829,1.1486583453,0
-0.3424264122,0.8866967894,0
-0.6748015822,0.5509511716,0
-0.6865856565,-0.1620229624,0
2.0392084826,0.0002818614,1
-1.0781156021,0.5676633216,0
0.5006527779,-0.2276165984,1
0.1781687800,0.8170710508,0
-1.1316604332,0.7479872557,0
1.8388088190,-0.1288504331,1
0.7253836276,1.0207885935,0
1.8472205805,0.4155150921,1
2.1227372670,-0.2014481803,1
0.9935747180,0.8747744104,0
-0.0801136224,0.2016241802,1
-0.1570539731,0.6166714209,1
0.2202253423,1.1016196576,0
0.7011771996,0.5407589327,0
-0.1684931509,1.0972939922,0
1.0434645823,0.1210947395,0
0.0465026078,0.0308819165,1
0.6755501207,-0.0518285181,0
-0.3669488753,0.8723969843,0
1.8381318959,0.1571575879,1
1.6459828719,-0.9071282614,1
-0.2687473607,0.9674271835,0
-0.4009807051,0.7434841292,0
0.2397865637,0.4171307196,1
1.9521110088,-0.1817235710,1
2.1834132654,0.4273585913,1
0.8533964820,-0.4471983376,1
1.0355858315,-0.8134742172,1
1.1716826216,-0.1857223921,1
1.9747375399,0.1876987093,1
0.8597811693,0.7772305639,0
1.4207698546,-0.1432129712,1
0.1103045326,0.0703906487,1
0.9077493157,0.3954605254,0
0.6566017929,0.4020595853,0
0.7448672658,-0.3472493187,1
0.9208750128,0.1551513244,0
-0.0316754500,0.2300322182,1
2.2743975637,0.2487298695,1
0.4499648678,0.4739453151,0
1.2699702465,0.1103930790,0
-0.7355399792,0.3666096214,0
-0.9590031920,0.8719034404,0
0.6964111986,-0.1234062427,1
0.2502864830,0.7053735727,1
0.5950122982,1.0844622699,0
-0.9319753991,0.7239071633,0
0.2235780527,0.9332197071,0
0.4461423539,1.0510561503,0
0.6289108777,0.7150305068,0
1.8815115589,-0.0547471642,1
-1.1565452736,0.2545066921,0
0.8495426971,0.8829756859,0
1.1669623323,-0.3742053064,1
-0.7416858282,0.4567092688,0
1.0486124222,-0.4155549611,0
1.0205146750,-0.4367449622,1
-0.8894154206,0.8670956301,0
-0.1326585276,0.8856900078,0
-1.3537563645,0.3956438439,0
0.6551711272,0.9165329066,0
0.1518589224,0.0930813234,1
0.4623317244,1.1263275247,0
-0.9670138348,-0.1293718889,0
1.1870210042,-0.3160395538,1
-0.6722791966,0.6187856016,0
1.0137124260,1.0656586404,0
-0.0743297730,1.1288369110,0
0.9651902270,-0.0093085498,0
-0.5139348602,1.1514019378,0
0.4118792194,-0.7225496696,1
1.7539163929,-0.0086851478,1
1.7680655020,0.0069634545,1
0.4871444732,0.0415226281,1
-0.2672674212,0.6456288459,0
-0.8162415968,-0.1394160343,0
2.0061696494,0.0935464254,1
0.8862917185,-0.4073780922,0
0.0762714885,0.3621235776,1
0.4813185458,-0.6583304882,1
0.6355258314,-0.7227993227,1
0.1562780799,0.5305071128,1
0.2678239371,0.5988782968,0
0.9692270602,0.1949452986,0
0.2726192990,0.5908082443,0
0.6912246247,-0.3365195705,1
1.0158918700,-0.3657799021,1
1.2662111517,-0.0965041362,0
-1.0767354920,0.0724617815,0
1.3360392597,0.3069681989,1
-0.0062731577,0.2274871681,1
0.4893749624,1.1324452418,0
2.0078733550,-0.2680696504,1
0.6633574340,0.5466119810,0
-0.7094472806,0.7556571608,0
-1.1682107868,0.4198477481,0
0.4382890078,0.1206997026,1
1.2103606986,0.2744113061,0
-0.0284653860,0.1459046089,1
1.6426636724,-0.2865594259,1
0.3427814342,0.0411565432,1
0.8658644103,0.2463482801,0
0.5072155054,0.9787480537,0
1.1404422723,-0.1818460259,1
-0.7974478680,0.1828241207,0
0.8346920823,-0.5285791237,1
0.9125702237,-0.7770535203,1
1.6493545466,0.2853960541,1
0.9975384672,0.4565869172,0
-0.9794230150,0.4727680194,0
1.1097747280,-0.8183805327,1
-0.9971536625,0.2980415713,0
0.2888169644,0.8451171174,0
1.1294417005,0.2059242495,0
-0.8856111387,0.5370517225,0
1.6684396966,-0.7096542114,1
0.3981678957,0.9860773577,0
0.5366586547,0.0524444231,1
-0.1427626387,0.2606533285,1
1.7402663088,-0.1269346383,1
-0.1252745991,0.7364764504,1
-0.0394365975,0.3717979825,1
0.6037800371,-0.0815720386,1
-0.4622880310,0.7644386792,0
0.5472507403,-0.3645126924,1
2.0499591401,0.0570036388,1
-0.2422564438,0.2490831379,1
-0.7447058702,0.8143909320,0
0.9097047213,0.3067379525,0
-1.3034123610,0.5889736720,0
0.8759039069,-0.5681537915,1
-1.0003638251,0.0381673093,0
0.4187113424,1.1945693290,0
1.8284018525,-0.2451639783,1
-1.1020806158,0.3029763812,0
1.9195210749,0.4890200907,1
0.2606537137,0.1929768051,1
1.4855268479,-0.2188994916,1
0.3436882838,-0.5108296355,1
0.6447027946,0.5844488714,0
1.8309176921,-0.3203136904,1
0.5848905800,0.4671723106,0
0.0478783504,0.2620762630,1
0.1574270755,0.7634583168,0
1.1151350865,0.2111492883,0
-0.3605079006,1.0101408062,0
-0.6913637586,0.9835502958,0
0.8051521251,0.4544881026,0
0.9574688498,-0.4631218442,1
1.9584029147,0.5541810275,1
0.9501429074,0.3435221003,0
2.0792525257,0.1746614475,1
1.4908503802,-0.3367801518,1
-0.0678938795,0.5739796754,0
0.3251908272,-0.3208579985,1
0.0057985074,0.4351325458,1
-0.1595136534,1.0211632079,0
1.1090252746,0.4443478464,0
0.8613115651,0.2115103056,0
-0.8141149741,1.1485446694,0
0.1626968090,0.4401388248,0
0.7342240743,-0.2013862791,1
1.5553646843,-0.2722759214,1
0.2799148381,0.3180209157,1
-0.4783146127,0.2778008894,0
1.3979501404,-0.8705689612,1
0.4091449307,-0.5291437385,1
-0.9355214348,0.2063832704,0
0.5244981532,0.6845355884,0
2.0698356159,0.5562233008,1
1.0278830023,-0.3611464573,1
1.2315671082,-0.2207242400,1
1.0972773973,0.1883245104,0
0.2421050169,0.7162619091,0
-0.9570508230,0.1218616457,0
1.0430771606,0.4051075307,0
-0.9178764149,0.4748877941,0
-1.0462728442,-0.1752611126,0
-0.9940843962,-0.0526570269,0
1.7536379332,-0.0537901234,1
1.3794456048,-0.1700218328,1
-0.9577401610,0.4560116904,0
-0.6267068336,1.2149492398,0
0.7356723888,0.5478751772,0
1.6236503456,0.2624402443,1
2.0809336662,-0.0222046685,1
-0.7559503414,0.0275875122,0
-1.0288381101,-0.0919941873,0
0.1496107033,0.0610691505,1
1.7340731652,-0.4996067422,1
2.0321033164,0.3293072524,1
-0.2420892042,-0.0019532396,1
1.6212536222,-0.2080348025,1
0.8382405979,1.1397030937,0
1.4028087179,-0.4869641067,1
1.1512570352,-0.6069284816,1
-0.6382596948,0.2118691160,0
0.5268487644,0.7615202135,0
0.5872300324,-0.7557679665,1
0.1525996300,0.5375586195,0
0.4181858850,-0.1946101554,1
-0.2863669599,0.8411339857,0
1.0296850848,0.7911926702,0
2.0676222899,0.5997702793,1
-1.0499031600,0.4157446371,0
1.5920858347,-0.3910648857,1
1.0669757486,0.4223898526,0
-0.1228575066,1.2568712379,0
1.0920765298,-0.4897887323,1
-0.3887150075,0.9999487993,0
-0.1530337284,1.0254502328,0
0.3407798188,-0.1079433361,1
-0.9336103896,0.2405252020,0
0.1911422391,0.0303885154,1
1.0853496347,0.2710588041,0
-1.0500852689,0.2422288009,0
1.8105320467,0.4643420029,1
1.3922327737,-0.4435883418,1
0.2198889755,0.4460798606,1
-0.4117460453,0.9474682109,0
0.8595168720,0.6613998099,0
-0.9551510771,0.6599678778,0
2.0000036011,0.3084579795,1
0.4429244275,-0.7093645418,1
0.3969851248,-0.0460296591,1
0.7461838821,0.8111247503,0
-0.6752986260,1.0795682057,0
1.0203520763,0.8714510329,0
0.7393459955,-0.1966236444,1
1.4298149062,-0.1058907951,1
0.4983265197,-0.1416133826,1
1.6254327473,-0.0038454569,1
0.4618353545,0.4246450615,0
1.5353375240,0.1481270736,1
0.2913698698,-0.0513913586,1
-0.7295348430,0.3134814848,0
0.5323457374,0.9523229501,0
0.6031337945,-0.3862748476,1
0.5110179540,-0.5676735478,1
1.0540198502,-0.2568819207,1
0.4969817889,1.1904215571,0
1.2096419388,-0.5536504365,1
-0.6388177690,0.5768353945,0
-0.9896227712,0.0043586368,0
1.0935462202,-0.3445696066,1
1.0058452624,0.7147685654,0
-0.4658714579,0.5897572410,0
0.4288666323,0.8172489083,0
1.9069843480,-0.3058240671,1
0.4052816441,-0.2995007069,1
-0.2842070547,1.0455072628,0
0.2421906800,1.0661652169,0
-0.1905604564,0.9435509032,0
0.9788379950,-0.5718534170,1
-0.2352513978,0.3569685320,1
1.5586589375,-0.3188884048,1
-0.4369809767,0.6453886573,0
-0.0816717429,0.6861278329,1
0.2013505802,-0.1769180520,1
0.6047703555,-0.2777278782,1
1.6898048005,-0.0285903030,1
0.5423447767,-0.6314703827,1
-0.9415382538,0.2592251562,0
0.5801739981,0.9260915297,0
-0.6247337415,0.6612368258,0
-0.1520783225,0.0924960134,1
2.3928284533,-0.1493954478,1
0.9283127347,0.7787686222,0
0.9077381757,-0.6716779248,1
0.6303043549,1.3759828518,0
-0.5112071150,0.4906607301,0
-0.6546948711,0.0586036875,0
0.8978714751,-0.8219882479,1
0.0951993070,0.2724400716,1
-0.5955305870,0.8834172821,0
0.9679533909,0.2809651691,0
-1.1356077690,0.1252723494,0
1.1967028250,0.5503874087,0
-0.7472390841,0.7727566166,0
0.3505775011,-0.2155957061,1
-0.2240535603,1.1312330965,1
1.0069585902,0.3498784038,0
1.5641922510,0.3655920342,1
1.7487204948,-0.0880046433,1
0.0700925501,0.9713904299,0
0.9285445420,0.0657863117,0
-0.1021995626,0.8242656442,0
0.8026108345,0.9656377349,0
-0.6486359036,0.5429739315,0
-0.2585492459,-0.2017862110,1
1.1432263112,-0.7958951811,1
-0.3732798828,0.9654808669,0
-0.7404391832,0.5088490070,0
0.0517356333,0.4112053557,1
0.1427803401,1.4183199072,0
-0.7112606948,0.1283850061,0
0.2393218817,0.4800017522,1
-0.2239875672,1.1693434084,0
0.6959512691,0.9386266357,0
0.2823769682,0.9264505266,0
0.7596801244,-0.3914599533,1
-0.7324140301,-0.2809995233,0
-0.4859960650,0.4666902086,0
1.9414805936,0.6224978510,1
0.6794790147,0.5140346944,0
0.7275279458,-0.1897691897,1
-0.5037043373,0.7082934395,0
-0.1511216451,1.0768264633,0
-0.0648067376,-0.2998762363,1
0.1105599907,0.0947140621,1
2.1878312082,-0.2332597154,1
1.7075002061,-0.4821779638,1
0.5642187645,-0.4937714187,1
1.2101387029,0.0206048952,0
1.8021425156,0.4558533212,1
0.7983057238,-0.3884134790,1
-0.0551601712,0.8009169131,0
-0.5357039731,0.8859867582,0
0.7664827821,0.7217061860,0
-0.7050644598,1.0408840158,0
-1.1281239140,-0.0410908932,0
2.1418978123,-0.5430124103,1
0.0733681248,-0.2440841951,1
0.7059668767,0.3327164712,0
1.3212281522,-0.1920875960,1
-1.0020720577,0.9034320009,0
0.7555494981,-0.0043182547,0
1.0890806822,-0.4406878999,1
0.6771443217,-0.0929705155,0
2.3742831524,0.5429045947,1
0.0209682278,0.7240633876,0
-0.2235451488,0.5566993432,0
-1.2155314373,0.6000395755,0
1.4301458317,0.1429981402,1
-1.2237067263,0.1038902477,0
2.2065899296,0.0601253165,1
0.8253223147,0.5146569483,0
1.9318409234,0.5423236462,1
0.2502660099,1.1247888917,0
-0.5862000971,0.8884029969,0
0.6407049705,-0.6598127278,1
0.6228129295,0.4544887435,0
-0.6581617619,0.3044039853,0
1.9928674643,-0.0940157914,1
1.8098233485,0.1876173858,1
1.1860487238,-0.4058660495,1
1.1088337115,0.2310295235,0
0.1253543345,0.6621990763,1
-0.8165996159,0.9199130774,0
0.7217597656,0.4751487130,0
0.8584146545,0.5631112874,0
0.8498873075,-0.2231924191,1
0.3268978354,-0.0363149962,1
2.2803213315,0.3711300066,1
1.2047796805,-0.6461526474,1
1.3542393236,0.0095531511,1
-0.2222901588,0.0765525853,1
1.1154655972,0.0125659483,0
0.1263262961,0.2130580664,1
0.8756832764,0.8962340180,0
-1.0197309487,0.4218094827,0
1.4439464745,0.0926499062,1
-0.4360624589,0.9840354524,0
0.3878863279,0.8094284211,0
1.6051569396,0.1007032653,1
0.5270002973,0.4518184819,0
1.5203298648,0.1777595022,1
0.1768835953,1.0847642310,0
0.7153882774,-0.2399743245,1
1.3045562339,-0.4000626574,1
0.8422523738,0.4110996237,1
0.9158277766,-0.4052954078,1
-0.9252484605,0.4426374617,0
-0.1583242055,0.9506550383,0
0.7872470121,-0.0812010194,1
-0.8072602126,0.7945306344,0
1.1087672551,-0.6698925992,1
1.7220004342,-0.3340982103,1
-0.9821286622,0.0739479524,0
0.0185680452,0.9274823508,0
0.9520726580,0.8360055960,0
1.1590325285,0.1136065870,0
-0.1663362535,1.0711492659,0
1.0628099871,-1.0325452273,1
0.0268044549,0.4516981438,1
1.8118127828,0.4451886876,1
0.0848886393,0.2975013701,1
0.2801467468,-0.1251106426,1
0.9533063666,0.3940411446,0
-0.5606563822,1.0281777183,0
0.7282998749,0.7647217102,0
-0.9696892655,0.3636597547,0
-1.0543532659,-0.1180893827,0
1.4484738718,-0.3785137516,1
0.0364553190,0.8071793062,1
-0.5965161397,0.5582029656,0
0.2185855775,-0.2467606750,1
-1.1638860746,0.3550774381,0
0.0027945151,0.5742245303,1
0.1945710931,0.8206260016,0
0.5977396667,0.0830580040,0
2.1398824413,-0.0736779300,1
0.3943282831,0.5763814739,1
-0.8802947175,0.4304016369,0
-0.9942872294,0.0900034296,0
1.7535252478,-0.5105575281,1
0.4409915261,-0.1477255868,1
1.4567885404,-0.4229742634,1
1.5287492546,-0.3247219648,1
0.6533083599,0.6949976065,0
1.5608027568,-0.6397771284,1
-0.9431509734,0.0507367990,0
0.1904638509,-0.6673669110,1
0.1272715820,0.1518692341,1
1.1211494620,-0.4401490511,1
0.3147174228,-0.4286480438,1
-0.4056811070,0.9175559098,0
0.7393191538,-0.6162280985,1
0.3330408574,1.0906124195,0
1.0244341115,0.4120212109,0
1.8156281871,-0.4243747163,1
0.4426515806,1.0481656823,0
1.9467807198,0.0868972934,1
1.0039749100,0.0469738672,0
-1.1234311043,0.3354919596,0
-0.5851219369,-0.1367155787,0
0.3021149207,-0.2897172547,1
0.6712567771,-0.6369580393,1
0.9749754040,0.7146753923,0
0.2439133048,0.3331897365,1
0.3005187856,0.0212117753,1
0.5415942437,0.5801900013,0
0.0142290879,1.0086243435,0
1.2165571085,-0.3996682085,1
-0.5818765929,0.4698827614,0
1.8743328540,0.2401569489,1
0.1502881135,1.0216574605,0
1.8427493675,-0.1522980267,1
0.8801028134,0.8329252517,0
0.0073731363,0.1020234352,1
1.8572155989,-0.5142593351,1
0.9899724365,0.5235829071,0
-0.6037927108,0.1212748146,0
-0.5670298884,0.4935407866,0
1.3686732034,0.2379989724,1
-0.0478828764,0.5167919960,1
0.4224735771,0.8714784010,0
-0.8263880096,-0.0618401046,0
2.0012740387,0.0792367431,1
0.2555616616,0.0566423574,1
0.2683225620,1.0771763187,0
1.4324879464,-0.0323562278,1
1.0355686824,-0.4242136565,1
1.7531445929,-0.2143477665,1
1.7037720853,0.6230728191,1
-0.8890238707,0.8593139850,0
1.0519686965,0.8953960885,0
1.0936690320,0.1596969374,0
1.2061076123,-0.4307452615,1
0.9226168805,-0.5991192031,1
0.7392308560,0.1885398560,0
-1.0050863097,0.2783533206,0
1.0522281052,0.0025763089,0
1.8970874659,0.3338870240,1
0.3278470259,-0.2414232530,1
0.3826488303,0.6955743818,0
1.8779420542,0.1350221638,1
0.1389700552,1.2769776297,0
0.2738402229,1.0331187900,0
1.8574538939,-0.3884369223,1
1.8534751207,0.4079574919,1
2.0426191973,-0.0229243746,1
0.8807974662,-0.3013778276,1
-0.2580406421,0.8958965173,0
1.6869233446,-0.2635430205,1
0.9408087140,0.2497803344,0
1.2796479063,-0.5469810376,1
-0.1053939254,0.8667847817,0
1.9451049333,0.3620794627,1
0.3134978225,-0.4709904205,1
-0.4401366556,1.2751587458,0
0.1293290731,-0.2981504629,1
0.0410765948,0.9923775127,0
0.1773266460,0.8081363626,0
1.3496892458,-0.3802673338,1
1.7692751641,0.2340268044,1
0.5612543492,0.1825028470,0
1.5969340974,-0.4239339290,1
1.1624800302,0.2618241275,0
-0.7335565088,-0.1948599303,0
0.5632397100,1.3445178699,0
2.4523635963,0.3526240410,1
0.0595253320,0.0799672337,1
0.5346732561,-0.4964266410,1
0.4306595156,0.1771829403,1
0.2573185734,0.0839315983,1
-1.2102480421,0.6392272341,0
2.0146621820,-0.0816203453,1
2.2271462305,0.2064960060,1
-0.5650281500,0.2870812283,0
0.7012796521,-0.2949691952,1
-0.6065651903,0.7219447075,0
0.2067641426,-0.5690030420,1
-0.9812010356,-0.4401606477,0
0.1309940089,0.1741706556,1
1.9647632659,0.3707070428,1
-0.6436120088,0.4664654427,0
-0.6191083384,0.7779836817,0
0.1955969561,0.0124131166,1
0.0940591571,-0.5237074438,1
1.3109258836,-0.2446558373,0
0.3368501599,0.9598795167,0
0.5364204879,0.8797498588,0
1.6965313469,0.0023589526,1
1.1122649335,0.7013758428,0
0.2612242792,0.0901505967,1
0.4768976419,1.0621261929,0
0.3716504457,1.1152015295,0
1.0609235910,-0.4564696447,1
1.8926101442,0.3588593554,1
2.2219291892,0.1408318063,1
-0.8003625355,0.6567114170,0
0.1052804168,0.2998707869,1
0.0754936927,1.1802959103,0
1.0335475772,0.4354310658,0
0.9771786405,-0.7489625105,1
1.9004494687,-0.1067719035,1
1.4465413934,0.1144954724,1
0.9709719784,0.6998561071,0
0.5427271538,0.9605315594,0
1.7498262795,-0.2092081658,1
1.8830700650,0.1847064300,1
-0.7369303936,0.3124171188,0
1.1869599372,-0.2621582467,1
0.6461377089,-0.5835517147,1
0.0465971609,0.8898194756,0
0.4931149524,0.0934481567,1
2.0385103928,0.4342625034,1
1.0298532321,0.4853032664,0
0.4247720784,0.8772550840,0
0.5195126957,-0.2310480745,1
-0.5787537390,1.0073817619,0
1.1828581507,-0.2914160957,1
0.6283190683,0.8326697908,0
2.0774538745,-0.5073381043,1
-0.0154445148,0.1240330879,1
-0.8732758101,-0.1749568157,0
-0.9912048794,0.0063656430,0
0.0035734721,0.2522717080,1
1.9503711334,0.0858298781,1
1.6737912475,0.0319357861,1
1.7186861497,-0.0060073805,1
-1.1592081001,0.3647500969,0
1.2454124567,-0.1322977532,0
0.0930271082,0.5547974277,0
0.0002006300,0.6670462173,1
-0.0388518270,0.3273174525,1
-0.2274992434,0.9383277895,0
1.5712034318,-0.1110942856,1
-0.1976221811,0.5305789643,0
1.5184048418,-0.7451170755,1
-0.4759456263,0.7184809058,0
-0.0073485742,0.7265636583,1
-1.0158753572,1.0369468129,0
0.0017654502,-0.0065299286,1
0.6218559562,-0.4656484123,1
-0.3066069936,0.7048778357,0
0.1213212384,0.1885826366,1
0.9893981940,-0.1349920571,1
0.4542704288,0.1413425027,1
0.3612491548,0.2713908990,1
-0.0802112698,0.6624258445,1
-0.2205534774,1.0499834765,0
1.4372132850,-0.2059097633,1
-0.7169994100,-0.0348170659,0
-0.2919709415,0.5302945187,1
-0.7706999079,0.3983527400,0
0.3791386628,0.1258299353,1
-1.1563066800,0.2173625524,0
1.5435878669,-0.6191142086,1
1.1548927948,-0.3752764369,1
0.4101942683,1.0266123734,0
2.1035516154,-0.3923524892,1
0.4098557778,0.9833615773,0
0.5238712456,0.6221081122,0
1.1870842372,-0.4450298914,1
1.7921957772,0.4549698197,1
-0.5324300720,0.7730507740,0
2.3499046114,0.2649395037,1
-0.0107764716,-0.1755678424,1
-0.1512821913,1.0021554716,0
0.5591058891,0.4290632493,0
0.3325436756,0.1844764661,1
0.5650943491,-0.4801821470,1
0.1186169128,1.1525175668,0
1.1506064797,-0.5883455095,1
-0.1077613176,1.2805933707,0
-0.1697353992,-0.3812960959,1
0.6947534848,-0.8975258621,1
0.4465230313,0.5992614865,0
2.0526309085,0.0561533793,1
1.6927823819,-0.2663481277,1
0.1521679962,0.4024592726,1
0.4620370349,1.2329798948,0
-0.1247695501,0.8447358647,0
0.5233033041,0.1624875095,1
0.7612420051,0.4034114199,0
1.0355150261,0.2725535823,0
1.0890638299,-0.1075310615,1
-0.5101031234,0.7942837261,0
1.6475607472,-0.5943903950,1
0.8884312376,0.5566938216,0
1.1047075765,0.8694566733,0
0.0429067096,0.8052118567,0
0.4321829632,-0.4378723076,1
-0.5276620639,0.9795789039,0
0.4954479339,-0.3017434774,1
0.2498788130,-0.2892849493,1
-0.7393594964,0.1370579329,0
0.6208504223,1.3214443039,0
0.5064770175,-0.2974605914,1
0.7594586657,0.3865882886,0
-1.2691503387,0.0212203463,0
1.1239435078,0.0419253346,0
1.6995539653,-0.1480835492,1
-0.1655972325,1.2300281812,0
0.9753509768,1.1960919225,0
-0.4970530315,0.5350176093,0
0.3890722657,0.5355715970,1
-0.4956641972,0.5021789219,0
0.7796745608,0.6869173426,0
0.0218405731,0.8123037344,0
1.2325841109,-0.4248473882,1
-1.1657087988,0.7546598492,0
0.8326327711,-0.7563853434,1
0.0905603485,0.3556537438,1
0.1619191070,0.1782827176,1
0.3359372432,-0.2050601661,1
-0.0832618418,1.0441058056,0
0.0561983978,0.1313677186,1
-1.1010541907,0.3068508511,0
0.0434257882,0.3185393325,1
1.6812823834,0.8087465186,1
0.3564534347,0.8773284816,0
0.3981095255,-0.1470647499,1
0.3383267309,0.0243567321,1
0.6789958414,1.0532412059,0
-0.7412067425,0.6883038952,0
0.6750504093,0.3499914200,0
-0.3191329282,0.9351983031,0
-0.6838893543,0.9070589055,0
-1.0641092071,0.5424103850,0
2.2191727940,0.7892932458,1
1.2193224574,-0.5277966461,1
0.4536394169,-0.9140614268,1
0.0846450241,0.4118059718,1
0.6181972917,0.6654513676,0
1.4205774853,-0.5206153232,1
0.9690974675,0.5104835322,0
0.2020306069,-0.3500579349,1
0.9633958121,0.0054266696,0
0.2744734867,-0.7220802908,1
1.9105123863,-0.3340502738,1
0.8112136882,0.0507485953,0
1.1586419821,-0.0927730904,1
-0.6149784125,1.4802340092,0
2.1376768198,0.3310035694,1
1.4762834550,-0.3065955445,1
1.1473566309,0.8426906563,0
1.0435262593,0.4579883055,0
0.1096315980,1.1123800890,0
-0.6674113414,0.2468867745,0
0.8243711822,-0.7270124569,1
-0.2373003216,-0.0928836608,1
-0.8997067761,0.5323364436,0
0.7322145651,0.6869121560,0
-0.4507401996,0.2831413962,0
-0.8492024879,-0.2340109286,0
1.6214240472,-0.0266426870,1
0.7123265628,-0.4173146911,1
0.6031548066,1.0891661890,0
0.5967389214,0.6700920520,0
-0.8720407986,0.7469917880,0
0.5361158129,-0.5714036874,1
1.3679709559,-0.2001210283,1
0.3139703632,0.7715495119,0
1.5407233292,-0.6047165436,1
1.1688269704,-0.9287433731,1
0.1066663370,0.2740830026,1
1.5557262454,-0.1307513488,1
0.4304216613,0.8600391001,0
1.9248225128,-0.1533019098,1
-0.1977382590,-0.2337662238,1
0.8934711625,0.6512074598,0
1.8445088568,-0.4288345124,1
0.7931642740,-0.0582575806,1
0.0277983359,1.0264914679,0
-0.7249087213,0.7646925952,0
0.7315012476,0.1754357981,0
1.0800005117,0.4208903354,0
0.1847395529,0.3422029129,1
-1.1025358412,0.3056995412,0
1.0199795098,-0.0008075662,0
1.6041632058,-0.7208028899,1
1.1783207037,-0.6015867335,1
0.1218735755,-0.5009524921,1
0.0212652625,0.3268207252,1
0.4675125389,0.7395458823,1
-1.2182049255,-0.2364126263,0
-1.1681742408,0.4138609126,0
-0.6053521422,0.4161693892,0
0.4343948823,0.7758644724,0
0.4336640887,0.8778265192,0
0.9592029767,-0.5071973100,1
-0.3808524682,1.2594400220,0
0.9933637261,0.9601190100,0
0.5799261490,-0.4362897079,1
-1.1057145994,-0.0750802049,0
1.2404353885,-0.9509913019,1
0.5939326464,-0.5614579579,1
0.0420579056,-0.4569611656,1
2.2191257525,0.0744842830,1
-0.4131881882,0.7504464843,0
1.7653315953,0.4355113181,1
0.6981878671,0.7246462594,0
0.7642023942,1.1704108511,0
1.7554519419,0.4222687078,1
-0.4851531698,0.4278124334,0
-0.0232505482,0.4805506725,1
0.3334917860,0.1518396750,1
-0.2758981283,0.7790899643,0
1.2459834844,-0.7051753394,1
0.6526739423,0.8318656477,0
1.4967163469,-0.3925565497,1
-0.7792101677,0.1631950855,0
1.9222791321,-0.2406805716,1
0.6382894177,-0.0572623047,0
-0.8143335847,0.4212971736,0
0.8567639138,-0.4501312979,1
0.7348566070,0.6191250418,0
0.2575323441,-0.2836029815,1
-0.4705506362,1.2606376097,0
-0.6613042026,0.7526047689,0
0.1138016420,0.9896446500,0
0.4939981487,-0.1108069962,1
0.9173101190,0.1851053417,0
2.2642856943,0.2373260314,1
1.1897940235,0.1535254715,1
0.7356499306,0.6658557944,0
1.9121607446,0.1002622553,1
-0.2447366377,0.5814186576,1
-0.2853607430,0.8130515407,0
0.5951139596,-0.7385390898,1
1.5516026443,-0.4876201261,1
1.5411663127,-0.1419727090,1
-0.2342907082,1.1111582219,0
1.7915337810,0.3017791040,1
-1.2995279678,-0.2444751216,0
0.1007600529,0.1343939554,1
0.3365724306,0.7022208315,0
0.5713313955,0.3093407330,0
-0.5712870876,1.0602547133,0
1.2789076452,0.0627264476,1
0.6021789593,-0.4109336887,1
0.4518654598,0.4192761835,0
1.4985398396,-0.4495843743,1
0.5057417354,-0.1918065882,1
0.4661304519,0.7825030814,0
1.7538171824,-0.6104438870,1
0.1825057447,-0.4905021973,1
1.0081392235,0.4092501906,0
1.6644354143,-0.4123141801,1
0.1035099850,0.9045843454,0
-1.0450994264,0.4861436441,0
0.4977906464,0.1989933497,0
0.5965053577,0.7574494321,0
2.0741497726,0.2292896248,1
-0.6901045604,0.1797838579,0
-0.9061102639,-0.0992217483,0
1.8748934003,0.3750778095,1
1.8340604668,0.5502739457,1
-0.8262927165,0.8379231740,0
-0.5428519090,0.9036717647,0
1.6221097940,-0.1727939616,1
0.3970109985,1.3393476581,0
0.2230754642,0.8935114222,0
0.2360555530,0.0094562179,1
0.8183602367,-0.0247686152,1
0.1274306388,0.0076325654,1
1.9354798659,-0.0972961780,1
-0.5587234546,0.0705668237,0
2.1899264109,0.3419009168,1
-1.3397904604,0.1053848357,0
-1.4534922144,0.4180472337,0
0.4887139782,0.9075814565,0
0.4202467694,0.9506889984,0
-0.6052396252,1.0012272009,0
-0.3626012527,1.1180600904,0
1.5247175585,0.1027181940,1
1.2725165171,0.1611610988,0
0.5918443391,0.4907852416,0
-0.0557391117,0.0565592984,1
-1.1514287944,0.2480807327,0
-0.3337833848,0.8016223899,0
0.1019337580,-0.2862196344,1
-1.1364282352,0.6387054721,0
0.1652534914,-0.0982555138,1
1.0044427768,0.5859056592,0
0.1144789540,1.1801985602,0
1.6357705660,-0.2809621639,1
1.6212744986,-0.2819970554,1
0.5671067988,0.3011415977,0
1.1243349418,-0.3923747511,1
0.7313165674,-0.1241437759,0
0.8408117500,0.4657170924,0
1.4087013324,0.7522697493,0
-1.2861682240,0.2028482612,0
0.1353212424,0.0740104964,1
-0.0631484004,1.1218929395,0
1.5176131730,-0.1479576415,1
0.2829277508,0.2705723652,1
-0.4088213815,1.0703501434,0
1.1047245782,-0.5584189094,1
0.1311962119,-0.1103582530,1
1.2125131909,0.2148155412,0
0.1806258401,1.1042266866,0
-0.7127517923,0.6642542485,0
1.8219503540,0.1846276337,1
1.2495462583,-0.3515745561,1
0.4121119293,-0.1313798554,1
0.6593511046,0.8721644905,0
1.0027343327,0.7679912684,0
1.9132660862,-0.1532062782,1
1.7060747886,-0.1265740523,1
0.7326298857,-0.1841023094,1
-1.0575743931,0.3793961920,0
-0.1360476570,1.3049347804,0
0.4509374354,0.6536445415,0
0.4661330050,-0.3147777755,1
-0.9645807500,0.8492464027,0
0.5851111766,-0.2941373231,1
1.6601247070,0.0764587782,1
1.1330777090,-0.4693549656,1
0.2836315468,1.0024112714,0
0.5483626095,0.3499110282,1
1.0020947121,0.3333479794,0
1.2512306421,-0.3998308308,1
0.7345499560,-0.3523461615,1
1.6872779459,-0.3310393173,1
0.4835108508,0.2626337112,1
0.0785006820,0.5873200677,1
0.2641557474,0.1891405980,1
1.6982480079,-0.3524299536,1
0.8259122350,0.4127673116,0
0.2441688585,-0.7015440672,1
2.3647466376,0.4198549908,1
-0.5109200161,0.8073720940,0
1.0085494891,-0.0031514632,0
-1.0690235583,0.5149506452,0
0.4871372443,0.0795640518,1
0.6904982204,-0.2324179516,1
0.0969725575,0.5015456836,1
1.9816029003,0.2829859540,1
1.4905536694,-0.2525726782,1
2.0075741259,0.2342337487,1
1.7829541567,0.4352638495,1
-1.2961253918,0.4592190342,0
0.0982068952,-0.3125079694,1
-0.8649415896,0.2584427826,0
0.3574940836,0.1616758304,1
0.8416339794,0.0173284409,1
-1.1294596148,0.2478691412,0
0.9144851717,0.5249045248,0
0.0798521253,0.3856545474,1
0.8956619515,-0.3579890869,1
0.8098930609,-0.8761717747,1
0.9575183779,0.0282566207,1
-0.9158671934,0.3463172781,0
0.0147834116,1.4487105042,0
-0.2141912365,0.3418370951,1
0.4957947786,-0.2550950654,1
1.0307326715,0.1185034927,0
1.6626654010,0.0129886050,1
0.3063207903,0.5707811671,0
0.6161515221,-0.7214115664,1
0.6680437061,-0.4470573996,1
2.0810663846,0.4326538775,1
-0.5971021828,0.8397802010,0
-0.6766317731,1.1124690127,0
0.9413605626,0.4710769870,0
0.2697745409,-0.3323006254,1
1.9503299950,-0.2671531183,1
0.5503446198,-0.3311112356,1
0.9174861081,-0.4056162640,1
-1.1985627701,0.0788534227,0
0.2343661382,0.3046136959,1
1.7372328445,-0.5913167526,1
1.5666167284,-0.4634779467,1
-0.5023692014,1.0252467318,0
0.3363860687,1.2887345488,0
-0.3421820016,0.3459597401,1
2.2194243835,0.2286313812,1
0.4039056824,0.4371692011,0
-1.0537011590,0.4709351007,0
1.1308012899,0.6477841260,0
-0.9188614986,0.5710241231,0
-1.0183040660,0.2642540324,0
1.1508708345,-0.6542993661,1
1.9538083952,0.0988601928,1
-1.0816911423,0.1383307370,0
0.4010718381,0.6506568900,0
2.1963314596,-0.1130252012,1
0.4975051673,-0.0643209391,1
0.3358992772,0.5697310595,0
1.0429545230,-0.4950543334,1
-0.9215467549,0.7361721291,0
1.0330317087,-0.5898877454,1
-0.1988577051,0.7572823438,0
1.0339506273,-0.7231464323,1
-0.4271887555,0.7637835573,0
1.3166718380,-0.2529736770,1
1.2691825306,0.1832345585,0
1.5621034610,-0.5134387538,1
0.2503975030,0.5994065694,0
1.6542561358,-0.7690142690,1
-0.1806032168,0.8490341701,0
-0.0547046399,0.5094396640,1
1.3663745290,-0.1871157784,1
0.4884073781,-0.0746849812,1
1.7069707403,0.3614858231,1
-0.3980627940,0.5592555290,0
-0.2818491550,0.0646853551,1
1.6599887220,-0.2433123712,1
0.6300517063,-0.1138021705,1
0.1601222049,0.3342620588,1
0.9424058968,-0.2021080835,1
-1.1208642672,0.1857096008,0
0.9427232337,-0.8001966135,1
0.1480390898,1.4480800754,0
1.1944817874,-0.3192167367,1
0.5050581525,-0.5155009206,1
0.8636412503,0.8784694986,0
-0.4481711716,0.6611078875,0
0.6682976289,-0.2921448929,1
0.4549816889,0.8637624768,0
0.8133901029,0.3652588738,0
-0.1573805095,0.8044888597,1
1.5935283981,-0.1238079304,1
-0.1427360743,0.8801041669,0
1.9011449979,0.1216275902,1
-0.8851932615,0.8528513919,0
1.7217719730,-0.1202980394,1
-0.5235725542,0.7499061749,0
-0.3556910685,0.8501655406,0
1.0740960749,-1.0189862527,1
0.3113744136,-0.0526474594,1
2.1033055343,0.0061758662,1
2.3794969079,0.2355040993,1
1.9947909063,-0.0068709387,1
1.4038582078,-0.5814438974,1
-0.0393159229,0.8136771792,0
1.0099038549,0.0173957672,0
0.5399112962,0.8189930966,0
1.7984371849,0.2669048433,1
0.0955266920,0.3331750764,1
-0.5529682022,1.0864503571,0
-0.7191747671,0.7194040161,0
0.0525242169,0.5007753996,1
0.2427675090,-0.5883762605,1
-1.4305998242,0.1610920456,0
-1.0097265574,0.4466287899,0
2.0215026248,0.3523977816,1
-0.1818052051,0.8272295090,0
1.4058926522,-0.3437210246,1
0.0379190784,1.0134001448,0
-0.2846694845,0.0705903111,1
1.5643716052,0.1950856086,1
1.0111307395,-0.8020598125,1
-0.4025286857,0.9973632362,0
1.6419741154,0.1687026805,1
-1.3127165754,0.0420208624,0
-0.6205963900,0.3765681316,1
0.0902921018,-0.5975831715,1
0.1429549603,0.3093014302,1
-0.7325172620,0.9948954927,0
0.4455180156,0.9283279894,0
1.4341296001,-0.5892285991,1
-0.9032826329,0.7944251376,0
0.3411608114,0.9483270549,0
1.8681903002,0.2601417731,1
-0.9890623224,0.3416047038,0
0.4712413906,0.0958094248,0
-0.7083728487,0.7814697947,0
0.1873649549,1.2044719311,0
-1.0210552642,0.3609480395,0
1.1976150014,-0.6249022771,1
1.9936208761,0.6627120588,1
1.1850590837,-0.3623602004,1
0.1788981569,0.4151199593,1
-0.0560704633,0.4843357060,1
1.3855904826,-0.2268684990,1
0.6797149515,1.1481630875,0
1.3764521107,-0.5002842999,1
-0.5331487200,0.8537487273,0
1.1199413112,0.3900711131,0
-0.4303272044,0.9658491727,0
0.7248910068,-0.4545707955,1
-0.9762689770,0.2278379080,0
-0.1461241463,0.8204505717,0
-0.4538985033,0.7400711375,0
-0.1355202476,1.0199590572,0
0.4802635585,0.9080750121,0
-0.7543784047,-0.0532698090,0
0.7537557113,0.2441603867,0
-0.2834604735,0.7143285383,0
1.0785516164,0.0725815934,0
1.4030987299,-0.2121421689,1
-0.4603154403,1.0542826995,0
1.5120447343,-0.1860889886,1
2.1146416368,0.1929707065,1
1.2155841500,-0.5903635747,1
1.4454564875,-0.4462452984,1
-0.4495850822,0.3390617791,0
1.5352519851,-0.2280941874,1
1.5529423136,-0.3044456299,1
1.1637062764,0.5998306977,0
0.2466897375,-0.2623630385,1
0.8638738739,0.4770409289,0
1.7827222411,-0.2300653124,1
-1.0897449172,-0.3577893365,0
-0.2204887365,0.6605766838,1
1.8469833588,-0.5572471821,1
-0.2251805522,0.3554117736,1
2.3174352280,0.1522009632,1
-1.1474446662,0.1207904239,0
0.4695103548,-0.2552361335,1
-0.2604364745,0.7523993212,0
0.2456235160,0.1040159434,1
-0.0286695993,0.5446881242,0
1.2438151064,0.2867770817,0
-0.8811123645,0.9803140878,0
-0.1128875900,0.7937347225,0
1.5418704594,-0.7049483285,1
1.2423583986,-0.6494925921,1
-0.2315072740,0.6007439464,0
-0.3932018585,0.2728898222,1
-0.9511471682,0.1194709620,0
0.8629272035,0.8027570006,0
0.0916682674,0.1146595250,1
0.5261558893,1.2082914117,0
1.3726000130,-0.6497234534,1
1.0839408064,-0.7116130038,1
0.6290138970,0.9520493523,0
0.6215093616,0.4993431501,0
0.7875890724,-0.3315460558,1
0.4833752491,1.1959768264,0
-0.1041619398,0.9667366773,0
1.2419675523,-0.2460077835,0
1.1622397303,0.3632403952,0
0.0730159350,0.1167544667,1
-0.9518043453,0.7104214601,0
-0.5038973442,1.2596645429,0
0.1338776411,0.3009416437,1
0.0931273920,0.9681039454,0
1.0924912645,-0.2419406933,1
0.1984006731,-0.0750439512,1
-1.0219304041,0.6300309581,0
0.5412644419,-0.0901051970,1
-0.7068419132,1.2208573995,0
0.6602453536,-0.2937579037,1
0.1710833067,0.9340362596,0
-0.3098612240,0.0645544871,1
-0.4947361070,0.8917530990,0
-0.4244911614,0.7995146277,0
-0.7814358593,0.6044264460,0
0.9885844216,-0.3581484610,1
0.7209688895,0.8528003161,0
-0.0759410051,0.2118681012,1
0.3477509888,-0.1198444827,1
1.2478291465,-0.4804766991,1
0.2547365376,0.9951994832,0
1.7415706762,0.2096304920,1
0.2642079709,0.5299258327,0
-0.9818548611,0.2349998771,0
1.0500538647,-0.0228725010,0
2.1705375378,-0.3176526058,1
-0.0859003187,1.1601983672,0
0.6810944233,1.2199536633,0
1.3650439834,-0.2156379476,1
0.2370186059,-0.2023802131,1
1.3876552752,-0.0724211487,1
1.4681116019,-0.8486255755,1
-0.2821687488,0.0865923888,1
0.2609509527,0.8263432478,0
-0.7588635107,1.0532136241,0
0.5220982287,1.1785484091,0
-0.4864266743,1.1190043937,0
0.7730079494,0.8253154730,0
2.4404749725,0.5389414053,1
2.2401689799,0.0327266951,1
-0.2047907272,0.1251559940,1
-1.2318200227,0.3628567265,0
0.4799168481,-0.3640273625,1
1.3702283594,-0.2959657469,1
1.1219380521,-0.4506953463,1
0.5456737169,0.7568393037,0
-1.0640000225,0.4190749812,0
-0.6981674867,0.4993234850,0
-0.9027750600,0.7948666631,0
-0.1199265563,0.3679162414,1
1.8909341923,-0.4578245337,1
1.2985372753,0.4649884324,0
0.2741072342,-0.2761959289,1
1.8360084593,0.3012312895,1
1.5850732126,-0.5553205442,1
1.2176816717,-0.3351552091,1
0.7713106095,1.0230062836,0
0.7707749117,0.8360891150,0
0.0070205248,0.0834793911,1
0.3425361535,1.1493598274,0
0.3546584129,-0.3937323523,1
1.7079219331,-0.5020863658,1
0.2028472093,0.1066934323,1
1.3623836037,-0.1595387443,1
-1.0778909728,0.7906152758,0
0.6312075361,1.1586967616,0
0.8884121142,-0.6654916831,1
-0.1523117790,0.8871078100,0
-0.1578179734,0.8613282681,0
1.9737624520,0.4740309086,1
-0.7107604298,0.7919662239,0
-0.9798365182,-0.2474518536,0
0.6342383070,-0.4087250015,1
-1.0787337438,0.9119300256,0
0.5520245815,-0.2841785526,1
0.5817844265,0.4146396290,0
0.6774335126,0.8919730588,0
-0.2310242887,1.0747065747,0
0.6553955691,1.0820610745,0
1.4772271372,-0.4137186232,1
1.1886333340,0.1533597614,0
0.8246276191,-0.0803829368,1
0.2878553872,1.0659831510,0
0.7501766014,0.5044539165,0
1.2519841046,0.7366158884,0
-0.6288525944,1.1852220408,0
-0.9164951661,1.0016872914,0
-0.1274267781,1.1367281458,0
1.9144305429,-0.3722623204,1
0.9792182141,0.7847977490,0
-0.1207285464,0.2787149767,1
0.7664526108,0.4209265349,0
-0.5469377120,0.7704272404,0
-0.2430410319,0.8125065051,0
1.5238139478,-0.2103907157,1
2.0395256083,0.7649456541,1
0.2249931012,1.0947413694,0
0.9521430774,-0.4663500808,1
-0.1732185380,-0.0023628694,1
-0.3731279031,-0.3376612619,1
0.8598672178,-0.3782539060,1
1.6435015554,0.1373721036,1
-0.4657216805,1.1402410371,0
0.8154252981,-0.1457238810,1
1.4754596874,0.4134281898,1
0.7465135479,1.0804714197,0
0.1150479446,-0.3135521172,1
1.7817166363,0.0632237359,1
1.3640764175,-0.1513181863,1
0.9903653555,-0.6708405764,1
1.0564055821,0.1410188246,0
0.4401380234,-0.3675400333,1
1.8427639573,0.0220440322,1
-0.6971206960,0.0698779416,0
1.5697749780,-0.3919781059,1
-0.7324378513,-0.0558889010,0
0.8270893759,-0.0135394595,0
1.7021232553,-0.2638871352,1
0.5030431672,-0.4077080647,1
1.8871084580,0.1192362414,1
0.8261032455,-0.6297092774,1
1.8795779070,0.5982028694,1
0.4674745055,0.5603427952,0
-0.9704902246,0.5554415289,0
1.1224766471,-0.3800156050,1
-1.0483336212,0.9154086392,0
-1.1253467042,-0.1229500204,0
0.9980241974,-0.5991763593,1
1.6931360603,-0.2259992935,1
0.9168570299,-0.8815927792,1
0.5257652336,-0.4936340534,1
1.2561925524,-0.6180790160,1
0.6867357475,0.8203041602,0
-0.7729480117,0.3054336671,0
0.0958777915,0.2807306816,1
0.7020365126,0.8156523536,0
0.3789896249,-0.9102994042,1
0.5006056131,-0.5814709604,1
-1.0399898013,0.1481987579,0
1.0209463619,-0.5576015537,1
0.2687296642,0.9768284505,0
2.1723393763,0.6327054188,1
0.1033342330,-0.0686203582,1
1.4330982616,-0.1981377400,1
0.3916424739,-0.5645635577,1
-0.3253040986,0.0100216934,1
-0.9229196565,0.7182588504,0
1.5065321814,-0.3428392992,1
-0.7534700038,0.9381905129,0
0.8870580870,-0.4776711154,1
0.4442585436,-0.6829544386,1
1.1968683298,0.7295738476,0
-1.0175378866,0.6169180155,0
0.9137240733,-0.6760994321,1
1.9897563638,-0.4747625844,1
1.0398731684,-0.7559095337,1
0.8223146118,0.1044064543,0
-0.5001151212,0.5761646650,0
2.3830319140,-0.1320693389,1
0.4550661885,-0.2851145979,1
-0.9409358379,0.2403012274,0
1.3049661334,0.1112922708,1
0.1374254851,1.3692388545,0
-0.4774590590,0.8946231140,0
0.8714230127,-0.7236810430,1
1.9699029407,0.2144913961,1
0.8750036494,-0.3892902413,1
0.9794260692,0.9013916784,0
1.4254368996,-0.0902660344,1
0.3388496521,0.2841337354,1
0.3661194005,0.9472955433,0
1.2813928483,-0.3989300171,1
0.2366596445,-0.4495440017,1
0.2902046434,-0.2332038413,1
0.1160602367,1.0436996417,0
-0.0900668530,0.3708419468,1
1.0673132348,-0.7919230292,1
0.3408239534,-0.4688579303,1
-0.2012250408,0.5546007858,1
0.8329531110,1.4355046430,0
-1.2772971655,0.2463053642,0
-0.1237032029,0.2153076519,1
1.5904657928,-0.5365260148,1
0.2695732770,-0.3560910547,1
0.0128861866,0.2872406640,1
0.5016907123,-0.2938753684,1
0.1742605076,0.3259378721,1
-0.7201208314,0.9528896723,0
0.5847423939,0.9201791633,0
1.4767160777,0.1630175014,1
2.0037132985,0.2405665061,1
1.5562541508,-0.0988448879,1
0.0263985701,0.3957055417,1
1.8225340854,0.0462365579,1
0.4046584554,0.7869847949,0
0.2389316671,0.0432321216,1
1.8403118889,-0.1439056379,1
0.8195671677,1.1122707836,0
1.3790273709,-0.7201869587,1
0.7723464581,0.3858138218,0
0.4799069628,1.1646012719,0
1.2836611446,-0.3000410550,1
-1.0622321253,0.1334120661,0
-0.6612100009,0.5689018866,0
0.3868107472,-0.2521595625,1
-0.8996591348,0.2790204432,0
0.3283571931,0.7288709219,1
0.9256819407,0.0614647706,0
2.1635060997,-0.0001651329,1
-0.9270242517,0.3848575979,0
0.4496011364,0.7780131682,0
-0.1664241158,0.3943288451,1
-0.1892835309,0.2183089126,1
0.6040905155,0.8790457490,0
0.7056396561,-0.2488987352,1
-0.4006813850,0.7200100317,0
-0.1117291695,0.8551764425,0
1.6378222699,-0.1372355291,1
2.2166673758,-0.0627951004,1
-1.1232631960,1.0242922183,0
-0.2966371668,1.0165097208,0
1.7209049650,-0.2880518036,1
0.7477341973,-0.3511424665,1
0.4417822070,0.8917615125,0
0.8532517455,0.5658030203,0
0.9703881759,-0.7245913354,1
0.8798682511,-0.1733882404,1
0.0688647825,0.8498290263,0
1.5014456641,-0.6192419453,1
0.1539952599,-0.1834029593,1
0.8346118319,-0.2515533681,1
0.7337332628,-0.4914923010,1
1.8421741777,-0.1474874085,1
0.3634199383,-0.3092405858,1
2.1600703465,0.4821797529,1
0.2174453652,1.2274352568,0
2.2064657051,0.2443552102,1
-0.6035993811,0.9236102202,0
0.7685850810,0.5118761825,0
1.9409885166,-0.0213771290,1
1.2271551741,0.6188488064,0
2.1006509653,0.4295604019,1
-0.4980436283,0.6759593232,0
1.0427789033,-0.0879806797,0
2.2140453839,0.3240778532,1
0.1996186697,0.8625607912,0
-0.9794471464,0.5632598662,0
-0.1968439333,0.3698202357,0
-0.7677975282,0.1503112238,0
-0.0151837274,0.6232870037,1
2.5386388456,-0.1223122210,1
0.7529874128,1.1374256719,0
0.8156376300,0.3557858329,0
1.7391054457,0.2122075401,1
-1.4175755883,0.0016283974,0
1.2128231659,-0.3882152030,1
-0.0366586684,1.1304374091,0
0.1301321173,0.2050376591,1
-0.1727192135,0.9668327645,0
0.8989856511,0.0722925611,0
-1.1810936018,0.2631618961,0
-0.3503181441,0.3890858870,1
0.2160672026,0.7714466045,0
0.4852817119,0.1079071896,0
-0.2048903982,0.7382459082,0
-0.8044289886,-0.2680994368,0
0.4245917477,-0.5086177214,1
0.0675966541,-0.5651288800,1
0.5801375851,0.6745074405,0
2.2401076368,0.3958986366,1
0.0207763699,0.7593713283,0
2.0100807099,-0.4360312732,1
0.1869821484,0.0902413574,1
-0.5346337926,0.4195007393,0
-0.7315816996,-0.0094135076,0
-0.4450199384,0.0544706331,0
-0.1487718943,0.4695694088,1
-0.0286040148,0.5394970226,1
0.0006975833,0.2024802587,1
-0.8999263279,0.6476341681,0
1.4118949283,-0.2308848092,1
0.3738674690,1.2796879891,0
1.9052464967,0.0178428116,1
1.1173758429,-0.0041135492,0
0.3591730343,-0.1748623094,1
-0.5907116874,0.7711498834,0
1.4650355158,-0.3399491107,1
-0.2923922112,0.7489703255,0
0.7830114838,0.5451105781,0
0.7111627675,0.2571060441,0
0.1670042067,-0.2977246064,1
0.2200321389,-0.2177284962,1
0.9622958736,0.2137678369,1
1.9956005576,0.3783734426,1
0.0248950308,0.9598993084,0
-0.4653277455,0.7028536358,0
-0.6804158918,0.5312804427,0
0.3618724550,0.2875749746,1
0.6590372043,-0.4921106544,1
0.5040691673,-0.1073613362,1
0.7867027049,-0.0822842961,0
1.2084136512,-0.8808585802,1
1.0208982395,-0.5570597735,1
1.7762619353,-0.2506140287,1
-1.1476849649,0.5460968641,0
1.2628166174,-0.1158781898,0
-0.8366048711,0.8654348609,0
-0.2477034635,0.3289630898,1
0.0977360387,0.3664476453,1
0.8037727667,-0.8095011903,1
0.7857876881,-0.3742835708,1
0.2826374851,0.0818099745,1
-0.8895637221,0.6725614543,0
0.8054780918,0.2090223702,0
-0.7031304552,0.3951635863,0
-0.1113719836,0.0372405458,1
1.2381788290,0.6604183571,0
1.1426880770,-0.0153091054,0
-0.0997498626,-0.1923162469,1
-0.2374040748,0.7719030598,0
0.4324240366,-0.2425713772,1
0.0258992790,0.8678260799,0
0.7435485216,-0.2145818917,1
0.9965410476,0.5710544738,0
0.0451926764,0.1338399479,1
0.4438243473,0.7782604782,0
0.2025158019,1.0989826345,0
0.1377756493,0.3762861432,1
1.3942069883,-0.0835681206,1
-0.3991676648,0.4270706152,0
-0.7005696599,0.9328669391,0
2.0320073537,0.0921880334,1
0.3035779289,0.7079191993,0
1.7145444283,0.3945869116,1
-0.5525515054,1.0531815827,0
-0.9699119685,0.2724927203,0
1.2559184980,-0.4512629941,1
0.5527371284,0.1150410332,0
0.4322928278,-0.0923261992,1
0.7656592126,1.0427464028,0
0.7799156414,-0.2768185641,1
-0.3275932318,1.1769331207,0
0.7525833986,0.8223807725,0
0.2382432192,-0.2192837240,1
0.9741594112,-0.0869628799,0
0.9357882498,0.1024149416,0
1.9394566173,0.3317423899,1
1.2058931707,-0.2027417417,1
2.2609494020,-0.2696641329,1
1.2801317275,0.1517409525,0
-0.1585479982,1.2376399226,0
0.9856024465,0.0424863038,0
-0.2000797369,0.7422128038,0
0.5096921602,-0.3986677753,1
0.1411149079,0.9046170380,0
-0.2857717105,1.2092486421,0
2.0373498528,0.2306846748,1
1.1724171934,-0.3516278005,1
0.4244873231,0.0057958305,1
0.3931978569,0.0027361242,1
-1.0648572873,0.7466859177,0
0.1880999310,0.3381949081,1
1.2714699220,-0.5585430346,1
-0.2790877340,0.9183422922,0
0.5926299018,1.1170339557,0
0.7605042053,-0.2902572185,1
0.4313617731,-0.0867272468,1
-0.7926338732,1.0950301828,0
1.9804246508,0.8130706971,1
0.5385803839,0.0540697912,1
-0.8609357192,0.0772326444,0
1.3089779821,0.0532047409,0
-0.8597110681,0.2278203689,0
1.7712683883,0.0095023960,1
-0.2031772936,1.1469289589,0
-1.4153868477,0.3092764185,0
1.1839990230,-0.7809949655,1
0.4572223642,0.2155448517,1
-0.6675533983,-0.3996772228,0
1.6740557187,-0.4409246837,1
-0.7688560144,0.6866599124,0
1.4941755504,-0.1355730257,1
0.5741906763,-0.3412583872,1
1.8612710164,-0.2017154462,1
1.4800324011,-0.0043916630,1
0.0175660955,0.8846327324,0
0.7164289925,0.8484051090,0
0.9457173124,0.7066553243,0
-0.2152753325,0.7818646836,0
-0.0394688878,-0.3915028758,1
1.1676244378,-0.0122066069,0
-0.6210234351,0.7449391258,0
2.0230445004,-0.1426983248,1
0.2671074932,0.5914199488,1
1.8543847659,-0.5031476069,1
-1.1786128105,0.2132859331,0
-0.6629812278,0.6105170306,0
-0.6434420139,0.3377186297,0
1.1217357309,-0.4952784307,1
0.9179944149,-0.3381497498,1
-0.9661369005,0.4870554994,0
1.3494694239,-0.6625246482,1
0.7541535503,-0.2578342898,1
0.5141545626,0.2211586106,1
1.9954396026,-0.4768843146,1
-0.0812224588,-0.3061431975,1
1.9468340580,0.6118722251,1
0.8363159341,0.7953306659,0
0.2554548369,0.7021262797,0
0.7760364168,0.6062846772,0
-0.1564883205,1.2532960848,0
1.5830752946,-0.6570866528,1
-0.6174368772,1.1198427666,0
-0.9476278155,0.1330701450,0
-0.1201477471,0.7334162068,0
-1.0260358314,0.1093416911,0
0.1014569680,0.2194989021,1
1.8687532920,0.1539105956,1
1.1066888077,0.4231384004,0
0.3478341021,0.5494052395,1
2.1761445063,0.1107643266,1
-0.3920772722,1.1381950800,0
0.9503341348,-0.1876101025,1
2.0482768907,0.1638257562,1
2.0078959064,0.3146463482,1
-0.1772098171,1.0486837746,0
-0.3334039101,1.0264686655,0
0.7975429576,0.8751764127,0
0.8682484221,-0.4384276684,0
0.8699681671,-0.4421201213,1
-0.5529010594,0.9221374093,0
0.0960002327,1.1664250545,0
1.1767222677,0.4635344109,0
-1.4979531002,0.6698262950,0
-0.5926967851,0.7053463433,0
0.9761279865,-0.4871412928,1
0.6513349668,0.9024657690,0
1.5180142609,-0.3593120999,1
-0.1685803551,0.2643001176,1
0.4724899896,0.5853716790,0
1.5243991714,-0.0682337150,1
-0.1443829858,-0.0382809163,1
-0.0432279399,1.1188594295,0
-0.5874825238,0.5127083139,0
0.3654852220,-0.3528804313,1
1.3894238798,-0.7978875752,1
0.6431838117,0.9936757586,0
0.7525133970,0.3188615034,0
1.5450943699,0.5110475795,1
0.1386617631,-0.0895096728,1
-0.1566786281,0.0207077091,1
2.0524548969,0.1102800463,1
-1.0608102759,0.3446027178,0
0.4580299745,-0.5089685851,1
-0.5170768925,1.0675966030,0
1.1821406956,-0.4233176806,1
0.7725343718,0.5626161040,0
1.7642605997,-0.0728684380,1
0.4511647221,0.8847290629,0
0.9874984245,-0.4225729879,1
-0.1863163184,1.0996949462,0
-0.7399971854,0.3629880584,0
-0.2433634271,0.7557941738,0
-0.8446944468,0.1866695850,0
-0.3753234276,0.9580734104,0
0.3776327886,0.9389888322,0
2.1523731107,0.4203082378,1
1.7249033239,-0.4938727420,1
1.6677419754,-0.4487777367,1
0.3547117436,-0.1196924122,1
-0.8051209433,0.3785331986,0
0.3874359556,0.9777804066,0
1.1356567712,-0.1154391085,0
0.1461582813,-0.0655989880,1
-0.7054134362,0.2607949376,0
2.3996586859,0.1907300004,1
0.8979347417,0.3766277824,0
0.5629693893,0.1301078925,1
-0.7175147807,0.6519376370,0
0.4987796572,0.8768248495,0
1.3177865751,-0.3708158219,1
0.1628866276,0.0755300711,1
0.5753388346,-0.2930027773,1
-0.6431757160,0.5591032814,0
0.7333680768,0.7165343225,0
1.9314068446,0.2457682075,1
1.3362975447,-0.7284593063,1
1.4957236330,-0.3500044687,1
1.3736486078,0.0239911713,0
-0.8612819253,0.2979443905,0
0.6043342350,0.1305197550,1
-0.8566889615,0.4003740226,0
0.5918304747,-0.2973681248,1
-0.5073404197,0.5408725871,0
0.4142718133,0.4374641475,1
1.0428676232,0.4510322424,0
-0.6788950642,0.9999067707,0
1.6833813093,0.1248667773,1
1.2679311770,0.4518394146,0
0.3187219788,0.2598122969,1
1.6805538476,-0.2289141587,1
1.4815488818,-0.2473495199,1
-0.6999680006,0.1014379476,0
0.5279170077,-0.5235455651,1
1.3330846548,0.0091532005,1
-0.6835838200,-0.2516724065,0
-1.0441456860,0.0552273704,0
0.7716435491,-0.3087779765,1
-0.7465683738,0.5093153401,0
0.1352717884,0.3501793985,1
0.4710964203,0.8718284538,0
-0.2536979262,0.9058501304,0
0.1984547222,-0.2198459876,1
1.1231879189,-0.6191018106,1
-1.0580114875,-0.1371874491,0
-0.8297587175,0.0061055842,0
-0.0876674809,0.8649464182,0
-1.2379153541,0.2071137161,0
1.6032346026,-0.0429490597,1
0.2608762506,1.2598314843,0
-0.5511515655,0.6264254244,0
-0.9481228829,-0.0325077066,0
0.2330258651,0.1327601900,1
0.5619578848,-0.5576551651,1
1.4984964596,-0.4620322351,1
0.5824668004,0.3654310196,0
-0.5732173533,0.0013270211,0
1.8037822951,0.1233207536,1
1.8263038288,0.1797866397,1
0.6158543276,0.6001592511,0
-0.2083196939,0.6791865836,0
0.1942274700,-0.3308231373,1
0.2643468984,0.8310968594,0
0.7487335059,-0.1513694300,0
-0.8276268130,0.4728721912,0
2.0005301592,-0.0893640345,1
-0.7980712846,0.2288386242,0
-1.0574794707,0.3670755994,0
0.7736245264,0.0813869895,0
1.8800523732,0.7439794671,1
-0.4096231978,0.3262048427,1
1.0690300793,-0.1240786128,1
-0.9410863632,0.5164458979,0
0.8684360906,-0.5236517072,1
0.7626900898,0.2171580260,0
0.5356228851,0.6962565507,0
2.0339686779,0.4178024011,1
-0.5666521676,0.6539322771,0
-0.6248041577,1.0314617756,0
-0.1532230035,0.4050956889,0
1.6740982061,-0.0125943335,1
1.4512202239,-0.1359803279,1
-0.1404829096,-0.0444587920,1
-0.7601426212,0.5319137741,0
1.1137431300,0.5802821693,0
0.7997659809,0.7587352326,0
0.3714382146,-0.1536961122,1
1.3682474884,-0.5010176246,1
1.6379844540,-0.1782242875,1
0.1763159818,0.5035310466,0
1.0402432259,0.1639788002,0
1.6370185534,0.0269168476,1
-1.2990325212,0.2252383332,0
0.4732199381,-0.3179931633,1
0.6108853792,1.1091952093,0
0.4330917024,1.0544781536,0
0.4341362585,0.4543072118,1
0.0480761690,0.5229628726,1
-0.7886302972,0.6530916962,0
1.3956798444,-0.4865211391,1
0.7696027425,-0.1819827012,1
0.2294402268,0.2070678320,1
-0.7685590183,0.5273526771,0
0.4257406017,-0.1862804462,1
0.3524078440,-0.0932053664,1
1.5343505995,-0.2331202087,1
0.0171217412,1.1551578518,0
-0.9612727409,0.3961893842,0
0.5135955096,1.1639768610,0
-0.9216786364,0.2979343588,0
-0.2622375004,0.6031961065,0
-1.0291773685,0.3668830055,0
0.3710108436,0.0291461936,1
0.7026073351,-0.2172484486,0
0.8726786253,-0.0245689570,1
0.7439107429,-0.7163078535,1
-0.0968685594,0.3062474557,1
0.3105914737,0.5526548523,1
0.5376077919,0.5700634626,0
0.1410892019,-0.1125864594,1
-0.7132612969,0.7618605910,0
1.8704350076,0.0717629354,1
0.3827572663,0.9330467138,0
0.6044059103,0.3374106156,0
0.4727210231,-0.3123290773,1
0.3071963505,0.6691721860,1
-0.9361214822,0.2218772665,0
0.9610886218,-0.0327374036,0
1.6262878407,-0.1772034967,1
0.3265401608,0.6227526342,0
1.3049030493,-0.3585517442,1
-0.0046400232,0.4981252235,1
-0.1649065397,-0.1508674986,1
0.8323901624,0.2783510394,0
0.2085131567,-0.3080396056,1
0.7013539752,0.4727768088,0
1.8540278656,-0.5358815504,1
-0.2787576217,-0.5035246209,1
1.0527517949,0.0132989608,0
-0.7366444130,0.9145852480,0
1.0771612032,0.6624549484,0
-0.8722178143,-0.1392244451,0
-0.5649786529,0.1882988881,0
1.0760260347,-0.4776048455,1
-0.8098724092,0.8074330356,0
1.8340606118,0.3540475401,1
0.0139464143,0.3237662949,1
1.9867522574,0.3331162242,1
-0.1174861542,0.8672470568,0
1.0027149102,0.6053616414,0
0.3734362085,0.2951119588,1
-0.0085899844,1.1240932154,0
0.9163245616,-0.7383709597,1
1.2268676252,-0.1880800202,1
-0.7172413255,-0.1509184166,0
1.0879601314,-0.6617716023,1
1.0883541339,-0.4688543933,1
0.2396978767,0.1508413834,1
1.0756722727,-0.2944237838,0
2.0758085685,-0.0581183845,1
1.0749244168,-0.5877435673,1
0.6520407204,-0.4744500590,1
0.2132270990,0.3446394324,1
-0.0471511665,0.4454866960,1
0.3322032066,0.0292087794,1
0.7461248471,0.5740664026,0
1.3661893905,-0.4032859133,1
0.7617244926,-0.2390471072,1
0.4036152502,0.9164945476,0
1.9901884366,0.2457805662,1
1.1956090722,0.2497796924,0
0.3854482753,0.9181833841,0
-0.1697328542,0.9758918977,0
-0.6859126227,0.3469881964,0
0.5874783539,0.3439164313,0
1.2223568650,-0.6609539439,1
2.6488408061,0.0863182949,1
0.0112052125,1.0746860893,0
2.0132387659,0.0040216231,1
0.8340817231,0.6788876276,0
1.9135201042,0.7052878481,1
0.5683192770,-0.8302954844,1
2.1605537842,0.3783766662,1
1.5500511701,-0.1256885564,1
0.7780387730,-0.7601730604,1
2.0910917855,0.2104777322,1
1.3072984956,-0.3797710139,1
-0.9074946675,0.3823371656,0
0.4182241784,1.0118027794,0
1.2180332606,0.2483504655,0
-1.3791542199,0.2795110042,0
-0.8652831521,0.7373427517,0
-0.3982144950,0.0774819541,1
-0.2382019688,1.0218083357,0
1.0239038276,-0.3155638804,1
-0.1603339260,0.2463564487,1
-0.1075720514,0.0489869453,1
0.8758152506,-0.2369386679,1
0.5133828658,-0.4681130379,1
0.4695963963,-0.1826887461,1
0.9872124077,0.3265355589,0
1.6957906314,-0.3959839257,1
0.8110433097,-0.3974820778,1
-0.3232301476,0.6546547693,0
1.6353348613,-0.2232132978,1
-0.0625365575,0.6179942906,1
-0.2378173048,0.4148790555,0
0.6261362400,-0.0673936348,1
0.4579607900,0.4103272571,0
-0.3501060554,1.2656114972,0
1.1792221019,-0.7553153867,1
0.5599276753,0.6211233379,0
-1.2615919813,0.3196655009,0
-0.9110713444,0.5640486582,0
2.1163403694,0.5574685678,1
0.5432530355,0.6016405386,0
-0.2797518028,1.0445936718,0
1.0911360642,0.4901525041,0
0.7153753700,0.5908020304,0
2.2672053401,0.5949048109,1
0.5978140260,0.8782952415,0
1.1333176624,0.2239374363,0
1.9332226161,0.0192050411,1
-0.9003983793,0.5622310479,0
0.4954550644,-0.3627929843,1
-0.8810967512,0.9988110772,0
0.1461020097,0.7328285174,0
1.4395675975,-0.2172853906,1
0.3504917435,0.0761146622,1
1.1259954209,-0.7394279946,1
2.1995168866,0.4057603987,1
0.0814152068,0.0552605185,1
1.2166144559,-0.7093991894,1
-0.5298857074,1.1383428521,0
0.5363905913,-0.0624892930,1
0.3509483692,1.2450789357,0
0.6600029655,-0.4800981542,1
0.2281800313,1.4778386510,0
-0.4342830239,0.8674653554,0
0.1663919630,-0.2224964665,1
-0.1541745857,1.0799699350,0
1.8679309129,0.7698732750,1
1.1714592684,0.4449435481,0
1.9318124066,-0.1337338998,1
0.5319062923,-0.3806081316,1
1.8275285502,0.6036643085,1
-1.0867098344,0.2668979602,0
-0.6505359173,0.3520637973,0
0.5463716147,0.8015276568,0
0.4447439245,0.2024202138,0
0.4726478125,1.0788496275,0
0.4004004428,0.9620274512,0
0.7885590778,0.0188483345,0
-0.2276592937,0.9724473031,0
0.4844098830,1.2199313965,0
-0.0926122510,0.4764194630,1
-0.6107145574,0.5229127557,0
-0.9066724607,0.8033075515,0
-0.7765639833,0.4375338290,0
0.0219543221,0.6969089782,0
0.3952699785,0.6541189018,0
0.1979134516,1.4863592259,0
0.8863113520,-0.2418575372,1
2.0230172337,-0.2178199463,1
-0.9680105766,-0.0591974026,0
0.2115798233,-0.3445061562,1
1.4239960677,-0.5256223220,1
-0.6168157634,0.6325747730,0
2.0177396496,0.1685088193,1
1.9376533314,-0.4100485900,1
0.4708933864,0.7203548180,0
0.0747892619,1.1395445658,0
0.8142812643,0.5451721351,0
-0.8229209383,0.9513450375,0
-0.9015281180,0.2017577230,0
0.4271635840,0.9201811266,0
1.2349250705,0.0454460096,1
0.3744946317,0.8648015537,0
-0.3598435218,1.2220133948,0
0.5517202262,1.1437280429,0
-0.0953864780,0.6662604071,0
1.1318156427,-0.1353854683,0
-1.0469592414,0.4299990344,0
0.5087417250,-0.0502533541,1
1.8797945206,-0.4606412196,1
2.3207004375,-0.0850955417,1
0.3901444931,0.4796779813,0
-0.2868318951,-0.0962804982,1
0.9202250442,0.5138296720,0
0.5270195286,0.8785514957,0
0.1167367369,-0.3924947908,1
-0.6006181414,1.2374921404,0
0.9771372199,0.3073428813,0
1.5416918659,-0.2417296088,1
-1.0740893031,0.0777821647,0
1.1175823940,-0.6026660259,1
0.4826707184,-0.0875035976,1
-0.3992573489,1.0194831896,0
0.4935943380,0.5233795393,0
0.5439771675,0.7204625678,0
0.2551556863,1.2006512581,0
-1.1891907092,0.0471200378,0
0.7527406711,-0.1172990829,1
-1.0301421169,0.1847577519,0
0.9059696106,0.4212152037,0
0.3623533171,0.0674272392,1
0.2323686197,0.8063809417,0
0.3879763384,-0.4934501871,1
1.5778060785,-0.1301202373,1
1.9866939690,-0.0825886805,1
1.3365220278,-0.4651755510,1
1.2069581201,0.3016144566,0
1.6321566497,-0.2786219452,1
0.4964431254,0.0661176666,1
0.4942419104,-0.8780876086,1
1.5239095153,-0.4986061681,1
-1.4978966693,0.2422390117,0
1.8690480230,0.1686474350,1
-0.3643090675,0.5612955737,0
0.5214759985,-0.8850777588,1
2.0547973397,0.0330658065,1
1.2799996173,0.2149037385,0
0.1476812055,0.8012088302,0
0.5453009218,0.5547874998,0
0.1277421090,0.4250544276,1
1.4401042478,0.5452852407,0
1.0774290626,0.2374354419,0
-0.0805971027,1.1140797880,0
0.3791736289,0.5973316883,0
0.3587715383,-0.1563369525,0
0.0676755807,0.2684924301,1
-0.5891484274,1.1953818871,0
-0.6456650749,0.3765210097,0
0.8805491629,0.5302442705,0
-0.7175697147,0.7170298748,0
-0.8055954103,0.7324410506,0
2.0127646750,0.5479937352,1
0.1486814274,0.7801619643,0
1.4475611709,-0.4332518279,1
0.4312511021,0.5368827853,1
1.1430981439,0.3203756232,0
1.7295517039,-0.7881656156,1
0.4323489952,-0.1998122299,1
0.6730488831,-0.8016005491,1
0.7078997180,0.1527861257,0
0.7790227850,-0.4045430245,1
0.9480601474,-0.4192265114,1
0.1974806638,0.6941397030,0
-0.9499311794,0.9021240197,0
0.8767994771,0.4747728146,0
1.0672728925,0.4476443475,0
1.8441504823,0.0044862102,1
0.6592543661,-0.2994814623,1
0.0780925770,0.2617642742,1
1.7836569099,0.0851116358,1
-0.7163490794,0.9863515512,0
-0.8829847000,0.7457751069,0
1.9676378230,-0.3102074077,1
-0.4776351798,0.3687727722,0
0.5251272169,1.0509849470,0
0.2083879576,0.2319435096,1
-0.0671288018,0.0912531921,1
0.0300737199,1.2127306276,0
0.6826973362,-0.2059448126,1
-1.1648203290,0.2588051145,0
0.5885199922,1.0496439306,0
-0.0002579561,0.9418217680,0
0.6278706042,-0.0106266354,0
-1.0565945007,0.1451290626,0
0.1494941850,0.4759406701,1
0.4852795540,-0.2231042694,1
-0.4489697441,0.8866984196,0
-0.7476751137,0.1342913013,0
0.9451667468,-0.2013127502,1
1.5126248782,-0.3476919374,1
1.0194935980,0.3719543832,0
-0.7035899076,0.6584293838,0
0.5262028108,0.5121036209,0
0.5649713700,0.1883321712,0
0.4186915367,0.4140013793,0
0.7730077349,0.8230277358,0
-1.0274657811,0.6787972604,0
-0.7761456031,0.9716084321,0
0.2415773599,0.7141665402,0
0.8510997833,-0.3228027824,1
0.0206379215,1.2566127716,0
0.9661436201,-0.0832430525,1
0.1524372075,1.3102403300,0
0.8095048655,0.0285572804,1
0.5209623956,-0.7306803639,1
-1.0718533522,0.5250812695,0
0.9756621057,-0.8866437875,1
1.9047778766,-0.3771949245,1
1.2641216711,-0.3282554954,1
1.0347491187,0.3164937502,0
0.3259422211,0.6495327589,1
0.7106609103,0.9290928762,0
0.8673892556,0.3385317505,0
-0.3305392033,1.0340129593,0
2.0719920360,0.3465246170,1
0.0203961737,0.8571265106,0
-0.7817541964,0.6090323022,0
0.0505669310,0.1480189821,1
0.3866476546,-0.5153380896,1
0.0415651203,0.0005682071,1
-0.0189356376,-0.0852177253,1
0.0333941317,0.4501776075,1
1.2291516817,-0.4424330032,1
1.8119666282,0.1632310643,1
-0.9105233880,0.4106895005,0
1.3888920299,-0.6795262503,1
1.0460525610,-1.0656246138,1
-0.4631548888,1.1956007297,0
-0.2166528590,0.9109391876,0
-0.7908223838,0.7610131561,0
1.9413197193,-0.2726273821,1
0.3501270961,0.7077801383,0
-0.9804557413,0.2493890609,0
0.2942222813,0.7686936532,0
-0.6043390971,0.6221988617,0
0.6209405772,-0.6501039246,1
0.3641062140,1.2003037537,0
-0.7521681894,0.9325213109,0
0.9237385094,-0.3242180868,1
0.3099358039,-0.2131890637,1
1.5262000184,-0.4398058867,1
-0.8337355059,0.3076947699,0
-0.0684305334,0.4925916930,0
0.0428693952,0.3689686365,1
1.3485682237,-0.4469081105,1
0.3868189636,1.0571825278,0
1.6380596893,-0.3610566768,1
-0.6018893151,0.8369406913,0
1.5506601611,0.3207114316,1
0.9494887217,0.5849380547,0
0.5063705656,0.3634827016,0
0.2073569721,0.9521515334,0
-0.6450649398,0.6305406838,0
0.3100424634,0.0296410708,1
0.8158011554,0.2435053488,0
-0.1700347819,0.6014221391,0
0.2762844200,-0.2001818909,1
-0.6691130620,1.0672599495,0
-0.9696488002,0.2912015006,0
1.4994739527,-0.3844750944,1
0.9044500353,0.6979665562,0
1.2092066092,-0.8151474538,1
-0.9139391821,0.1762836277,0
1.7553156424,0.4141582339,1
1.9993332967,0.1176124100,1
-0.5016208755,0.8719062303,0
0.5989480223,0.7916929544,0
0.5471140556,0.5295427467,0
0.5663591168,0.3140684856,0
0.4051952748,0.7014882350,0
0.5013357029,-0.4800195187,1
-1.1334938080,0.0109695337,0
-0.2692900746,0.8290318079,0
0.7233172651,0.2585911034,0
0.6880797109,1.3757078913,0
-0.9693003357,0.1337551966,0
-0.4427120111,0.9077766195,0
1.4177425536,-0.4480491055,1
0.8098976981,-0.3310153165,1
1.5514152063,-0.5997025011,1
0.2749697171,0.1058686432,1
-0.8616577197,0.3774643863,0
1.0258642253,0.1448952785,0
0.2598426829,0.4309416767,1
2.1262694885,-0.0952588837,1
1.3294478651,0.0747590075,1
-1.0902079318,0.3683103866,0
1.7802162522,0.0019517512,1
0.8039061818,0.6205709829,0
0.2083715006,-0.1034208409,1
1.9538080159,-0.0602166732,1
-0.5824164161,0.2873317267,1
1.8807703590,0.1243774827,1
-0.5780515885,0.5360775894,0
0.5593065948,0.8613293114,0
1.1861106160,0.1344947175,1
1.0551302213,-0.4452255848,1
0.8784891315,-0.2659941578,1
0.0185802540,1.1764848033,0
2.0693825379,0.3800951712,1
1.5784620965,-0.4103774196,1
1.9239527427,0.1373898542,1
1.7991995217,-0.4567343873,1
1.7210647695,0.1245661409,1
-0.0077373311,0.1839292106,1
-0.6116226681,0.6471751402,0
-0.6163470709,0.7929604379,0
0.0309559635,1.4817357825,0
0.8112915041,0.3610283434,0
1.0175625510,-0.3224225129,1
0.4772786851,0.5292834829,0
-0.9470074453,0.8441409582,0
0.7270286994,-0.3913534310,1
-0.3513305544,1.2172080642,0
1.9110553139,0.6057030108,1
-0.1402465180,0.5830594840,0
0.1429019104,0.7093318271,1
-0.6110111134,0.9438882092,0
0.5420404995,0.2788724210,0
0.7321870021,0.3182732696,0
1.1183721818,-0.3512577021,1
0.2767429541,-0.6480090709,1
1.5275444678,0.2824184290,1
-0.1357442247,-0.0935282888,1
-0.5410803897,0.3450204518,0
0.0298057543,1.0151575873,0
0.3464427369,-0.3173599866,1
-0.6359981121,0.8411826803,0
-0.8989568478,0.5048525273,0
1.6693113926,-0.2473256675,1
1.3797213715,-0.5652552358,1
0.9646986772,0.1053406932,1
0.1801920689,-0.1613331357,1
-0.7902449206,0.1430040299,0
1.8057781777,-0.2923726023,1
-0.0170122224,0.8713639774,0
-0.1300995899,-0.3225591450,1
1.5777686259,0.6049042006,0
1.3867805136,-0.0881428372,1
2.0469255607,-0.0495276695,1
0.2282828301,1.1889252694,0
0.5967133584,1.0919538000,0
-0.1078258016,1.0828012072,0
-0.0609068042,0.9088877006,0
0.3671498399,0.0757155452,1
-0.6511877355,0.2717531894,0
0.8350506810,0.6782934433,0
-1.0074108745,0.4957207569,0
1.3672213117,-0.0844469970,1
0.6850877050,-0.3425669757,1
0.0838329546,-0.2282263104,1
2.0605195191,0.2953698774,1
1.4458955287,-0.2210310040,1
0.6227744320,0.7519286203,0
1.9949432047,-0.1414546642,1
0.7145137780,0.7540689317,0
0.9678460537,0.7208427365,0
0.9880439866,-0.0085267708,1
-0.5889572194,0.7189013212,0
1.0151456941,0.7730747801,0
0.5082377112,0.5806136092,0
1.1294278026,0.0729222459,0
-0.7586435248,0.7582690098,0
-1.0124601931,0.6305293024,0
-0.0633804325,0.6089617168,1
0.6363309983,0.7893887702,0
0.5363089274,0.1728391394,0
-0.6383550054,0.5834905993,0
0.0885118135,-0.2197208110,1
-0.0110007020,0.0591518983,1
-0.2938560525,0.6439285722,0
-0.0129349812,1.1619322138,0
0.7506315420,1.0072010010,0
1.0298280286,-0.4227847835,1
-0.2071330036,0.1762271755,1
0.0968358494,0.2392829784,1
0.7957549143,-0.0574802922,1
-0.8612965827,0.1620456416,0
0.6917210950,1.3545371658,0
1.5663007002,-0.4173504202,1
0.2688314457,1.2232900170,0
0.5430260558,-0.4169697287,1
-1.1143831683,0.3391539356,0
0.5694206621,0.4443585467,0
0.7785606487,0.3575917220,0
0.7391927699,0.8777693505,0
0.4736909982,-0.0861666444,1
1.6863117554,-0.1750927223,1
1.1256704113,0.0171324454,0
0.8822003281,-0.4401773755,1
0.8772179548,0.6904944243,0
0.0356193479,0.2644431943,1
1.3342339709,-0.9683930496,1
0.8508090179,-0.3361959345,1
2.1500390970,0.0569969550,1
0.7341030179,0.3269056918,0
0.2653516321,0.7141447305,0
-0.1931598177,0.7853557203,0
-0.0639341511,0.1455298375,1
-1.2066668855,1.0162422863,0
1.6081554206,0.0621752361,1
0.7087630817,-0.3256720270,1
0.0523709487,-0.6052585611,1
-0.5891962443,0.5309624600,0
-0.0400570870,0.1950715414,1
1.3651363920,-0.6817639234,1
0.5110781981,0.8360274543,0
-0.5083398953,0.8703740075,0
-0.0370554346,-0.2674731289,1
0.9288776981,-0.1286846320,0
-0.7714249181,1.0122681796,0
-1.3366105240,0.2236964540,0
0.0324843117,0.3717134097,1
1.1659747747,-0.4753675755,1
0.0447784416,0.6085449372,0
1.0954516003,-0.5355688166,1
1.1689613034,-0.8506322460,1
0.1884326812,-0.1058879743,1
-0.1072426942,0.2408858930,1
1.5210772575,0.0866502575,1
1.7418503646,-0.2053988049,1
-1.1702630145,0.7582414767,0
1.3009042949,0.3763864301,0
1.3393284916,-0.3975691405,1
1.0772126331,0.6971211281,0
0.4738602179,-0.4694130296,1
-0.8111472029,1.1324333514,0
1.8338651788,0.3669611460,1
0.5976425988,-0.1778694281,0
0.2143296950,1.4716367829,0
1.0993388485,-0.6637675407,1
1.8187051105,-0.2284310182,1
1.1241136548,-0.3069635565,1
-0.4797964805,0.1904128546,0
0.7098959771,-0.5454998498,1
-0.2862860521,1.1103276057,0
-0.9428439316,0.2721625702,0
0.7984254623,-0.5182415006,1
-0.2373030712,1.1579144773,0
0.3002306444,0.6979397165,0
1.1306524361,0.7041120935,0
-0.8991090026,1.1233020490,0
1.4705160972,-0.2799101580,1
0.7094352095,0.3818144393,0
0.0301666418,0.4855337113,1
0.0029521778,0.8960053649,0
0.0064219091,0.2384842126,1
0.8698121658,-0.8219116521,1
1.3393203512,-0.0066115090,1
1.0173615389,0.4092182456,0
-0.7615633027,0.3796677250,0
0.6447048216,0.5866265643,0
-0.2256385201,1.1114419609,0
0.6929668818,1.0590575796,0
-1.0119623905,0.1732609872,0
1.7076236499,-0.1982686857,1
-1.0988729259,0.8182926137,0
1.0300635113,-0.4401734154,1
-0.8627399025,0.3590914137,0
0.2981289569,-0.0131911406,1
-0.2681173588,0.7882182734,1
2.1422239044,0.8546557078,1
0.8291768726,-0.5414827990,1
1.7084239514,0.0858787237,1
1.6424250590,0.4304464369,1
0.8661603232,0.7899164678,0
2.0618384656,0.3762780264,1
0.9171080063,0.1618482706,0
1.3271360952,0.2196713076,1
-0.4726132100,0.1238796556,0
0.4372114730,0.9948206974,0
0.6495736887,-0.2021296871,1
1.5599627682,-0.5974270990,1
0.7729586543,0.7110908142,0
1.2905264975,-0.2410143948,1
1.2649778085,-0.3830126654,1
0.1878137473,0.2370583336,1
-0.3163371984,0.8453253144,0
0.3506158134,0.4949401415,1
0.5139260936,0.8098632615,0
1.0095273058,-0.3844838936,1
-0.2248830768,-0.1291775203,1
-1.1057956896,0.2824037027,0
-0.2386892865,0.6154915264,1
0.1106061341,0.2741021087,1
-0.8959911804,0.4210761382,0
0.2504694369,-0.1762993521,1
0.3513388101,0.9324455183,0
1.8272059836,-0.2657090403,1
-1.0167395844,0.6026353221,0
1.1408642164,0.4935000005,0
-0.2194699195,0.2337656949,1
0.0627992167,0.0745125551,1
1.3469663002,0.4560282406,0
0.7929133607,-0.0647416910,0
0.6359565181,0.6955660391,0
-0.5614943439,0.7438581770,0
0.9233620180,-0.7844005998,1
0.9216499353,-0.5960532297,1
0.9605148064,-0.7210673333,1
1.3364562434,0.1271604175,1
-0.1262352024,-0.1244424889,1
0.6573444617,0.7507969962,0
1.5539114739,0.4921390504,1
-0.4347859872,0.9996152383,0
0.5982059508,0.5553558353,0
0.0691918588,-0.0043993899,1
0.7719895945,0.7634226153,0
0.7819189582,-0.1003216929,0
0.7613108357,0.7446624458,0
1.0893954515,-0.4951201692,1
1.3932652458,-0.7091821682,1
0.1659610931,0.6480442538,1
1.8537321096,0.3576811177,1
1.0987505780,-0.4884204499,1
1.5001558061,-0.2476028605,1
1.3027485482,-0.1943318779,1
-0.9061680708,0.7697991765,0
-0.3393234791,0.6897663338,0
0.1040127609,0.8365314713,0
-0.9666155310,0.6386121924,0
-0.2701694747,0.4980101625,1
-0.0200440744,0.8782989875,0
1.5391722740,0.2805837757,1
-0.8254429748,0.5351056244,0
-0.8774082777,0.7750889708,0
1.4154554617,-0.1867050393,1
-0.5952906970,0.8166526286,0
0.4282997100,-0.1453195212,1
1.1328866231,0.2146320194,0
1.0962086767,0.1719948749,0
1.3203148271,-0.4026385534,1
-0.8292703368,0.3145120665,0
1.7948821801,0.7045560996,1
-0.7371705484,0.8707709720,0
-1.0058587310,1.0539773325,0
1.8765385145,-0.1545703739,1
-0.2662551904,-0.2971561349,1
1.7708169769,0.6669270670,1
0.0103716283,1.0833261791,0
-0.1707276114,1.2325071524,0
-0.5384208600,0.6662827362,0
1.4002704074,-0.4183677494,1
-1.6735805540,0.5047218261,0
-0.7068668151,0.1051703654,0
-0.7737068233,0.1889278136,0
2.0871222573,0.5842459516,1
0.0447462671,0.2401998293,1
-0.0569272176,-0.2026053791,1
0.9967002699,-0.5748348227,1
1.7253353078,-0.1902892854,1
-0.1240289518,0.9170989856,0
1.3007817019,0.5264303464,0
1.2115884064,-0.2991136094,1
-1.0457023595,0.0130454391,0
0.0548214344,-0.3240650369,1
-0.8558792404,0.8232628180,0
1.8028890534,-0.0906323411,1
1.4039792561,-0.1350621477,1
-0.9111477901,0.3646352128,0
-0.8049351758,0.1358912215,0
-1.2758996964,0.6238424837,0
2.2651665888,-0.3096764095,1
0.3464475911,0.5290762992,1
0.9126478563,0.2456750085,0
0.6699820723,0.0860752807,1
1.3277539199,-0.6151341794,1
-0.0657985302,0.4341537919,1
1.5020345134,-0.1681964972,1
1.6820932472,0.5882037889,1
2.1172785910,0.1634311108,1
1.0942590734,0.6312725267,0
-0.2099093703,1.1411013754,0
1.8944335278,-0.2637211170,1
1.7921587200,0.1213925159,1
-0.3377115539,0.9183307978,0
0.5191298944,0.4043012035,0
2.3422131297,0.4680606935,1
-1.0809722557,0.0930161948,0
0.6335423283,0.8051618928,0
0.6180670502,1.2346633333,0
0.3253048516,1.0052165653,0
2.0602010558,-0.0397846994,1
2.2338762458,0.0968787329,1
1.1443218125,-0.2768320246,1
0.0732032866,0.1504395263,1
-0.7045462965,0.3776119044,0
0.0167807026,0.5545725347,1
1.2338655036,-0.7156568901,1
1.5890151638,-0.2973086438,1
0.7839358505,-0.0984772255,1
-1.1559793736,0.8151909963,0
1.7121003650,-0.0921111183,1
0.3610115488,-0.1761236888,1
0.1539512068,0.8559812231,1
0.0992560483,-0.1454816647,1
0.5543638049,1.3198110505,0
-0.1284817932,1.3232226592,0
1.8829707787,0.0832004929,1
0.8249343117,-0.5159872476,1
0.3341293647,-0.0320995684,1
1.4469346127,-0.0076680920,1
2.1237690398,0.2265145354,1
-0.5444712415,0.3859922046,0
-0.8824761848,-0.1524456259,0
1.1904797114,-0.6464098388,1
-0.0919858160,-0.0741439192,1
0.6054334964,-0.2486757886,1
-0.2669324676,1.0584024692,0
-0.8241649581,0.6230300098,0
0.3907348373,0.7260861126,0
0.2246157794,0.8317259663,0
-0.9725121475,-0.0185601114,0
1.1141538533,-0.5290033730,1
-0.1416181037,-0.6045805768,1
-0.4588783561,1.0387533206,0
0.2127960554,0.2680011577,1
1.2754201155,-0.4283541442,1
0.8329677432,-0.1920670234,0
1.2393839998,-0.4966045611,1
-0.5865893711,0.7476192222,0
1.9186306255,-0.1416122420,1
0.4473141425,-0.4693588912,1
1.6676448944,-0.5106309233,1
0.5861598981,-0.3223398184,1
-0.4131102698,0.8880804392,0
0.0315547093,0.9266368170,0
1.2007511612,0.2556239079,0
-1.2173934587,0.2421219557,0
0.6885557408,0.6860489764,0
0.4250873589,-0.6401935130,1
0.3428927560,-0.8438616765,1
1.4897211634,0.2585815632,0
0.2467332245,0.7233062515,0
-0.6648889405,0.1660885928,0
0.0907168093,1.3809584836,0
-0.1167138818,0.2818757438,1
1.4085650883,-0.2582114705,0
0.4773384457,-0.9411195589,1
-1.1662145690,0.0605572804,0
0.4556293562,0.5676861242,0
-0.8150144415,0.2607360570,0
0.3129704024,0.1012228242,1
-0.5353364809,0.7557909371,0
1.6558037306,0.1494845385,1
0.1043318154,0.2520655252,1
-1.1315687194,0.1223110749,0
-0.6054535318,0.9693573728,0
0.6443493991,0.8690039274,0
0.3058738398,-0.4052357597,1
1.7488873966,-0.2878608841,1
1.1523911686,-0.5489497942,1
0.8081664742,-0.3979038819,1
1.0637724520,-0.1938390574,1
1.2953945107,0.0389888617,0
0.1589871019,-0.2588261144,1
0.8768224567,0.6108066013,0
-0.1433319145,0.9532699183,0
1.1820393775,-0.3271546719,1
1.2532742159,-0.5092623857,1
1.0968474840,-0.0899864479,0
2.0548158689,0.4391003125,1
1.7308203423,-0.3986833786,1
1.5217855530,0.0217995372,1
0.6093002974,0.8133681981,0
-0.2125374265,0.8345068286,0
0.0154035273,-0.4388545495,1
-1.1019726222,0.4707002885,0
1.0222965285,-0.5540745023,1
-0.0312612706,0.5752939560,1
0.4187956791,0.2349645796,1
0.2955910526,-0.5172971948,1
1.9692270783,0.1975102971,1
0.4295774069,1.1172439338,0
-0.0400994897,-0.1799840978,1
-0.0958825299,1.0343216126,0
1.0265408336,0.5524747752,0
1.1259034380,0.4950452012,0
-0.8273016376,0.7997740068,0
0.0125444253,0.7146713093,0
0.7876927102,0.9980194335,0
-1.0556364981,0.3537822706,0
0.0411561781,-0.0870584201,1
0.0072281136,0.7728122547,0
0.5375486128,-0.5483390220,1
-0.6933010474,0.1948689353,0
1.8477291127,-0.0469692900,1
2.0508487205,-0.2448161277,1
0.9425171840,0.4918252792,0
1.0831836797,0.3321656507,0
-0.4644149943,0.9977582222,0
-0.5199645286,0.8186085401,0
0.3871007559,1.2631596190,0
1.7525110841,0.0430027256,1
0.2962218142,0.1199831776,1
2.0901246575,-0.2525515911,1
-0.0774972773,0.4839157252,1
2.1068780320,0.5805468306,1
0.2663769158,0.3514726328,1
0.2458140768,-0.0682111844,1
2.1186173804,0.1780098282,1
0.5098473201,-0.6809041450,1
1.8862984107,0.4470227335,1
1.0725518895,0.6262972164,0
1.5833115571,-0.3862673196,1
1.6431215529,0.0316016123,1
1.8183221934,0.2402880384,1
2.0454406761,-0.0844964544,1
0.1733359210,0.7687417144,0
0.7272732149,0.0071863656,0
0.8174228373,0.7595526510,0
0.6027837148,-0.4500096714,1
0.2254225710,-0.5241766413,1
0.4344987546,0.2215629057,1
-0.6747836913,-0.0493278661,0
0.6259131266,-0.2900115097,1
0.0495215310,0.9637194584,1
-1.0015404478,0.5626854537,0
0.9346674629,0.4904250275,0
-0.2038996892,-0.4612434333,1
-0.0610669416,1.1902931714,0
0.6595459520,-0.2717959395,1
0.7939126710,-0.6419420576,1
1.9791428624,0.4670066451,1
-0.0851504153,1.3426778011,0
0.2553547732,-0.4113295601,1
0.9919297378,-1.0904292238,1
1.7996940199,-0.2462770467,1
-0.0437735503,0.1807687176,1
0.3626904026,-0.1476693789,1
-0.2014257370,0.8461748656,0
1.7747708973,0.1150435730,1
-0.3875545172,0.8537103258,0
1.8771620294,-0.6692501874,1
-0.6256115355,0.7601622651,0
-0.9359927744,0.7774048389,0
-0.1136765134,0.3703514811,1
0.5676201586,0.6974435311,0
-0.4158400266,0.4755336729,0
0.2181407135,0.7142417924,0
2.0390534686,-0.0397371436,1
0.9262369343,-0.2782679706,1
0.2566356713,0.0139462188,1
0.3139185475,0.1949593090,1
0.0587706149,0.3341889858,1
-0.3396533917,0.9999011344,0
-1.2581297801,0.1835910701,0
-0.7702938066,0.2491855830,0
-0.7731175717,1.0760178677,0
0.9667416384,-0.2397298867,1
0.0324704395,0.1905116400,1
-0.0719555312,0.7708058867,0
0.7149323504,0.7282344599,0
-0.9133203441,0.6600454062,0
0.3727647508,-0.2824269153,1
-0.9403315816,0.3674074435,0
1.6560386476,-0.1559216867,1
0.5586218930,0.5728904690,0
0.1638935138,-0.3740182404,1
-0.3031461491,0.8617613736,0
-0.1295703393,0.2816194418,1
0.5114766063,0.9841656177,0
-0.4351592568,0.7879187342,0
0.9060835901,-0.5214193242,1
-0.8647594892,0.7111948677,0
0.2688712689,1.0529009674,0
0.0398547152,-0.2688291149,1
0.9814045096,0.6495533070,0
1.3193667321,0.0245071756,1
1.9633213161,-0.2756905768,1
0.8815957485,1.2503126662,0
0.5430477013,0.8546643110,0
0.9788142153,-0.6815680560,1
0.6763958625,-0.4838217928,1
-0.8294379629,-0.0052760583,0
1.3529899728,-0.4273784340,1
0.2657363604,1.4644238926,0
-0.6471411186,1.0050806703,0
2.1385938881,-0.0515478400,1
1.8478324468,-0.0526482377,1
0.8488925225,0.2334619393,0
1.2091447426,0.1857070469,0
1.9485306763,0.2361088326,1
0.4374530164,0.2581866477,1
-0.3024120429,0.6482864796,0
0.1581447950,-0.2154212345,1
-0.9183955358,0.0548677389,0
2.0260100897,0.0972599420,1
0.7832895196,0.3214036338,0
1.7511817728,-0.5390551815,1
0.7639456619,-0.3943171236,1
0.0677152916,1.0817732035,0
-0.8596852343,0.4108854976,0
0.2346436562,0.5953973698,1
0.5229155846,-0.7651354205,1
1.1106534535,0.7896093397,0
-0.6900905200,0.8284759766,0
0.0918349940,0.9893023981,0
-0.4799758821,0.5303414835,0
0.3200147531,-0.2134487352,1
1.7253150835,-0.0358392104,1
0.0605932611,0.7426401001,0
0.4803615645,-0.3814019216,1
0.0148606889,0.8248901247,0
-0.0099892170,0.0446392383,1
-0.1267750154,1.2088553997,0
2.0345246801,0.2684613668,1
0.9159822203,-0.2132368675,1
-0.9948084343,-0.4307433702,0
-0.1435883071,1.0394738350,0
1.7265259576,0.1738059610,1
0.3201689549,0.8056925997,0
0.0053766467,0.9395433571,0
-0.0984920509,0.6813323783,0
-1.2274350563,-0.1685335251,0
-0.9553767436,0.3584651753,0
1.8831455755,0.1441340505,1
-0.6544909584,0.3037052710,0
1.8264017137,-0.2747981722,1
0.3005250670,0.9282064740,0
0.7215462761,-0.6962170377,1
0.5721148708,-0.1803775182,1
0.5620402462,0.9347300218,0
1.7424500347,0.3233222172,1
1.6357122575,0.2062282165,1
-0.8956109263,0.1163875822,0
2.1835053550,0.0024406238,1
1.9348000274,-0.0610617109,1
-1.2448446484,0.1245670008,0
-0.6385137642,-0.1725251375,0
-0.7222949369,0.8381855859,0
2.2999872690,0.1143267900,1
-0.9575236092,0.5684184077,0
0.2287820680,0.2908106932,1
1.5127749935,-0.1224552167,1
-0.5621132115,0.9414804031,0
1.6159152414,-0.2295751438,1
0.7049370945,0.6275702150,0
0.4005160230,0.9644222828,0
1.0825978783,-0.5911251752,1
1.2278642994,-0.3725891753,1
1.4496305755,0.3946245740,0
-1.0450602170,0.3805476959,0
0.5488438283,0.3184358042,0
0.8989911920,-0.3599457618,1
0.0079784585,0.9057622053,0
1.0088137870,-0.2018452891,1
-0.0151944660,-0.1536504169,1
1.1494602193,0.0251660031,0
0.9937915796,0.3189821777,0
-0.8425679750,0.1508915006,0
-0.8669057325,0.5607498584,0
0.5571993507,0.8042571859,0
-0.3850032663,1.0448011065,0
-0.4388970172,0.7567529199,0
-0.4078738755,0.8565849654,0
-0.8444983754,0.1579572913,0
0.3182168399,1.0683791055,0
0.0637517859,1.0533823142,0
2.1134354793,0.1548461080,1
0.1601868419,-0.0418739618,1
1.5925129775,-0.4301088194,1
0.4655850952,0.7150970654,0
-1.1679252339,0.1758516001,0
-0.3434342192,0.1590349695,1
0.2918571422,-0.7591858360,1
0.6583191371,-0.3001760047,1
0.4254033432,0.1005901417,1
-0.7988857593,-0.0845041087,0
0.4076171640,1.0552545414,0
-0.4088674217,1.2230622268,0
0.8701264210,-0.5377381730,1
0.3298182222,0.7950189278,0
0.9275380032,0.3648706251,0
0.6678641497,0.7734994694,0
0.2768432185,0.8808664488,0
0.0525699394,-0.4170939388,1
1.2773511402,-0.3854201247,1
0.2265876152,-0.1604652808,1
0.2514301035,0.6600373869,1
0.1603383034,-0.2469461142,1
-1.0397200808,0.1557033646,0
0.2080079310,0.3617055108,1
0.0841020082,-0.0325601814,1
0.6654840509,-0.0124154059,1
-0.0478689476,0.0879444059,1
-1.1505208402,0.1528764819,0
0.0749584644,-0.1110532419,1
-0.3300793367,0.5189572894,0
0.4973398590,-0.3708966249,1
1.2681652804,-0.2632910059,1
0.2691972477,-0.2131113739,1
1.3963841272,0.0820666957,0
-0.9700700914,0.4758688306,0
-0.6100314696,0.9550802972,0
1.4876394521,-0.3573790826,1
1.6185538867,-0.5137403103,1
1.4683609540,0.1760332121,1
1.0943587660,0.5539440836,0
1.0996066906,-0.7074225692,1
0.2806624922,0.2785376407,1
1.5885439093,-0.5488219160,1
0.3118007320,0.6979821133,0
0.5330613415,0.0194334264,1
2.0616538381,0.8593493760,1
0.2248518182,0.0333407426,1
0.3276998996,0.0925338065,1
0.8852263838,0.5274005227,0
-0.5509573336,0.6156008556,0
1.2328729281,-0.3834501021,1
1.3857776770,0.2893045579,0
0.9978258645,0.0192992024,0
-1.1187601063,0.0540143279,0
0.7334790578,-0.2598563112,1
-0.7365956529,1.0584007603,0
0.8969821223,-0.6540019876,1
1.0134176986,-0.5776123625,1
0.5046659129,-0.2145058549,1
0.3832808797,1.2685986430,0
1.0995972897,-0.3333829179,1
0.8305760177,-0.4080104796,1
0.3356858934,-0.4236057370,1
0.3360165734,0.6709188171,0
1.7478268665,-0.3132366348,1
1.8203761733,-0.0024340074,1
-1.1989532697,0.2283603807,0
0.8428203870,-0.2450942356,1
0.6286256310,0.4438466032,0
-0.2805192924,1.1191907337,0
1.7918297019,0.0470841389,1
1.6819742480,-0.0324923426,1
0.6205950506,0.8119265742,0
-0.9885477077,0.4763473535,0
0.1909287087,0.7438099087,0
0.5227944171,0.9574795800,0
1.3052906801,-0.2490796897,1
-0.5705619975,0.3615165299,0
-0.9408286614,0.4663113422,0
0.9387920097,-0.7006017312,1
2.1873799396,-0.0955718336,1
1.0029519264,-0.5401543405,1
-0.5516159763,0.5171238579,0
0.3181037051,0.0635475284,1
2.1209462569,0.2195359530,1
0.3229500380,0.6133227078,0
-0.3903151159,0.3452417010,1
-1.0961401902,0.4649126345,0
-0.9016368937,0.6490387415,0
-0.9912816194,0.7619103064,0
0.9767669446,0.5423125129,0
-0.6628312841,0.6632959316,0
0.2636846665,0.5495876936,0
0.1270639052,0.8542609928,0
0.2301515861,-0.3822333573,1
0.6445046516,0.2191807542,0
1.7852938747,-0.8428354546,1
1.4226670561,-0.2229327737,1
0.0382376044,0.3423973523,1
0.8410423727,0.5255633012,0
-0.2785226640,1.1153560335,0
0.1197640994,0.1069856146,1
1.5405284669,-0.1376058283,1
1.3451943602,-0.2606767954,1
-1.0276348475,0.3936827115,0
0.2897800319,0.5915099487,1
-0.8365814126,0.5632123982,0
1.6212450026,-0.3525817096,1
-0.4831873435,1.5663494028,0
0.3975759803,-0.7888434815,1
0.3931045302,-0.2653710744,1
1.2900144689,-0.7241554537,1
-0.0028722187,0.2985876018,1
0.2463526730,-0.4087430020,1
0.6661182126,0.8442992103,0
-0.0975021863,0.4438301441,1
1.2732647203,-0.3327859492,1
2.6074430943,0.7279123612,1
1.2181857942,-0.1314072975,1
0.9571514132,1.0777123872,0
0.8220309386,1.0323565822,0
-1.4640732110,0.1231596687,0
-1.0745377654,0.4656412974,0
2.1036388437,0.6541834042,1
0.4272247241,-0.4065364254,1
0.1730615767,-0.4527542987,1
1.0373952773,-0.3522812711,1
0.9873885586,0.3675667625,0
0.1864536022,0.4099546273,1
1.6351030452,-0.2107856024,1
-0.5119020696,1.1890301487,0
0.2468789617,-0.0089307135,1
1.9336452218,0.2645645602,1
-1.1521841641,0.4979797326,0
1.0890135103,0.2408455336,0
0.9351995412,-0.4320193544,1
-0.1084991341,0.9549332872,0
-0.5921945387,1.4084922311,0
1.3767755863,-0.5770267970,1
0.4801637296,-0.5681160497,1
0.9502443442,0.0802993970,1
-0.8433061885,1.0037405170,0
-0.4362471396,0.4077163864,0
0.7452503526,-0.4053247911,1
0.8981449019,-0.3459227497,0
2.2609350280,0.2668561030,1
0.4735135589,-0.4250958038,1
1.5361043501,-0.1654400482,1
-1.1721044163,0.1422551893,0
0.8224462183,-0.9107077435,1
0.8379560323,0.3006717115,0
1.4658406051,-0.3889429772,1
1.0433201241,0.2016145965,0
0.4650561770,0.8424372673,0
1.9395847943,-0.4987193000,1
-1.0883879652,0.7002861153,0
-0.4082231086,0.7784840303,0
-0.5965813205,0.3211757956,0
1.2766978471,-0.0504836088,1
0.0063620136,0.7746721454,0
-0.6110042012,0.6599755536,0
0.3686654223,-0.1995918759,1
0.9105621777,0.3007042204,0
1.1396054084,-0.8881224564,1
0.2735380231,0.9643268562,1
1.7686907538,-1.1638373959,1
0.1201209780,-0.2777377464,1
1.0107800868,0.9269276621,0
0.4580164590,-0.8630071245,1
0.8651319975,-0.7371667547,1
-0.6048436952,0.7690499667,0
1.8839306813,-0.2908101233,1
0.5259219804,0.0480647985,1
0.5291333112,-0.4539556794,1
0.8462303847,-0.0869887326,1
-1.2817824937,0.4577316624,0
0.0478141474,0.2287880398,1
0.6938043180,1.1298428144,0
-0.0645945767,1.3261069088,0
2.1049336850,0.5496325091,1
1.5652060727,-0.1502062730,1
-0.1063110895,0.2843158044,1
-1.1250963521,0.1381102919,0
0.9672735877,-0.1144523969,1
1.5144659215,0.2942528341,1
-1.0260613551,0.2170845740,0
-0.6947722794,0.5136595985,0
0.6401207607,-0.5352215563,1
-0.0084644072,-0.3416876354,1
0.8354837776,0.4333332602,0
1.7504328296,0.2757213735,1
0.0693710159,1.0194276075,0
0.0765879114,0.2710156335,1
-0.7474228237,0.7566130567,0
-0.7221864461,0.4697226862,0
0.6882692325,-0.5588826431,1
-0.9981891112,0.4532475846,0
1.8912798417,-0.2368366834,1
0.5857907184,1.1041430482,0
1.3777052262,-0.2888234930,1
1.2505668078,-0.4502963973,1
0.5808180187,1.2043880674,0
0.1869737697,0.2263105662,1
-1.2830821591,0.1076233510,0
0.7779630465,0.7723006702,0
0.3632031283,0.0640013763,1
0.7819035483,0.7812132285,0
-0.4850253615,1.0390654171,0
1.5707142705,0.3143089971,1
0.8226137990,-0.1716092889,1
1.2177021278,0.4969754109,0
2.1086231936,0.0169278714,1
0.5201329996,1.3565256265,0
1.4036685956,0.0137877655,1
2.2303049069,0.5565058384,1
1.9119983697,-0.0235346621,1
0.7088835110,0.9750375729,0
0.3845411438,1.3243512471,0
-0.4323063493,0.4538909810,0
0.8713440162,-0.1678233983,0
2.0925705616,0.2906939809,1
1.8357579275,0.0560511809,1
2.0067718678,0.0629935430,1
0.1699816198,0.7591453742,0
-1.1703341526,0.3916702671,0
-0.0078345354,-0.1083153272,1
0.8161986080,0.1415126404,0
-1.2897385043,0.0564697663,0
0.8924959558,-0.6073958657,1
0.3879124182,0.7721030296,0
-0.5364689272,1.2519204706,0
1.5319859549,0.0902341397,0
-0.5431610133,0.9975818382,0
-0.2060557789,1.1224507821,0
0.2483994784,0.9211379133,0
-0.0015296527,1.0483969689,0
0.6361806901,0.6974044671,0
1.0167153067,-1.1069566137,1
1.0589850146,-0.2987555541,1
1.8839345726,0.1394092150,1
1.6618511319,0.0067058962,1
0.4492102557,-0.3903041970,1
1.3027752858,-0.7569232679,1
0.5161099326,0.0533767903,1
1.0194446356,0.2739089010,0
0.1550020572,-0.2799888993,1
0.7880956071,-0.3296452002,1
-0.2153384869,0.5063125211,0
0.4447821114,-0.6555992576,1
0.5671786891,0.8376871227,0
0.0753076127,1.0731816234,0
-0.5419093481,0.3216706412,0
-0.7934730479,0.5578713982,0
0.6864683396,-0.3743450729,1
2.1661752188,0.6001813124,1
0.2239405019,-0.4226464997,1
-0.1013549548,1.3774614352,0
1.0645997936,0.0564924214,0
1.0083289926,0.2262440251,0
1.0657090398,0.1077894093,0
1.3025888894,-0.0404288676,0
0.3435044445,1.1008201126,0
-0.9458127815,0.3999860158,0
-0.8215339891,0.4282779173,0
0.6333605357,0.8888716972,0
1.6891807944,0.1250642843,1
0.6848705853,0.2066132558,1
-0.6593982382,0.8450549641,0
0.4092033966,0.2114317265,1
2.0287718726,0.5675385730,1
0.0726779872,0.9338075847,0
0.4011665290,1.3566629738,0
-0.7842113776,0.3726865670,0
-0.3395456855,0.6817210193,0
-1.0355507943,0.3835616773,0
0.7125281953,0.5114432924,0
0.0907647497,0.3945307545,1
2.1774224980,0.4354946331,1
1.5777185174,-0.3163305511,1
0.7163110496,1.1127599978,0
0.1234343099,-0.4368337281,1
0.2680210712,-0.6365750726,1
-0.8514028673,0.1382583696,0
-0.3921915856,0.8186468537,0
0.6468921360,-0.1425102532,1
0.1446317266,0.8461251964,0
-0.8665506936,0.7811104526,0
0.8147954654,0.0808592938,0
0.9861859096,0.3748471747,0
1.8488525844,-0.1492242477,1
0.6124426977,0.5972062910,0
2.1468207463,-0.0367631419,1
0.1506041770,-0.0231075267,1
1.7392850027,0.1255237707,1
0.6783530617,-0.4011294862,1
1.2219363145,0.8261396890,0
0.1895823967,0.8411220384,0
1.6083370410,-0.7042315879,1
0.1325588489,0.0487172942,1
1.9554452093,-0.1352728466,1
0.3652393519,-0.3842851309,1
0.8117171673,0.4026137170,0
-0.0552155579,-0.0958388208,1
0.9601149638,-0.2934843191,1
-0.2469091555,1.0011922045,0
1.9202525800,-0.5525906725,1
0.7099266042,-0.2539426410,1
-0.3261465092,1.2365943538,0
1.8778481734,0.4244025049,1
1.0635965805,0.3807238903,0
0.1554851587,0.8812667010,0
-0.0141897945,0.3554626084,1
0.9993222982,-0.0712705860,1
2.0315216787,0.2632284469,1
1.0357222751,-0.6498998428,1
1.0659682002,-0.5193202362,1
-1.0861057190,0.2962802084,0
-0.0305216480,0.1722105584,1
1.4702195172,-0.5878267992,1
1.1728190735,-0.6607955230,1
1.0908132631,-0.8778101532,1
-1.1448497905,0.1602109631,0
-1.1182979566,0.0548622969,0
0.8859194199,-0.9639374060,1
0.9338416061,0.2529546108,0
-0.3511747560,1.2069062234,0
0.4375918318,-0.5838138262,1
-0.2184768201,0.0366227319,1
-0.6812268728,1.1910732998,0
0.2238312564,-0.3486152622,1
-1.0257897335,0.3846419892,0
1.3487791341,0.2850494743,1
0.2755810686,-0.1474882895,1
1.8858076540,0.6176063053,1
-0.0182312781,0.1635067480,1
1.0409483926,-0.8873020963,1
1.7055824387,0.1503114449,1
1.5297123966,-0.3347394776,1
0.2286886305,0.1801969465,1
0.6381523731,-0.5113100511,1
-0.5950078217,0.8925351895,0
-0.4171434150,0.1062056270,1
-0.1434444702,0.8451680911,0
2.1822498812,0.4348736102,1
1.5478686209,0.1572066682,1
2.2283846217,-0.1831846040,1
0.2076217016,1.1236802974,0
1.0908894784,0.7714624540,0
1.8038162307,-0.3736490146,1
1.0278106514,1.2524958711,0
0.5710972172,-0.5773711398,1
1.9401926778,0.3832391199,1
1.3988175159,0.0450733325,0
-0.5806754442,0.5585057014,0
0.9319212337,-0.7556017164,1
1.3898574372,-0.2452399282,1
-0.8136984912,0.9245072284,0
1.9609157092,-0.3906607331,1
-1.0106203398,0.1548138152,0
1.3723309133,-0.7976333234,1
1.4991920492,-0.3747401923,1
0.0928362164,1.2919671658,0
1.7277523511,0.7530919227,1
-0.9750036696,0.3371976689,0
1.8811204162,0.3172548142,1
0.2249069790,0.3488785780,0
1.0239341364,-0.2410262236,1
0.3755596097,0.8091743048,0
0.2826371130,-0.0297921640,1
-0.7831279344,-0.0807163621,0
-0.3432998440,0.7287227120,0
-0.4989382554,1.1765723247,0
0.7251257968,-0.7494185010,1
1.8840772535,0.0726289104,1
-0.4036006682,0.3460510962,0
0.2687522747,0.4337161525,0
-0.9278621502,0.6455569688,0
0.5039554960,0.6489100705,0
-0.1016634442,-0.4701318954,1
-0.9248272557,0.8934886963,0
2.0038513200,0.2556798353,1
1.0196797658,0.5773651959,0
0.7778249100,-0.2029634850,1
1.5697044556,-0.5229894776,1
0.6346062435,-0.0479953990,1
1.9882797740,0.6069293575,1
-1.0796561369,0.5509966049,0
1.6733433913,-0.0655967570,1
1.9150998712,-0.0091758051,1
-0.6307135349,1.1617195527,0
-0.7179998922,1.1069791298,0
0.8460162254,-0.1422204885,1
1.0063232154,-0.3219778466,1
-0.0457473065,1.1781752915,0
-0.0850576955,0.4626813066,0
0.6671437036,1.0199473095,0
1.6900835705,0.4181693784,1
1.2780731985,-0.2483174798,1
1.9559677427,-0.0376489301,1
0.5080303258,-0.5299804001,1
0.8189247608,0.5620689660,0
-1.0435139548,0.2187096636,0
1.5230048168,-0.0653369725,1
1.5984778378,-0.1878166144,1
1.3947809660,0.1038069548,1
-0.0673116457,0.5661579272,1
0.6795961646,-0.6133395471,1
-0.0839418782,1.0266348054,0
1.1287824375,-0.7202566151,1
1.6580082934,-0.3327132185,1
0.7833527660,0.4742366280,0
0.0312799465,0.9361283726,0
0.8724545903,0.9447518532,0
-1.3058906386,0.5148323631,0
1.6376856222,-0.2017036063,1
0.1938712357,1.0404036080,0
-0.8750514405,0.8535035421,0
1.8851533839,0.0751616926,1
0.8608072436,-0.6769151159,1
1.0104935542,0.3566676217,0
-1.0243155462,0.1744276444,0
-0.8249511469,1.2229075891,0
0.9973364986,-0.3510876889,1
0.7571517529,-0.5929687633,1
-1.1098565210,-0.1936699751,0
1.5603402466,0.3657613891,1
0.6689080407,0.5819251669,0
2.3371067664,0.7430275089,1
0.7513338023,-0.5058647115,1
-0.9702883677,0.8351122061,0
1.3991317312,0.2257333766,1
1.4672141620,-0.1472883559,1
0.4103471825,0.2046320381,1
0.8852001875,0.5313976888,0
-0.3497027026,0.9588092707,0
0.3092976189,0.4826004874,1
0.5880608543,-0.4213749966,1
0.5607456638,0.9057305213,0
2.2333009380,0.1849865792,1
-0.5486708657,0.9541896697,0
0.7217616520,0.3065919029,0
1.6660832985,-0.4392667485,1
1.0110419333,0.7311842589,0
1.4476656186,-0.3047101955,1
-0.3827839171,0.8649684179,0
-0.9290133656,0.2251412021,0
0.2858296673,0.9839919589,0
0.8859568684,0.1756260383,0
-1.1137383279,0.0701551681,0
0.1572287913,0.8853307018,0
-0.5752522097,1.0968240665,0
-0.1857994855,-0.0022757620,1
-1.1067051339,0.1063331203,0
0.0618595950,-0.3010307607,1
-0.1232214950,0.9489004876,0
-0.6075933091,0.9081494934,0
1.2610200774,-0.5402649684,1
1.9181862559,-0.2676547882,1
-1.2491497184,0.9525665612,0
1.2741040141,-0.2564936480,1
-0.0741931655,0.6921913830,0
-0.5231466698,0.5676142890,0
-0.7364126042,0.3302319888,0
0.2281331663,1.0280262971,0
0.2219899165,1.1183349405,0
0.6074107972,0.7883130429,0
-0.9902441381,0.4861872842,0
0.9097175141,-0.4214234462,1
1.4100392441,-0.6659126832,1
-0.6441974994,0.5136235660,0
0.9242768649,-0.4787586207,1
0.6439708127,-0.4422452228,1
0.7939888251,-0.7036640407,1
0.8091922901,-0.5983779159,1
0.7893892090,0.4921401963,0
-0.1786313519,-0.1452088104,1
0.4203964423,0.8691473612,0
0.7175308201,-0.8218348621,1
1.3544845219,0.5297644443,0
0.2381502499,0.5776707096,0
0.6302961119,-0.6491379579,1
1.1152464572,-0.6887620250,1
-1.2735003950,0.6189520443,0
0.5154649728,0.2728770419,1
0.6342679306,0.3080065813,0
0.3870125309,-0.8393984254,1
1.7082227338,-0.0298756496,1
-0.1059966490,0.4794363377,1
0.9896533599,-0.6054530026,1
1.5053134192,-0.6635968862,1
-0.0935065540,-0.0309242500,1
1.8081810945,0.6689347580,1
-0.0003585716,0.8687441831,0
-0.1414268223,0.8822619393,0
1.6111693232,-0.3930170071,1
1.5014349320,0.1365199873,1
-0.7048166344,0.6437408384,0
0.6552174362,1.0412100024,0
0.8086775542,0.6824572173,0
1.9623282591,-0.1843847547,1
2.1842547802,0.1576294100,1
0.2920835600,1.1071761763,0
1.8527431561,0.2052128410,1
0.2129499683,0.4245318383,1
-1.1992759638,1.0658559016,0
0.6838163368,1.3398026644,0
-0.4787733730,0.9331543048,0
-0.0646202157,-0.3494905681,1
2.3427235388,0.1264563184,1
-0.7053139247,1.0445522625,0
0.9958952109,-0.5713467390,1
0.3576626807,-0.2183975889,1
-0.0229764442,0.0374539896,1
1.9598068633,0.3185857275,1
-0.0193729400,0.0798993584,1
0.5113603024,0.9481847106,0
0.4255842090,0.8930188607,0
0.9678030574,-0.6461362749,1
-0.6082256160,0.7824596722,0
0.5152108744,0.5999476864,0
-0.7839494729,0.5519893724,0
1.6283759197,-0.3988375203,1
0.3061426094,1.1035191980,0
1.7153857194,-0.4224856625,1
-0.5841036517,1.1622838818,0
-1.2698460903,0.4606921606,0
-0.3816214626,0.6270789223,0
0.2881434524,0.6142706913,0
-0.9372866180,0.5037022893,0
1.6660829980,-0.1122509735,1
1.7936530465,0.1484869005,1
0.3771904567,0.9974224433,0
0.5612337132,-0.0855753407,1
1.1596578524,-0.5367341296,1
-0.7824514933,0.9930528721,0
0.0556931610,0.3135634479,1
0.5259283840,-0.6424395951,1
-0.9244289514,0.7316136420,0
-0.6405632642,0.5489958256,0
-0.1699150817,0.9114604686,0
0.4322450075,0.6173517845,0
-0.4139344157,0.7216260451,0
0.3757301500,0.2930724310,1
1.8024096195,-0.5517493084,1
-0.4151158145,0.7155174151,0
1.5286473943,-0.4142101592,1
1.3868219853,0.2243118202,0
-0.6147548526,0.9606559597,0
0.1719440991,-0.1280486614,1
-0.0259494389,-0.2736607538,1
2.1029636535,0.5532457170,1
-0.3082355105,0.5009287263,0
0.5391775738,0.8095864843,0
1.5942062435,0.1872001094,0
0.9578780162,0.7514268599,0
0.0028556716,1.1013885675,1
-0.4296489243,0.6010282929,0
1.4395657076,-0.4171776583,1
2.1642776709,0.3157040357,1
0.1228980286,0.7974050134,0
-0.9071228637,0.3497570354,0
-0.1427666381,0.7136941290,0
0.0632630683,0.4117787950,1
0.3981019260,-0.4119492698,1
0.8356057586,-0.2061279800,1
1.1732225378,0.5098436831,0
0.8916583674,-0.5747056422,1
1.8644327318,0.0044870713,1
-0.2325921672,0.1888906625,1
1.0230317140,0.3137146279,0
0.0243912251,0.3195342018,1
1.6771957923,-0.4625486364,1
-0.7211218220,0.2489021807,1
-0.4144264228,0.5153121750,0
0.0251070601,-0.1722533657,1
-0.8949950648,0.5733450054,0
-0.3671728012,0.6468065431,0
0.5826355025,1.2569763128,0
-1.1529389769,0.2217050611,0
1.0263245661,0.7378128226,0
2.1011399886,-0.5151128342,1
-0.5979198688,0.9525156364,0
1.5544722664,-0.5010633031,1
1.0710366358,-0.7241011277,1
0.0204075696,1.2128668840,0
0.5300128731,0.9092433930,0
-0.1459105259,-0.2163586587,1
1.3106859248,-0.7157683072,1
0.9311758254,0.1770056636,0
-0.2323329259,1.2806189637,0
0.4644004107,-0.6798571772,1
-0.6476746578,0.7631156735,0
-0.5893460841,0.9013384701,0
0.4170802485,-0.3339340667,1
0.2433459729,1.1822533199,0
0.1249157193,-0.2843836685,1
0.7948977720,-0.2427940903,0
1.9923072786,0.6615725236,1
1.9000330202,0.0255809495,1
0.7449486600,1.2160090220,0
-0.9873734993,0.5879047662,0
1.5100496469,-0.4295235133,1
2.2527927682,-0.0778613860,1
0.8623726029,0.6407935546,0
1.0860596466,-0.5595212343,1
-0.0442419284,-0.5668730141,1
0.5843314359,0.7774773023,0
1.7844814981,0.7042585977,1
0.4628415134,-0.1317048971,1
0.5217795932,0.8140833805,0
-0.9714532577,0.1904695570,0
1.2757897494,-0.5782051020,1
-1.0196541183,0.3158335641,0
0.9469212540,0.8727925813,0
0.2459677903,-0.2967309682,1
0.8658892151,0.3780541075,0
2.0729120055,-0.1798203804,1
1.1714640639,-0.2248682066,0
2.2018580713,0.3809116845,1
0.8974573165,-0.5308944658,1
0.5461940195,0.0604699086,1
1.2669706688,-0.6777923140,1
-0.3914845289,0.8854078111,0
0.2591440351,0.4250522516,1
0.6539853269,0.8946039752,0
-0.0467758343,1.1941177830,0
1.2068210944,-1.0043540153,1
0.3799983829,-0.8348877604,1
0.0968757498,0.0356253556,1
0.4199924721,0.8101669823,0
0.0109536733,0.1792199540,1
0.2622799593,1.3415533791,0
-1.3585598158,0.2295215530,0
1.1327027806,-0.6968031227,1
0.6986642745,-0.5432667754,1
0.8274601831,0.4143971249,0
-0.6463192231,1.2368921708,0
-0.1200420696,0.0188852247,1
0.4895648304,0.2849624171,1
1.6901059352,-0.5334550721,1
-0.6543961454,0.7841395456,0
0.7324192994,0.1830131205,0
1.2196602855,-0.4805567433,1
-0.9829826803,0.5633983755,0
-0.7987906065,0.9290681027,0
1.2131535258,-0.6177107328,1
0.5074603272,0.9437541035,0
-1.0425645243,0.1331599549,0
-1.2214165713,0.6572872281,0
0.0365824417,0.8500347018,0
-0.1630231964,0.2820224582,1
0.0016202786,0.0824589344,1
0.9659429185,-0.5883452554,1
-0.6399488406,0.7173115120,0
0.2296186895,-0.2075729008,1
1.9077384038,0.4590173840,1
0.7547968329,-0.5536953556,1
0.0543601555,0.7956735642,0
-0.0490299656,-0.0464341786,1
-1.0444072436,0.5429282146,0
0.8264678589,-0.7372782005,1
1.7654810005,-0.4138878315,1
-0.3679720262,1.0881060021,0
-0.1075955744,0.8547132147,0
0.2483504266,0.9758960746,0
0.4279267765,-0.2498058589,1
0.7634458458,0.9960700706,0
-0.7933871948,0.1918533367,0
-0.0035349228,-0.0868382768,1
0.1744103547,-0.5059461719,1
-0.0266671078,1.2296827143,0
0.8344136425,-0.1947819252,1
1.0824234827,-0.5020797902,1
0.6493301381,0.5943096600,0
1.9200011395,0.2950625113,1
0.3399937282,0.9537478256,0
0.7303054952,-0.7327811383,1
0.4719451391,-0.1214757773,1
1.1433995789,-0.2565381510,1
0.4917777446,0.6196210043,1
0.2103368647,-0.0494839618,1
1.1458664547,0.3484664231,0
2.1454943463,0.3493669366,1
-0.6528189239,0.5018176399,0
-0.7654313344,0.1392958681,0
1.3869577679,-0.5868764516,1
0.2298867681,0.7006751965,0
0.4546240252,0.0402940782,0
0.9395494122,-0.9451293413,1
0.1460440840,-0.2529335357,1
1.4072281094,0.0206340038,1
0.6653479958,-0.1772750592,0
-0.7287434648,0.5812391693,0
0.9628091145,-0.4930313199,1
1.0312381195,0.4153853926,0
-0.5653528120,0.9372418960,0
1.4372165114,-0.3835362533,1
1.7000954369,-0.1012321597,1
-0.1276099605,0.8513221334,0
1.2277212810,-0.5266139114,1
0.9239434848,-0.0356937415,0
0.6377779255,0.9554834668,0
-0.2100187054,1.4217151198,0
0.9338728206,-0.1978555952,1
1.8279666695,0.2960935212,1
-0.1741626764,0.8836365746,0
0.6873388511,-0.4394986889,1
0.5885141680,-0.3128667715,1
1.0209727901,-0.3773331282,1
-0.9229123661,0.6802674867,0
0.6426524601,0.2861530169,1
0.5316309043,-0.6265537163,1
0.5455044678,0.5679369726,0
0.4906903320,-0.1683110594,1
0.2949158099,-0.7807144774,1
-0.3722110237,0.1937694256,0
-0.4664851015,0.7964084977,0
0.2244164506,-0.4393514929,1
-1.0892449890,0.1953260272,0
0.7135298648,0.5101422926,0
1.7912013070,-0.5012700064,1
0.3901230634,0.7428506017,0
2.4882525448,0.0334971447,1
0.7429615417,0.7306323857,0
0.8283487948,0.7039755491,0
1.0242458494,0.2617041105,0
1.0483403610,0.1958811702,0
1.8634615697,-0.5672075983,1
0.5516487759,0.0613589540,0
0.3564563418,-0.6675461267,1
-0.1180039940,0.8803965208,0
0.6389045173,-0.4467477271,1
1.4472478959,-0.7916345183,1
1.6160662165,-0.4605326208,1
-0.4267018678,0.6364641053,0
-0.3209359825,1.0229308300,0
-0.2926867516,1.0011861456,0
0.4756079330,1.3013463110,0
-1.1929997764,0.1360988892,0
-0.1300224762,0.8526706971,0
0.4428564047,-0.2417338503,1
1.4999224862,-0.4100411942,1
1.5597516096,-0.3790186026,1
0.5277216944,0.0859304974,1
0.1746823718,0.4251862929,1
1.6982319232,-0.2308662083,1
0.1983055286,0.5907078905,0
-0.0934452576,0.5180708202,1
0.6740785713,-0.5095188148,1
1.2125511421,0.2192323240,0
2.1426887907,0.6316990105,1
0.3528884063,0.1087104073,1
1.1603682466,-0.9174563970,1
-0.3764083527,0.9235568269,0
0.1965621748,0.8353989030,0
1.8939800430,-0.2625182176,1
0.8629797627,0.7219306400,0
-0.1974843185,0.6202702107,1
0.1507621660,0.3788940482,1
0.6469855139,0.5307338725,0
0.0000687590,0.9101228722,0
0.2297470015,0.6615613137,0
0.1251739720,-0.1754023063,1
1.8748724424,0.2476381119,1
1.9113093362,-0.6165947637,1
1.6351546133,0.0297450930,1
-0.4256730653,0.9300761041,0
2.5370940459,0.1859737326,1
0.5894287364,-0.2993097826,1
2.2064094205,0.0897615591,1
2.2297050378,0.1288458938,1
-0.2572713634,0.9574475434,0
1.2079128209,0.6166916987,0
-0.0624557806,0.7938489157,1
2.2047106933,0.0236456611,1
1.1325236260,0.1968302727,0
-1.0519713931,-0.1027618938,0
-0.0279778171,0.3616585695,1
1.6982961778,0.2097857385,1
1.0098055013,0.8149667392,0
1.9340409344,0.5487101736,1
-0.7961676707,0.3323670353,0
-0.2273237352,1.0456546530,0
-0.3608494572,1.1255787438,0
-1.2984816910,0.2571754532,0
0.3432347151,0.6960701453,0
0.7646147473,0.8460900709,0
1.6530226955,-0.3352986732,1
-0.6125614328,0.2452575354,0
0.6326187977,-0.4454067597,1
0.0682735677,1.4281951255,0
1.8463584937,0.4221880334,1
0.0310377144,0.0639735659,1
1.9226211478,0.3529930429,1
-0.7908735709,0.1749353678,0
0.1884073914,0.7483766644,0
2.3398107379,0.2995160561,1
-1.5683469053,0.1433847282,0
1.4916702629,-0.2286866498,1
0.2139806821,0.9885042950,0
0.2226429943,0.4391129971,1
-0.3689832102,0.6992517229,0
-0.0100195126,0.4725518659,0
0.6749255597,-0.3282455634,1
-0.6614304635,0.9303012315,0
-0.2647320928,0.7516350666,0
-0.5703276175,0.5216509896,0
1.0916589901,0.6096434859,0
1.0564643470,0.4329219459,0
0.3390500210,-0.4848703914,1
1.3212689588,-0.2746863486,1
0.9285362741,0.8508862651,0
-0.1495905488,0.5565955229,1
1.2096153733,-0.5905090224,1
-0.3606538507,0.3697080130,1
-0.4553098406,0.4937256301,0
1.1754184108,0.5852537503,0
0.0949921754,-0.1376369329,1
0.2348901936,-0.2264164879,1
-0.1764109076,-0.1252522502,1
1.2434038567,-0.4470960334,1
0.4010311587,-0.3946014997,1
1.2940483108,-0.4539578328,1
1.4006671301,-0.5371850011,1
0.8955016431,1.0094282866,0
-0.3574258204,-0.0500072954,1
1.1128980290,-0.1989351378,1
1.7376698986,-0.4056520075,1
0.6516188018,0.7235421092,0
1.0942578540,-0.4788533087,1
-0.0388437199,-0.0342461573,1
0.0781573685,-0.0701116360,1
1.7110391088,-0.1739182229,1
0.9966545654,0.0052766722,0
0.0869461096,0.0229543338,1
0.9772536730,0.0512953973,0
0.7424811545,0.6696485466,0
0.7915128109,0.6903519344,0
1.0540165415,-0.5729981106,1
1.9800929718,-0.0985995966,1
1.3623628142,-0.4727106278,1
0.6106309962,-0.7347743365,1
1.6836622696,-0.3844263993,1
0.1360524309,0.7753667786,0
-1.2602693565,0.2426965922,0
-0.9125170675,0.4463838806,0
0.5467976181,-0.1635498558,1
0.3392853209,1.0184664129,0
2.0083726228,-0.1519555111,1
0.5824863988,0.5081342403,0
-0.4977738734,0.7550384854,0
-0.6441590539,0.9325434823,0
0.0874615221,1.1119935307,0
-0.9053786023,0.3152213578,0
0.3530046880,0.4417771121,0
-1.1282137479,0.2888143444,0
-0.4566454002,0.9236990140,0
-0.1937098005,0.2719189091,1
0.0089856944,0.7141228490,0
-0.4791623544,0.7542645843,0
0.9734615887,-0.3229639526,1
0.1262688311,0.7107842731,0
1.0821731145,-0.2865361864,1
-0.5418892879,0.7943867504,0
0.9477835090,0.4938367276,0
1.0173335356,-0.0765066055,0
1.2006360388,-0.4215952016,1
1.7083872151,-0.3327279003,1
0.0145513390,0.9459862575,0
1.7394451793,-0.5142638352,1
1.8077588260,0.5911715204,1
0.5433443613,-0.2821995084,1
-0.0911298501,0.2836003085,1
-1.0890153593,0.8577145251,0
-1.2541381800,0.1799977708,0
0.1283706305,0.0273456755,1
-0.6265161587,0.4730746329,0
0.7129478591,0.6246367270,0
1.6062165607,0.0681612591,1
-0.9907504447,0.2331071858,0
1.7226069237,-0.3712995755,1
0.3156195522,0.8966285439,0
-0.6969835134,0.2236052041,0
0.4409500088,-0.3859229413,1
0.0335039201,0.4028190247,1
-0.0268131422,1.0350008785,0
0.1396388982,-0.1640457145,1
0.1227365537,-0.6215037988,1
-0.6694715984,1.0865127591,0
-0.7909416085,0.6626973875,0
0.3137314886,-0.1747060460,1
0.4616844629,0.1805735843,1
0.5233304644,-0.5801694578,1
1.8610150533,-0.3106015651,1
0.9344226501,-0.5494789132,1
0.7167660623,-0.3878798365,1
0.2216002006,0.3091147697,1
2.0624627617,0.3197646169,1
1.2870556756,-0.4917883763,1
0.6133974817,0.6107557780,0
0.9205108872,0.1962955092,0
1.9206481657,-0.1457795584,1
1.8686812932,-0.0477506352,1
-0.8498456223,-0.3426794757,0
1.4125955384,0.0779159723,0
0.9455794197,-1.0511933464,1
0.9129726205,0.3629258342,0
1.8311031306,-0.4643848257,1
0.8852233420,-0.1894431477,1
-0.6407549407,0.9786818984,0
-0.0721145864,0.2235814648,1
-1.0293737326,0.1279709572,0
1.8624859293,0.5686933980,1
0.7046440729,0.3404974469,0
1.4560930820,-0.6131702873,1
-1.0419637233,0.9164220019,0
1.9558340934,0.1311077226,1
-1.0020252816,0.2160746581,0
1.9318192103,0.1810240614,1
0.4817020882,0.5256396028,0
1.1523635634,-0.4718537169,1
0.8161510838,1.0759877232,0
1.9137396893,-0.7662158584,1
-0.0476685156,1.3287933828,0
0.9319554950,0.6106659798,0
1.5887091794,-0.2482270468,1
1.9553508158,0.3458706947,1
0.5303137960,-0.2562729497,1
1.6423794821,0.2991431781,1
1.8260485864,0.7076504872,1
-0.1063680456,0.8996019586,0
-0.5571477225,0.6093804839,0
1.0008125217,0.1888373803,0
2.0026874311,0.0341075684,1
0.4354926113,0.8035106480,0
0.2466736673,-0.2459991284,1
1.6507012313,0.0872281409,1
1.3178269938,-0.6138998254,1
-0.9769951423,0.2290237131,0
0.3607130157,0.7127795265,1
0.9096464250,-0.1493428152,1
0.8485997159,0.0093956475,0
1.9377143463,0.0909339035,1
-0.2154147661,0.5478716054,0
-0.4407866178,1.4022877726,0
0.6824663015,0.2593287169,0
2.0418354640,0.0715401489,1
0.5504985283,-0.1630447836,1
0.2909695797,-0.7255785446,1
0.9215472930,-0.0565399963,0
-0.6809718566,0.8918766691,0
0.1599177377,1.0842698034,0
0.2122089867,-0.2437407463,1
-1.0502323264,0.1537511604,0
0.1039075983,-0.4728570150,1
0.4970943449,-0.7888136015,1
0.0579678228,-0.1896376784,1
1.1144534724,0.1423178166,0
-0.4021084944,0.4435081078,0
-0.0461499656,0.6639732845,0
0.6359579317,0.4749180362,0
0.0698097667,0.5907461777,1
0.2358479460,1.1168758169,0
1.2120211513,0.5476978880,0
1.2024480721,-0.7277312340,1
0.1091956157,-0.0071508425,1
-0.9848235761,0.6063312303,0
0.3939349877,0.8459532219,0
0.5700681180,1.0809940059,0
0.7364668126,0.1599546356,0
-0.2624545011,-0.3363008604,1
0.6767005060,0.1510702625,0
1.5460203978,-0.3922206850,1
0.3724895104,-0.3147144847,1
1.9373819411,-0.5110288699,1
1.1256809906,0.5075274347,0
0.5688374502,0.2139352889,0
1.2243351376,-0.4374797635,0
-0.7785315906,0.7623984817,0
0.8519170781,0.8954125407,0
-0.1227604206,0.2144711886,1
-1.3111084468,-0.0363963589,0
0.8171205882,-0.2509502877,1
1.7839240497,0.2427616441,1
0.9362592930,1.0885057611,0
0.9401709156,-0.4873034911,1
0.0852936007,1.4057269538,0
-0.2900725505,0.7870268557,0
0.5859767970,0.5498391082,0
-0.0015915060,-0.1812618058,1
-0.7301495376,0.4867022912,0
0.3348343608,1.0328118307,0
-0.9579356445,0.0809981067,0
-0.7595794291,0.5927616043,0
0.1896686524,0.2995893702,1
0.9835677857,0.5578622367,0
-1.2672831716,0.1040911123,0
1.1207469604,-0.6887502837,1
0.2063559130,1.0466842372,0
0.1614955395,0.4119649970,1
0.8699823014,0.1272401899,0
1.9792918973,-0.2630843665,1
0.6384358694,-0.3875559724,1
-0.8786104555,0.8105715625,0
1.6264949105,0.2275765979,1
-1.1079174098,0.3735816550,0
1.6597086797,-0.1854834203,1
0.9780035931,-0.5556075095,1
2.0349690781,0.2722840411,1
0.8048752296,-0.1833507108,1
0.7381707017,-0.5126696908,1
-0.4182010051,0.9892177862,0
1.8636567106,-0.6071748974,1
1.1595937710,-0.0574119864,1
1.1840397903,-0.8412732972,1
-0.2136165418,0.0838126096,1
0.7991188120,-0.4088375406,1
0.6121754014,0.8255024151,0
0.2569883497,-0.3387893852,1
-0.7375186200,1.0077365868,0
0.7187118549,0.9121302620,0
-0.0691406883,-0.0501607283,1
-0.6932660303,0.7731875397,0
1.1076668594,0.4776618657,0
-0.0949135937,0.4632861664,0
1.6355249719,0.0162783673,1
-0.9360200482,0.8192740158,0
1.1241178512,-0.0771154894,1
-0.6663778679,0.7434364314,0
-0.4438056519,0.4629617117,0
0.4936172671,1.0329411388,0
-0.1496961119,0.8444950738,0
-0.1598117763,0.9098017771,0
1.5122524440,0.1189815445,1
2.4456139160,-0.3324274051,1
1.0262721110,0.3699779379,0
0.6888046275,-0.4218206401,1
-0.3248029679,1.3090813696,0
1.1969473197,0.6148889969,0
0.7643073767,-0.6646808803,1
-0.9588043474,0.5407698099,0
0.2538785583,-0.4823065145,1
-0.8386100071,0.3331219607,0
1.3461681238,-0.6578219032,1
0.9317704912,-0.0290654214,1
1.6965305095,-0.5788043504,1
-0.7364712901,0.3295152348,0
0.2103696183,-0.5214370349,1
0.6064623325,1.0220084800,0
-1.2319908609,0.3611322962,0
1.3855583748,-0.5178497380,1
0.5887239123,0.0977309967,1
-1.1037002001,0.0178849728,0
0.6504016544,0.0128392726,0
-1.1361026038,0.1735452245,0
2.2910838025,0.1590757643,1
0.5892662078,0.8703252389,0
-0.8207453836,0.9709744502,0
0.1123266754,0.8530815286,0
-0.6386393712,-0.1752830420,0
0.3479781822,0.8593562501,0
0.0263385606,-0.2805875890,1
1.2056155454,-0.7675022621,1
-0.8090400888,1.0260713102,0
-0.0756291559,-0.1274642817,1
0.9462203606,0.3503520912,0
0.1921409527,0.0498284416,1
0.1931663317,0.9526544850,0
1.2017513538,-0.8313524085,1
0.4800089761,-0.0156078236,1
-0.6971032729,0.8928938703,0
0.9617538945,-0.2804514592,1
0.1434440593,0.0314082345,1
0.0005134946,-0.2209234017,1
-0.8735241669,0.3642906620,0
1.7986601588,0.2762880310,1
0.5689610332,-0.1240938250,1
-0.5066671573,0.6805388026,0
1.6692767642,-0.3021922045,1
0.7021059912,0.4608459393,0
1.0166999374,0.3083676893,0
-0.6406197041,1.0305774798,0
-0.3524759768,0.6247854731,0
0.1016793912,0.4596757398,1
1.8428241423,-0.0496528415,1
0.7016732968,-0.1094800578,0
-0.1750256194,1.1409655639,0
-0.7825132664,0.7122672181,0
0.5667218519,0.2126386296,0
0.2570914545,0.2546110773,1
2.1650167754,0.1057544473,1
1.2032509149,0.5401232351,0
0.3950886753,-0.3995708674,1
0.3961870709,-0.5704536422,1
0.0090908887,1.0319002853,0
0.5122890518,-0.5372350720,1
1.9091923481,0.1760097220,1
0.2509874440,-0.2718751611,1
1.2919592095,-0.5514165734,1
-0.6760261016,1.0406244615,0
1.8383614593,-0.7349830133,1
1.9192806347,-0.2279956202,1
0.7377719045,0.9696814879,0
-0.4421284232,0.9737277852,0
0.7799848153,0.2786580458,0
0.3855379587,-0.1516224974,1
0.4503392069,-0.2815672141,1
-0.5484068864,1.0454690957,0
1.6476313506,-0.0385247538,1
1.9009425111,-0.2499305207,1
0.9794514137,0.3916611104,0
2.1708882480,0.0283994012,1
-0.8046290025,0.4796280243,0
0.0523481988,-0.0477510924,1
-0.3175029377,0.5117572720,1
0.0862631643,-0.0432196021,1
-0.1039504180,1.2385484951,0
0.9140786161,-0.6417438268,1
1.0457978811,-0.2559815233,1
1.6142310470,-0.1430868022,1
1.0276027895,-0.9796429050,1
1.6135862785,0.0972831511,1
-0.4024648759,0.3155443740,0
1.2659978740,0.0310598962,1
-0.6972377400,0.0082899675,0
-0.0158987979,0.2688884649,1
-0.7200023684,-0.2634056159,0
0.6022628925,-0.1681992056,1
0.0276447890,0.5473219981,1
0.7933986130,0.1903650673,0
0.0594445377,0.4069107621,1
0.2567399993,0.1334570995,1
0.6999311649,-0.0089410012,1
1.2301752145,-0.6439022560,1
0.2634977311,-0.2142442476,1
-1.0331109930,0.3474203886,0
-1.0458329428,0.9270105047,0
1.5007290392,-0.3938143606,1
-0.6018753018,0.7884765697,0
1.9809752151,0.3810161044,1
2.3091589335,0.1966077948,1
-0.7011463157,0.4080865264,0
1.1814360625,-0.2408309602,0
0.2579992994,1.0484510396,0
0.3640682499,-0.1370418071,1
0.9439971938,0.0076291201,0
-1.1058177529,-0.1371611617,0
-0.8028373642,0.5891840515,0
-0.0632814789,0.9354153978,0
-0.6685355946,0.9660675390,0
1.0796017955,-0.6233193336,1
0.3020706033,0.9028757512,0
-0.1917525669,0.7037834823,0
-1.0810938953,0.0967915286,0
1.6939402219,-0.4631463506,1
0.0677296608,0.7134632816,0
1.9082598290,-0.5040715484,1
0.7038342972,-0.4547002292,1
0.1190155116,0.9177015482,0
0.0244484155,0.5166770614,1
0.0522287261,-0.4039607529,1
-0.4321021301,0.8451469104,0
0.6382309835,0.9557702071,0
0.9536032781,0.3755841037,0
-0.2364720160,0.6863901897,0
0.1676031197,-0.0862977790,1
0.0382170566,0.0690326491,1
1.5377094172,-0.1889005096,1
-0.1152700254,0.2966737446,1
1.1411995764,-0.6431990826,1
-0.9551231128,0.1918745723,0
0.3462073249,0.7565452319,0
0.6550133164,-0.2719331363,1
0.0534344075,0.8786401583,0
0.0955734195,1.0878497365,0
-0.4031947293,1.1434366152,0
1.5502830959,-0.2769917961,1
0.9428137758,0.5241305386,0
0.8886874043,-0.3898985657,1
1.9420265429,0.5442637552,1
1.6833521058,-0.2480012837,1
-0.0260986047,0.0230561981,1
2.1070579555,-0.3710167277,1
1.1454428714,-0.3280641300,1
1.2257644924,-0.0362351450,1
-0.3822278950,0.7392163031,0
0.3889270613,-0.0538887872,1
1.0121183992,0.3216340174,0
0.6486313091,0.5711640168,0
0.6881813303,-0.4553055134,1
2.1707350417,0.3892050805,1
-0.1482475510,1.0642965317,0
0.6375903510,0.4732686480,0
-0.0770478305,0.3263538477,1
-0.9637950984,0.1281413229,0
0.5829303953,0.4649223007,0
-0.3864109093,1.0414727576,0
0.0373331530,-0.0683322136,1
-0.0051750896,0.2826855703,1
1.3772575444,-0.2365224864,1
-0.6907611983,0.5179593241,0
1.1474855453,0.2292875611,0
1.9712041974,-0.4297087088,1
0.8284980588,-0.8974061296,1
0.1061497165,-0.2236367717,1
0.2629195857,1.3166958162,0
1.3216223210,-0.2746319179,1
-0.9975310773,-0.0843894504,0
1.4245820383,0.3042162945,0
-0.6326824161,0.4241569296,0
0.0384052718,1.2842871532,0
0.9987321176,0.3794768493,0
-0.3436854797,0.7255250320,0
1.6482103541,-0.0423975905,1
0.3330250640,-0.0703478235,1
-0.3345720940,-0.1433788438,1
0.2735524628,-0.4253273048,1
-0.6134582464,0.6043785601,0
0.4409335916,-0.0200058251,1
2.0255159331,0.6445248825,1
-0.8539236492,0.4154698659,0
0.7495231792,0.7969729447,0
-1.2125031600,0.6115348838,0
0.2345185873,-0.3653146111,1
0.9798245781,-0.3948666029,1
-1.1818912600,1.0106898264,0
0.9442506346,-0.3269499355,1
0.6395845660,0.8332889097,0
-0.3767178238,1.0866188248,0
-0.6758341068,0.1931220884,0
1.1470544299,-0.5601521339,1
0.1833641185,1.1230841870,0
0.3287798803,0.9692505141,0
-0.5290630919,1.0024093586,0
0.7365885410,0.1793475358,0
1.8413862819,-0.5731856196,1
0.2593195530,-0.3176510648,1
-0.8260226796,-0.3917729043,0
-0.8285794661,0.3948954365,0
0.7222687094,-0.5893391789,1
1.2193222155,0.3030591265,1
0.5916919950,0.8884790163,0
-0.6325356114,0.5151853801,0
0.8997495095,0.6335682288,0
0.5325929774,0.8712576885,0
2.1513996981,0.8173634590,1
2.2844723342,0.2293814313,1
2.1129251248,0.4868043128,1
1.8124540447,0.5864530089,1
0.9136627327,0.5406641978,0
2.0213686364,-0.0025973861,1
0.8487164568,0.1856596789,0
0.2049223909,-0.3744267801,1
0.0413953714,0.8683437952,0
1.4224705524,-0.0690934509,1
-0.6304236129,0.5020781646,0
1.1739672021,0.7060428145,0
0.1445106762,0.5839489784,0
-0.1178177854,0.3172665212,1
1.1091017639,-0.1044404570,1
-0.0131929537,0.8036180329,0
1.0243893139,0.4204952901,0
-1.3277319516,0.2771009267,0
0.1766028712,0.4457017439,1
0.9768122270,0.5143410034,0
0.2531971255,0.1463052032,1
0.6720250759,1.1775445276,0
0.3494999160,0.7262168928,0
1.1840700999,-0.4798343514,1
-0.1389302924,1.3483931344,0
-0.4330065278,0.5631787536,0
-0.5696985320,0.6405700652,0
0.9604940941,-0.3455432482,1
-0.6700389419,0.7986906245,0
2.0488621641,0.0744328619,1
1.6155238573,0.2683904767,1
1.8395611014,0.0548852611,1
0.9854133858,-0.3533090081,1
-0.8344947665,0.9112359133,0
1.7930074376,-0.5562030878,1
-0.0251422211,-0.4412621240,1
-0.6714331351,0.8704887398,0
-0.2998563170,1.2209807909,0
0.2013243054,0.8790621201,0
0.3733420208,-0.4493648675,1
2.1128143541,-0.5261984976,1
-0.1361281915,1.1183901465,0
0.3605782125,0.1634135931,1
-0.8908186808,0.1823702682,0
0.2852156513,-0.2353987191,1
0.0551238420,1.0762918170,0
1.0319364599,-0.5095264005,1
-0.9774251538,0.4289630720,0
2.0108875636,0.8069308823,1
2.0496982780,-0.0032658807,1
-0.0601619976,1.0009731621,0
0.6663426787,0.8442400143,0
1.0434900101,-0.4243083762,1
-0.6334924469,1.0422140099,0
-0.2760798904,0.5619039349,1
0.9809694268,0.2456008679,0
-0.7384009422,0.7756832328,0
1.1213359430,-0.3716366574,1
0.4564031378,0.1179633375,1
-0.0578378616,1.3196481521,0
-0.7968106204,0.2342585445,0
0.1944494931,-0.1063710299,1
0.5243519408,0.0497894231,1
1.3704513495,-0.5470389030,1
1.9097835049,-0.3091389218,1
0.0980219338,0.6362811780,1
1.2492139150,-0.5039774884,1
0.4032656443,0.7880018650,0
-0.6435490658,0.4077989145,0
-0.2780368924,1.1152176313,0
-0.1153364604,-0.2942253676,1
1.0798052737,-0.5450890269,1
1.9673014358,0.4732281315,1
2.0118108770,0.5316151858,1
-0.0777131432,0.9352563405,0
1.8808911779,0.1246384109,1
0.2400866739,0.1433867168,1
1.4580843365,-0.4253593956,1
-0.0118550311,0.1709590625,1
0.2369426119,0.8011284536,0
-0.2669507974,0.5526017410,1
-0.7616624752,0.9514828044,0
0.9474302710,0.2529712296,0
0.0375965604,0.9979315611,0
-0.3763575668,-0.0159397359,1
1.8407398419,0.2355766466,1
1.1085312710,-0.5986181002,1
-0.2476856248,0.2374427053,1
-0.1463599911,0.7210757134,1
0.0011333379,0.0884932860,1
-0.6955520578,0.7119201738,0
0.5610702258,-0.9279905448,1
-0.9689525271,0.4900752105,0
-0.8293878982,0.6168733930,0
0.0854107373,-0.2561004728,1
-0.6528684568,0.0809443074,0
-1.3589162944,0.2648993547,0
-0.8246620371,0.3889039611,0
1.7615133891,-0.2909028278,1
0.5223908038,-0.6223858997,1
1.4862139602,-0.5091610011,1
1.1346572788,-0.6111290038,1
1.1675207255,0.1268920871,0
0.1664989665,0.1440853324,1
1.5302205012,0.0476604563,1
0.5429198300,0.6934052845,0
0.2187863421,-0.3597725145,1
-0.7316958983,0.8518768272,0
0.3726536296,0.4074373392,1
0.0611187848,0.2211312524,1
-0.6787332642,0.4726382673,0
0.5233317402,-0.8411796229,1
-0.1651669354,1.0353245440,0
0.3195610093,0.9673768517,0
0.3480831181,0.7027358708,0
-0.0565062549,0.5677555018,0
1.9493524697,-0.2027801709,1
0.9083962747,0.7720388649,0
-0.2417696803,0.7715922635,0
-1.2730516822,0.1505871976,0
2.1475602146,0.2150434996,1
0.1057805430,0.7464735528,0
-0.3589390698,0.9191296041,0
0.7813446481,0.6181187246,0
0.5141857899,-0.1672757469,1
0.7796412431,0.9447139897,0
0.9151933939,0.4536256866,0
2.1939886278,-0.1213295561,1
-0.4097020124,0.7318451202,0
0.2687933400,-0.2103085686,1
0.7226576912,-0.4446665038,1
0.5280141843,0.6897523966,0
-0.9815494293,0.5083400360,0
0.7105833114,0.2188005201,0
0.5857508329,0.6035413386,0
0.5655521025,0.7173722408,0
0.1034445147,0.9984224255,0
1.5857124012,0.0694976429,1
1.4573877594,-0.2130979497,1
-0.1392579714,0.7114796477,0
0.1312247370,-0.3202782595,1
-0.6403834112,0.7358646899,0
-0.7213051148,0.8078886607,0
-0.9849572129,0.0082162944,0
0.3937399543,0.1320347539,1
-0.2139955148,0.1015440264,1
-0.7631156587,0.1524161746,0
0.3027298768,-0.1476032701,1
1.5561332496,-0.9506409579,1
0.5596654975,0.5208757213,0
0.7953644692,-0.6408830430,1
1.4126891466,0.0807329303,0
0.8230091983,0.7595073125,0
-1.1007993239,0.4371951377,0
0.8837271360,0.1623098465,1
0.3589238755,0.2338470001,1
1.0103056186,0.6444816100,0
1.9187554547,0.2688221218,1
1.4896109581,-0.2733336685,1
0.5821065459,0.8494657521,0
0.7643710216,0.3764657668,0
-0.8572627153,0.6292197457,0
0.8088471011,0.5144971868,0
-0.1201348066,-0.1046631319,1
1.0401907317,0.9508838509,0
-0.0520064601,1.1415561261,0
0.1186032909,0.3470709811,1
0.6852780453,0.7810301030,0
0.3853371209,0.7210409505,0
0.0368948036,0.2012196274,1
0.0097583714,1.3081296205,0
0.9506738323,-0.6850346717,1
-0.2127476397,-0.2204270737,1
-0.0625879378,-0.0698694528,1
1.7013657639,-0.5317521511,1
1.9179490828,0.0267160327,1
-0.8626005920,0.2166493886,0
0.3966292608,1.1381263065,0
1.6144692468,-0.2661438747,1
0.6059297337,0.6396833963,0
-0.3787308344,0.5685046845,0
-0.3098972790,0.3149122856,1
-1.0747016993,0.2629906429,0
0.0002177915,0.1719390154,1
1.6632501616,-0.2697206707,1
2.0457327004,-0.0228548257,1
0.5845915969,0.9576543063,0
0.7576180352,0.1833154306,0
-0.3649461199,0.9851557628,0
-0.0893974124,0.5423316988,1
1.0823009374,-0.1544550609,0
0.6937940318,-0.4538070576,1
0.4238022016,0.2797776592,1
-1.0263195387,0.2561871035,0
-0.7429487954,1.0895147329,0
-0.6913697377,0.7658664304,0
0.7030321838,0.4714129331,0
0.8936541524,-0.7787535855,1
1.6584337760,-0.2169074615,1
1.8863464025,0.3632538247,1
0.7876840810,-0.5739921898,1
1.4915820081,-0.2939884365,1
-0.7730121381,1.2065261358,0
0.7183005530,0.3714610910,0
1.3691450400,0.7890693453,0
0.9779225462,0.3426296513,0
0.3156297603,-0.3108116320,1
0.1668032204,0.8828532555,0
1.8939937110,0.9672623798,1
-0.0469744679,1.2021872832,0
0.3541133620,0.3533677078,0
-0.2967180518,0.7939392176,0
0.1254918554,0.9082496176,0
1.9379184932,0.6819094832,1
1.3786067624,-0.1641692401,1
0.7220565246,-0.5189765371,1
2.0879335532,-0.2121995832,1
1.2993901038,0.2393549743,1
-0.0311448248,0.0831777713,1
0.7899362087,0.5887336635,0
-0.3795049629,1.1064908574,0
-0.2768545790,1.3707741289,0
1.2735626353,-0.8262268964,1
-0.9105549805,0.6039137762,0
-1.0916278610,0.6318141258,0
-0.6847316224,0.7304845754,0
0.7144494938,-0.7004682261,1
1.2521976860,0.5636148424,0
0.2757641686,0.3885097229,1
-0.7595685020,0.4781612919,0
0.3987833031,0.8339054652,0
0.0907961543,1.0514157928,0
1.0117749253,-0.4293043879,1
-1.0141325195,0.3659550497,0
-0.3076409150,-0.3687131596,1
1.7314207792,0.6621813645,1
1.0262553774,-0.0551698669,1
-0.1994559332,0.7027758388,0
0.7897412102,-0.5715095245,1
1.5319953058,-0.7117965181,1
0.9936960457,0.4790337669,0
0.0373922369,1.2267019223,0
0.3976298980,1.1678709539,0
-0.7867733740,0.7204898621,0
-1.0043188148,0.0975947891,0
1.8610563907,0.2802319386,1
0.6444225038,-0.3026582921,1
0.1713728675,0.5442558086,1
0.9494607392,0.2366823345,0
-0.7579604479,1.0612650945,0
1.8873812395,-0.3026891892,1
1.3669155657,0.1109038087,1
1.8446001677,0.3898792486,1
1.3891017389,0.2465142225,1
0.1842999909,0.9732224316,0
0.0747098319,0.3582600513,1
0.5810307007,-0.3570956602,1
-0.6060585509,0.0891670380,0
-0.1141219232,0.5697267286,0
-1.0398163402,-0.0438834584,0
1.1616886104,-0.4170050416,1
0.7481282554,1.1266399527,0
0.3479070383,1.1630151193,0
-0.9943298421,0.2473610460,0
-0.9585730836,0.5773835400,0
-0.2193788125,-0.3207293062,1
0.6963177018,0.3454478497,0
1.1593575201,-0.5293271760,1
1.8802611789,0.3484000534,1
0.9489754746,0.6208242464,0
0.4386355606,0.3358630600,1
1.6972582174,-0.2464608124,1
-0.9298323143,0.4426113924,0
0.1245590176,1.1420370274,0
0.6507869542,0.9346457873,0
-0.4070499858,0.5333466516,1
-0.1174720847,0.7648308736,0
1.4767598055,-0.4643542128,1
-0.1951387686,0.1512612012,1
0.5602764202,0.9994747309,0
1.7656904707,-0.0516113789,1
0.0677915485,0.2601116455,1
-0.9552289181,0.0794731079,0
1.2757011791,-0.0470885768,1
0.4511596481,1.0164880234,0
1.9466079484,0.1130413492,1
0.7861322989,-0.4645331553,1
1.9196581072,0.3315299006,1
0.6380668116,-0.2299299123,1
1.0876193180,-0.6654381206,1
-0.7855330940,1.0998301934,0
2.0549514323,0.3804731675,1
-0.9441507355,-0.0111360614,0
-0.7734892111,0.7253973381,0
-0.0426252452,1.0000113321,0
-0.8156146501,0.2698770143,0
2.0939394666,0.2924580043,1
-1.0119146772,-0.2557085262,0
1.2044616584,0.4035595044,0
-0.8522848735,0.7585814768,0
1.0998372871,0.0272680073,0
1.1736620075,0.5031685476,0
-0.3531808106,1.0820697277,0
-0.5600030729,0.6863418854,0
-0.7009161737,0.4920749920,0
0.4264417294,0.8118868424,0
0.4027675580,-0.3291036245,1
2.3485026201,0.1712101352,1
0.2523094969,-0.1940736586,1
0.7123649424,-0.3450553543,1
1.2535286424,-0.0709511947,1
1.2779189124,-0.7199357443,1
1.8417345958,0.4077941374,1
-0.7828972742,0.9711023971,0
-0.0477742986,0.0882256084,1
0.6603155914,0.7656693992,0
0.1812169630,1.0553773583,0
1.9576871743,-0.1299719139,1
1.3127310657,-0.9149962650,1
-0.7745642264,-0.1358013950,0
0.5127152081,0.8582614248,0
-0.4472011493,0.5253357859,0
0.3102016976,0.8862539560,0
0.4408676546,-0.7903583675,1
0.8817017328,-0.0202499419,0
-1.2385301180,0.1375153993,0
-0.4942746292,0.7763595711,0
0.1811394534,1.3568671383,0
0.8515240358,-0.6965765143,1
-1.0888010644,-0.1434948841,0
-0.9206939065,1.0163741830,0
-0.9844690775,-0.0721960323,0
-0.8776729547,0.0209065077,0
0.1909946893,0.9691756124,0
0.4862394906,1.0417116507,0
2.1136796905,0.3916758799,1
2.2131198855,0.8588538209,1
1.3063912587,-0.5219943636,1
-0.7641714346,0.1020101757,0
2.1802111660,-0.1073697954,1
0.9542719232,0.4334419228,0
-1.3546789492,0.4946051334,0
1.1490716870,-0.5957934053,1
0.9717206909,-0.6849903077,1
1.7022595673,0.0026996547,1
1.6441509548,0.1074532987,1
-0.4666557926,1.1269157889,0
1.6544921749,-0.2891183521,1
0.7393845402,-0.7318350495,1
0.9086737841,0.1708736808,0
0.7134040841,-0.1396751271,0
1.2538108027,0.2480806605,0
-1.0820731636,0.4337502965,0
-0.4364502126,0.6394807759,0
1.7959398300,0.0331445312,1
-0.4927114608,0.8323302926,0
0.7920648358,-0.1890109987,0
1.9664043950,-0.1466915511,1
0.8476092462,0.1519044102,0
0.5560272693,0.7919520713,0
0.0146917685,1.1022349989,0
0.4639500698,0.6780127111,0
1.9603728011,-0.1632868831,1
1.2847311202,0.6607712751,0
-0.6902849502,1.0456579195,0
0.4326962203,-0.5136065021,1
1.1708866778,0.4556939751,0
-1.0408771890,0.6089257098,0
1.5792885088,-0.5031240142,1
1.7929960655,-0.1906525999,1
0.9861222272,-0.3856411494,1
-0.0790633753,1.0404002594,0
-0.2449713472,1.2607531999,0
1.4258504053,-0.5677919909,1
0.0597990459,1.0067897538,0
1.0948764475,0.1332119923,0
2.1095653004,0.1926239344,1
-0.0175619397,0.4440438570,1
0.3136926995,0.9172329794,1
-0.9350855984,0.1153153965,0
1.8710627258,0.0813617513,1
0.8976126303,-0.4531080676,1
0.2968771192,0.0490288630,1
0.9394658530,-0.3229407803,1
0.3180318224,-0.5614628197,1
2.0579256339,0.3789545886,1
0.7432778751,-0.2922319018,1
1.1576294879,-0.3838975730,1
-0.1688423893,0.3110468643,1
1.0932529970,-0.2115110739,1
0.5315932098,0.7802631220,0
-1.0873018270,0.0590937620,0
1.3763236553,-0.3182412590,1
1.8638028474,-0.3009249302,1
-0.6281987430,0.7472435898,0
-0.6229339984,0.7556612596,0
0.1391527673,-0.3159889752,1
0.4469299655,-0.5295707147,1
1.8076161906,-0.3100105963,1
0.8396136563,-0.2139952555,0
-0.8263357701,0.6287222988,0
1.6898678468,-0.4947988601,1
-0.2745499202,1.1653919513,0
0.2432918991,0.3827655658,1
-0.0002294359,0.2457149354,1
-0.7764131886,0.7411466942,0
0.5509497003,-0.1166082422,0
-0.0211780150,1.0518026268,0
1.1020993729,0.8678601488,0
-0.8107758818,0.3179626344,0
-0.0931933742,-0.1944884643,1
-0.9434727754,-0.1178715769,0
0.5415663177,-0.3961779570,1
0.6442335403,-0.5026912803,1
0.1340982744,0.3084270027,1
1.0152351185,0.3835872737,0
2.3411275542,0.6187745134,1
0.3940206866,0.1926623182,1
-0.1666345426,0.9910990541,0
1.5663982254,0.2012884560,1
-1.1182561193,0.1679941352,0
0.8527674603,-0.3894129082,1
-0.9742405338,0.1230500542,0
0.7713981008,0.5438431135,0
1.0589669166,-0.2913911482,1
0.7478321376,-0.4529343939,1
1.6853960082,0.1602832738,1
-0.1866548880,-0.4533224435,1
0.6500267595,1.0167222326,0
0.2128632402,0.9978197910,0
1.4206826987,-0.3408340062,1
-0.7784141739,-0.0049314513,0
-0.4610551686,0.8282941784,0
1.2145831312,0.0848885674,0
0.0456476317,0.7721253441,0
-0.0234821586,0.8747807910,0
-0.8571088636,1.0342787700,0
-0.0286121703,1.0471773035,0
1.8297311800,-0.4333429157,1
1.0082276605,-0.3728094682,1
0.6112881556,0.5083139695,0
1.1570903005,0.7445009211,0
1.6106572704,0.5942275035,1
1.8268018537,0.5178138430,1
1.1437631868,0.1048172872,0
0.9218394630,-0.8243916209,1
1.0329529139,0.3470054155,0
-0.3949608020,-0.0432232187,0
1.3897735629,-0.3628216045,1
-0.0391358399,0.0224231326,1
-1.0746006006,0.0178779131,0
-0.0133959153,-0.1237741403,1
-0.7569267943,0.2801646497,0
0.0157714965,0.8271274593,0
0.4610169891,-0.3525528750,1
2.0093106785,0.6907566036,1
0.8882302642,0.6087613640,0
0.3107954333,-0.3596982093,1
1.9658130235,-0.4902182503,1
-0.3669355666,0.1006665001,1
-0.4158239885,0.9534011709,0
-1.2523978270,0.1945069580,0
0.7438962789,-0.4171781482,1
1.4608058266,-0.2778301598,1
1.1711090157,0.1873167316,0
0.6979353169,0.0231185019,0
0.6016220767,-1.0479658646,1
-0.1352994718,1.0943492358,0
-1.1171218814,0.2343454610,0
0.0312275680,0.1042667423,1
0.1479146252,0.9107701612,0
0.5104972445,-0.3578162861,1
0.4057803635,-0.2635664218,1
0.8759269453,-0.2934159137,1
1.0349483514,0.2919813892,0
0.0082580706,0.9897891093,0
0.0440121733,0.3893928493,1
0.9899565995,-0.1901650171,0
-1.0701992519,0.0923963893,0
1.7322072628,-0.0714431843,1
0.6486154795,-0.3455921547,1
1.3043895434,0.2817040392,0
-0.7471865530,0.1718274672,0
2.0883762851,0.3660340411,1
-0.6605155858,0.2396484571,0
0.8896923065,1.1740325800,0
0.0987222432,1.1292464270,0
-1.0082969046,0.1735475026,0
0.8008411642,0.4064889782,0
0.2375909281,0.3952462567,0
-0.1996369867,0.9076687780,0
-0.8344660362,-0.0724161118,0
2.3723004700,0.2704104430,1
0.7724254099,0.4480678619,0
0.0443466943,0.3458275360,1
-0.0143613667,0.2106241260,1
0.5610549787,0.9783266259,0
0.6861544195,-0.5143361016,1
-0.3905012097,-0.2781287417,0
1.1601108944,0.3811756065,0
-0.6167077479,1.0775907125,0
1.0157334497,-0.5619114519,1
-0.6806347954,0.7619325455,0
0.9057303385,0.2416030116,0
-1.0925736179,0.4303418606,0
-0.1189657023,0.3104939025,1
-0.3510232281,0.8239477519,0
-0.0657066522,0.7384804118,0
1.2497458207,-0.0828616897,1
0.0200730707,-0.6348736451,1
0.7572486468,-0.1118181973,1
0.7761696731,-0.0069427011,1
0.0061042782,-0.2913009273,1
-0.4434910319,0.3432536064,0
1.6162330663,-0.3997719731,1
0.1975994126,-0.1047252371,1
-0.8338459686,0.4104878466,0
0.7887386497,0.5315740003,0
0.9771710710,-0.6830069897,1
-0.2183580175,0.5832516887,0
0.0946784884,1.0608432946,0
1.0002417963,-0.2618100625,1
1.1230318771,0.4379142368,0
0.4564506066,0.5734224220,0
-0.2490353535,0.6862579175,0
0.2730435022,0.5128630614,1
-1.1545582890,-0.0895764569,0
-1.0815397651,0.7262170595,0
-0.1413559411,0.2180883634,1
-1.0514199683,-0.2299951211,0
-0.3055261391,0.8453983116,0
2.0582746306,0.1103433766,1
-0.3980376436,0.3085917158,0
0.7440148807,-0.4990132837,1
0.6215654847,0.7395529072,0
0.1891759744,0.8969654686,0
0.2289852306,0.0879104542,1
0.8661825801,0.1363372887,0
0.8674626436,-0.2187960399,1
0.2560244966,-0.0692206853,1
0.3268192217,0.7147198416,0
0.4788181959,0.9844431559,0
1.9594298333,0.6174407366,1
0.1423550287,1.0574476235,0
0.9891407258,0.4920330913,0
-0.0110232198,1.0975937464,0
1.3847572223,-0.2022828466,1
2.0670793236,0.2589125264,1
0.9748382550,0.0469325837,0
1.1899971499,-0.6645938033,1
-0.7979908102,0.4081192457,0
1.0334403927,0.4314004943,0
0.8552175110,-0.3069947562,1
1.3782696516,-0.5099633367,1
1.9838492345,0.1825351572,1
1.0940537830,-0.5855195734,1
-0.3895333018,0.6705895836,0
1.0568138743,0.4271742332,0
-0.5130043112,1.0371587786,0
0.9382123049,-0.5001308857,1
0.3547706545,0.8133057254,0
2.2030367690,0.4468224756,1
-0.7510967807,0.2595657597,0
0.4526127241,-0.6468118502,1
-0.2533342320,0.8374933998,0
1.3828936281,-0.1784767202,1
1.1063509103,0.6283955015,0
0.2449623830,0.4967631099,0
-0.0874869049,1.1931388175,0
0.7329911899,0.3772859491,0
0.2223905541,0.7308846378,0
0.4283578461,1.0483184000,0
0.1436139334,-0.0712363541,1
2.2391170485,0.3446557175,1
1.3255914721,-0.1693925395,0
-0.5757153672,0.7192920852,0
0.1535047882,0.5500963915,1
1.4364094748,-0.1410898124,1
2.3100802733,0.6517117288,1
0.8349092983,-0.5925165162,1
0.4951014400,-0.1806021605,1
-0.8845603800,-0.0726805001,0
-0.1892392975,1.3424449143,0
0.7303548271,0.7259294542,0
-0.1937899117,-0.1269460099,1
0.1047291075,-0.0375040410,1
0.1051212222,1.0759472076,0
0.4734622601,0.2851786048,0
0.2389387212,1.0912762083,0
-0.0474438774,0.9214557113,0
-0.0058069867,0.8055586404,1
0.2990100080,1.0276377562,0
-0.8748913820,0.1583892098,0
1.6034929000,-0.6436888115,1
-0.5636411482,0.9062971868,0
0.1777337259,1.2603617425,0
0.3867753361,-0.6486332914,1
0.4325848913,0.6396252548,0
-0.1194160845,1.0162260179,0
-0.9383543418,1.0512995713,0
0.8310799084,-0.4702515943,1
1.7050254910,-0.2798941208,1
-0.8012823767,0.1424619232,0
1.0414710686,-0.7087278972,1
0.5741154488,0.0682702580,0
0.8966630144,0.4271077057,0
0.4761805257,-0.0165926745,1
0.7362890521,-0.5506578978,1
-0.4619895827,0.8717709363,0
-1.0745637692,-0.0226920500,0
-0.2205757925,0.4583141375,1
0.9711892357,-0.3181344150,1
0.9369991959,-0.5325135300,1
0.8675564058,-0.2216020791,1
1.4629441664,-0.4039520262,1
1.2291160551,0.0812515416,0
0.4056099631,-0.4764786261,1
2.0136871206,0.5253223275,1
-0.1671037031,0.8210318393,0
1.8414338728,-0.2405926075,1
0.5131661359,0.0423432420,1
0.8587587959,0.7952715380,0
2.1579806835,0.4036682376,1
1.2913129703,0.2524920457,0
1.6607453815,-0.1105929380,1
0.0510007189,0.2083277563,1
-1.4092076994,-0.0782449078,0
-0.2860452912,0.9977033007,0
1.7284794435,0.0686304299,1
2.0772860147,0.4514123321,1
0.0015680047,-0.1279917712,1
-0.6312506300,0.6641525938,0
1.3580585309,0.7839839822,0
0.1644958306,-0.4285950813,1
0.7404750855,1.1580332646,0
1.6635084587,0.0749458982,1
0.5485825042,-0.4237420701,1
1.5839257950,0.0483994330,1
0.5640384339,-0.1693768269,1
1.6592000166,0.0000296482,1
-0.0242330430,0.3644434971,0
-0.0073955613,1.2457666552,0
1.5605633416,-0.6713443552,1
1.4673781692,-0.3242245262,1
-0.6937821370,0.7884570404,0
0.4473404508,-0.2298816516,1
-0.3037618577,1.1288209958,0
1.3875792636,0.1275834990,1
0.7680234385,0.1960323973,0
0.4315553641,1.1837861148,0
1.7540133513,0.2145145740,1
0.5631453488,-0.4383960451,1
2.2814633644,0.6430780255,1
-0.6118305736,0.0099218087,1
0.2360170197,0.8314295239,0
0.1500351670,0.4316607062,1
0.5965741847,-0.7128427144,1
0.3090774435,-0.7611994687,1
1.2598009253,-0.5218588058,1
1.3851573443,-0.3311089901,1
-0.4983321266,0.8780195239,0
0.6521385047,0.1814943737,0
-0.7616727662,1.2035882162,0
0.2351536936,0.8033280746,0
1.5219249085,-0.6013773373,1
1.6423476252,-0.2273265574,1
-0.1118951108,0.2931377823,1
0.4554091950,0.8633834106,0
0.3642110990,-0.7430218639,1
-0.4674576969,1.0022263721,0
-0.5311663410,0.5814040840,0
-0.5935363068,0.5043951448,0
0.8124064217,0.1710065126,0
2.0384072979,-0.0891909945,1
1.8166948722,0.0229766100,1
-0.4707200948,0.7637535908,0
0.9482649436,-0.2112282301,0
0.6871209258,1.0526353881,0
-0.2525752464,1.1475125687,0
1.3260877646,0.1362962595,0
-0.4249947595,0.7660395770,0
1.2860515948,-0.5236278619,1
0.0401666044,0.0613445547,1
-0.8126350582,0.6801829277,0
-1.0773070822,0.4749425063,0
-0.5198359698,0.5883374330,0
0.4898223526,0.1187991358,1
1.8542496699,0.3792831857,1
1.3856761260,-0.2898990900,0
0.1816698366,0.2320691981,1
0.3253958774,0.2581887070,1
0.6652295460,1.1262124674,0
0.0901953175,1.3244325589,0
0.3993802055,-0.5560273110,1
0.4323511180,0.5791191953,0
-0.3543308842,0.8571384345,0
0.9124484886,0.3445793577,0
0.3832739960,1.3735614652,0
-0.0101185325,-0.0609911806,1
1.1299459603,-0.2784104770,1
-0.9671287919,0.6634755772,0
1.1499152399,0.1724560813,0
-0.0454208845,0.3920129447,1
0.6946565195,-0.6961247557,1
1.7138355658,-0.0976282804,1
0.0797330565,0.0924715560,1
-1.0912539412,0.3221727298,0
0.3210580446,-0.5241686195,1
1.5260565327,-0.2521547870,1
0.0994279392,1.0797596835,0
0.1824879123,-0.3038040514,1
-0.0624809022,0.5875378858,1
0.4625596158,0.0160158143,0
1.8336051109,-0.0918344117,1
0.3933301772,0.6175467938,0
0.2656554001,1.4303829546,0
-0.7665345774,0.4343812202,0
0.8418749192,0.7078246198,0
0.2150536495,0.9267648148,0
1.6530487032,0.3272569332,1
0.3055407955,-0.3712986774,1
-1.0452029310,0.5146807719,0
0.1698654545,-0.0926044118,1
0.3672410385,0.0857819677,1
1.0261433270,-0.2800037430,1
-0.2877555136,0.9159107324,0
0.2898763862,1.0240317062,0
-0.2006829624,0.6023442349,1
-0.9832699552,-0.2417738604,0
1.8376399092,-0.3416435857,1
1.1687527725,-1.0398934419,1
-0.0062360840,0.6253472432,1
-1.0956655530,0.0047023039,0
0.1032264662,0.0402044663,1
1.9761184899,-0.0813179115,1
0.9997545582,0.0203909359,1
2.0256604701,-0.0352821214,1
-0.3141144675,1.1041177725,0
-0.4420456263,0.4317792317,1
0.9394984667,-0.4418582645,1
0.3485622810,0.2723377537,1
-0.7437302630,0.7102467092,0
-0.0568534283,1.0238031450,0
0.3304304367,-0.4331109809,1
-1.0955272549,0.0425972974,0
-0.1764942908,1.0060443258,0
-0.2104066232,-0.1592582402,1
-0.5054036310,0.3224152125,0
-0.6425452493,0.4686270790,0
-0.6103587645,0.3916066076,0
-0.6923305676,0.9072881462,0
-1.2556548666,-0.0994447601,0
0.9759623831,-0.0871678589,0
1.5514693971,-0.7301912555,1
-0.1730195671,1.3354569598,0
-0.1312004189,1.2631071435,0
1.0150874857,0.7665271006,0
0.4380842357,-0.2559020324,1
-0.1428494990,0.5114881569,1
-0.2601594000,1.3203159358,0
-0.0215213601,0.8504240152,0
1.3305600175,-0.3777195757,1
-0.2717345438,0.9921885146,0
1.4253313371,-0.2889040920,1
0.6856819179,-0.4217938155,1
1.1690311997,-0.5637562557,1
1.0349840406,0.1269548178,0
-0.4545579169,0.5728278458,0
1.1777924703,0.0046167354,0
-0.0843578063,0.5689727287,1
0.6626929610,-0.3904365993,1
0.5943106379,0.0455511197,0
0.9223069824,0.1861755466,0
0.9972468147,-0.2729507543,1
-0.8526880211,0.9802627407,0
0.1452474533,1.0223136435,0
-0.1047945247,1.3321240546,0
0.5925766306,0.7074168328,0
-0.1395515594,0.2160891541,1
1.8455862838,-0.1094611031,1
0.5361127421,-0.2320148784,1
2.3335964638,0.3128203729,1
1.8618367701,0.4166780110,1
0.0536702042,0.1099283542,1
-0.3255179961,1.0471969375,0
-0.6783592278,0.5765300378,0
-0.2251698623,0.2439671563,0
-0.2564601478,-0.1776078113,1
1.3608426400,-0.2969381094,1
2.1595989595,-0.3127255954,1
0.2715640682,0.3540558335,1
1.0695464076,0.3383420987,0
0.4017828367,0.7583562768,0
0.9768041386,0.5571341641,0
1.3347160339,-0.2932652144,1
0.3371504010,0.7148051506,0
0.0683654917,1.3004615398,0
-0.1078236906,0.1640825863,1
0.4262063651,0.7713373206,0
0.7238812379,0.3868418707,0
1.0994657940,-0.5892514594,1
0.3279077659,-0.4628850016,1
-0.4416017917,0.2703168959,0
-0.7792360912,0.8581031908,0
-0.2954952145,0.6964978179,0
-0.3859797124,0.6137151024,0
2.0609680000,-0.1148058882,1
0.5042179848,-0.2755928994,1
0.8082720449,0.6323803076,0
0.4110572122,0.6822823428,1
0.4671742723,1.0730079560,0
0.8267656707,0.8672743762,0
0.6896355760,0.4762803554,0
0.8910959217,0.2023755155,0
-0.7053804966,0.4107895158,0
0.4822147334,-0.2438851930,1
0.3669154142,0.2294531933,1
1.7528682332,-0.5550294110,1
-0.0630934101,0.6266120000,1
-0.0508510997,1.0218931366,0
2.0373506841,0.2609431742,1
0.5407466711,-0.4981711738,1
1.0404760567,0.9286207357,0
1.7835238936,0.0341921013,1
-0.6389297261,0.8700338300,0
1.5911160580,0.2132922613,1
0.8836577659,-0.4401306557,1
-0.3689624059,1.0666061737,0
-0.9086214039,0.1554662626,0
0.4283707172,1.3047314197,0
-0.0864630367,0.7606583306,0
0.4126344377,0.8251217150,0
1.0867142106,-0.6224921614,1
0.9137015161,-0.9633417770,1
1.5499849119,-0.8327709421,1
-0.8160389567,0.4118878493,0
1.8972753888,0.4486171089,1
-0.4742452750,1.0439459716,0
-0.2721254260,0.9314335663,0
0.4758128404,-0.2253242139,1
0.1375157823,0.1776592353,1
-0.5873849765,0.6141022127,0
1.2367394365,-0.4178664848,1
-0.2803735981,0.8059389373,0
0.3907450418,0.7189152570,0
0.5746191119,1.0588515218,0
1.5422147190,-0.1929969231,1
-0.7594084983,0.3438452260,0
-0.9134231946,-0.0405553162,0
1.4264034153,-0.5828019497,1
0.1355398024,-0.1162863892,1
0.1730587468,0.8580739755,0
1.4697457044,0.0762772306,0
1.7219574357,0.1606061906,1
1.2641892831,-0.1116368123,0
1.6404632054,-0.3599381538,1
0.6924436957,-0.6133236080,1
-0.8642556562,0.8784637562,0
-0.2245172708,1.3380707168,0
0.2720931506,0.6625890697,1
-0.7067811685,0.9659397054,0
0.9224959291,0.4449671449,0
0.2655587787,1.3654285243,0
0.4243858477,0.7450464503,0
1.9194994799,-0.2639595735,1
-1.0341301496,0.2725275101,0
1.6543291795,-0.3416853853,1
0.8789684481,-0.4545386650,1
1.3313761974,-1.2415368607,1
0.2621433823,-0.2098284408,1
1.9514711661,-0.0901481451,1
-1.0342396307,0.3207283762,0
-0.4451688424,0.6043265430,0
1.1389160240,0.0304556457,0
-0.0087870330,0.3175921331,1
0.2746124472,-0.1472642125,1
0.5809466373,-0.6125870869,1
0.9501174816,-0.5237838060,1
0.5241987184,-0.4732624524,1
-0.3783958324,0.3210186079,1
0.8400920255,0.8409650965,0
0.2231790023,-0.3251395347,1
1.8137528572,-0.1911353446,1
0.4633355579,0.7321210127,0
0.3835976730,0.0336129874,1
0.7556325353,-0.1019397845,1
0.0299723839,0.6766454551,0
0.9667403679,-0.2049286266,1
0.3347475721,0.0334407582,1
-0.1777870790,1.2791362127,0
-0.9002671150,-0.0001171418,0
0.2781185460,0.1915707167,1
2.4443130011,0.1562020473,1
0.8990988146,0.1332178820,0
1.2213287801,-0.3363536872,1
0.1638236829,1.0542907189,0
0.1398334800,0.7185135534,0
-0.0035685372,0.5866331628,1
0.9458265359,-0.7900589855,1
-0.2539674293,1.0750000149,0
0.8687094634,0.3466298108,0
0.1036770084,-0.1795753721,1
1.2460463672,-0.2313758752,1
1.5511804732,-0.9730014327,1
-1.1561019767,0.2292306953,0
0.3844040704,-0.2495945467,1
-0.4025012859,1.0384400178,0
-1.1834645159,0.3457317316,0
0.4600516744,1.2914578410,0
-0.7976151238,0.1980634272,0
0.9415511359,-0.5035549565,1
-0.6997932750,0.6551887226,0
0.1138622356,1.0851501167,0
0.4832023717,-0.1062116267,1
-0.0892324635,0.8161389878,0
2.0485166631,-0.0884587493,1
1.2336643314,0.4763490762,0
-1.2784667764,0.4000733041,0
1.8801354149,0.1559385231,1
1.1763608777,-0.0477579639,0
-0.9351415002,0.0358114107,0
0.0867476950,-0.2281846954,1
-0.6066470770,1.1043791931,0
0.9478305620,0.5544603854,0
-0.0968869031,0.0863128157,1
0.6454432804,-0.2779767003,1
1.0924244306,-0.5552248897,1
1.6634859134,-0.3811071412,1
0.9813268737,0.4804732700,0
0.8027615072,-0.1514731726,1
0.0811961000,0.4348224125,1
-1.0552481073,0.0942109205,0
0.8568035683,0.3729401726,0
-0.7655996879,0.5597643437,0
-0.8341983314,0.7284498865,0
0.6854859090,0.6066331746,0
0.3231092401,-0.1431894177,1
0.5738328628,-0.6884875743,1
2.5683393646,0.5688643368,1
0.5948792137,0.4081271303,0
-0.2985971631,0.2074113087,1
0.9485246832,-0.6980387142,1
2.1407915936,0.5007328028,1
1.2238765154,-0.4953498450,1
-0.6131109616,0.6112335155,0
1.6369042042,-0.4422940768,1
2.2286212373,0.4254275331,1
1.4464593635,-0.5898651058,1
0.1799626190,1.2667906543,0
0.4247876540,0.9617798034,0
1.1456766847,0.1536554167,0
1.9096716808,0.7365716378,1
0.6479200811,0.0746258745,1
1.7430463694,-0.8547767396,1
0.3442851867,1.0967118751,0
-0.9354958332,1.2468654410,0
0.1750342360,0.8764776892,0
1.3615698137,-0.2837368674,1
1.9817187265,-0.0844589597,1
1.2817298661,-0.4879208896,1
-0.3008074396,0.9236078577,0
1.6952713610,-0.0196637640,1
0.9062512605,-1.0147483194,1
-0.9126945685,-0.0690217974,0
0.8007566020,0.3864501165,0
-1.1356909346,0.3146807631,0
0.9795124700,0.1202403180,0
-0.6291782206,0.7697935343,0
0.9816639679,0.5103437466,0
1.4008178834,-0.5415894465,1
0.7859583232,-0.2951994580,1
0.1074225012,1.4425534569,0
0.2375145321,0.0039252813,1
1.4787094864,-0.0616815124,1
2.1020719500,-0.3431291609,1
-1.0465948199,0.5744132611,0
-0.1271680190,-0.0248462717,1
1.1772631885,0.5053700267,0
1.7769985716,-0.5015446046,1
0.2481438570,0.8742714651,0
0.8084296695,0.8121898618,0
0.1764553129,1.4171199077,0
1.5281770737,-0.3360015528,1
0.7093712340,0.0478149971,1
2.2589986686,-0.1162444990,1
0.8958734350,0.0533176620,0
0.8600870622,0.4565446597,0
2.0856708306,0.3350934944,1
0.4340348004,1.0638603619,0
1.9610058648,-0.0442161554,1
-0.3501362087,0.7135533246,0
-0.3816325302,1.1126258137,0
0.8440774150,-0.4642338563,1
0.2027862375,-0.0894072192,1
2.2716713177,0.2553913549,1
0.4083523268,0.8334879936,0
0.5511449660,1.1458968028,0
-0.3375951712,1.1076347942,0
0.9698710348,-0.6493169485,1
0.5728141436,0.7866141386,0
1.6782575018,-0.1695035470,1
-1.0939271366,0.7368533427,0
-0.1528081600,0.7534606018,0
1.7520989772,0.3862841979,1
-0.5264854545,1.1184005173,0
0.2349529626,-0.2211437297,1
0.7994509238,0.6108007188,0
0.2697897188,-0.5347102994,1
-0.8811296272,0.6167984429,0
-0.0285499120,0.7903158358,0
0.7920873121,0.5614652647,0
-0.1938596871,0.1526316447,1
-1.3282496342,-0.2773547588,0
1.2120330756,-0.0649935030,0
1.0781366357,-0.0993818802,0
1.6426516068,-0.2647278711,1
-0.4918988179,0.6123600679,0
-0.0989115703,0.6055163117,0
-0.5426811866,0.0628167512,0
0.6897428098,0.5204021118,0
0.1549986762,0.8410339691,0
1.3259220481,-0.5272116228,1
1.6210102793,-0.2312252337,1
-0.2210620497,1.2962282100,0
1.8276569084,0.4749711165,1
-1.0608003311,0.3170173497,0
-0.4691695066,0.8250200188,0
1.8332817473,0.4508249314,1
0.5045058876,1.0430723124,0
2.1748088825,0.5111454243,1
0.0418166251,-0.0269731002,1
0.0838905512,0.0375723922,1
1.1854384818,0.5190544142,0
1.7720135564,-0.2622457480,1
0.1315780998,0.6491226516,0
-0.9016298777,0.5986056291,0
-0.3463191356,0.9849392450,0
0.8687660426,-0.3920918126,1
-0.7639341356,0.8142071252,0
0.2204794745,1.0088023966,0
2.3345852115,0.2477759470,1
0.4757564131,-0.1194703503,1
-0.7901755257,0.7623836310,0
0.2773335913,1.3252445152,0
0.4838601660,-0.7101070729,1
-0.4258106047,0.7580262983,0
2.0816402752,0.3991549156,1
0.7974024222,-0.0596687053,1
0.1872494902,1.1571598923,0
1.6390252964,-0.0853681735,1
-0.0299428742,0.5004835267,1
1.1206627368,-0.2730963155,1
1.2784888495,0.3372444362,0
0.1582227000,-0.1613277451,1
-0.1041943384,1.0108148031,0
0.2067748602,0.1653202729,1
-1.1609344174,0.4148396967,0
0.4821291006,0.9032769824,0
0.7513962394,-0.5545210737,1
1.8369861852,0.4466165299,1
1.6278449516,-0.3655886211,1
0.8092401055,-0.6497777423,1
0.4413445221,0.6680594611,0
-0.2594513692,0.9488018028,0
0.1586415062,0.8846565763,0
0.8361350217,-0.1615587996,1
0.5260964032,-0.4171125148,1
0.9675489360,0.3393653183,0
0.3633253511,-0.2969210164,1
-1.0205183289,0.2651994139,0
-0.1996551848,1.1451580023,0
0.2862996744,-0.0938627658,1
0.0011166171,0.2080241650,1
-0.0059335007,0.9015860228,0
-1.2461409321,0.4996755237,0
0.4848342622,0.3913032334,1
1.3456047627,0.4387010063,0
1.1321663775,-0.6792812027,1
0.7460109085,-0.3435009375,1
0.2222308845,-0.0325470991,1
1.4663565387,-0.4856487003,1
0.6542225256,-0.3540480223,1
0.1430186521,0.4359182266,1
0.6497723883,-0.3006341489,1
1.9711773470,0.1575065940,1
-0.3718792211,0.9139478395,0
-0.3177849073,0.1678234308,1
0.2184412388,-0.1917099898,1
-1.1894387873,-0.1055462077,0
-0.1587944508,0.3267265532,1
1.6398188329,0.0686078048,1
-0.0204548990,1.3447707891,0
1.1689426876,-0.4065722307,1
2.0163504832,-0.4688398742,1
0.8912385790,-0.2602972020,1
0.8909722580,-0.3133096666,1
0.0392662017,0.0474403211,1
-0.5280682405,0.8675019214,0
0.2364118373,-0.5020309998,1
1.0090723093,0.1082609221,0
0.5650631071,-0.3070627216,1
0.7770919321,0.7815605603,0
0.5138037583,-0.2710852541,1
-1.2012587468,0.6074833935,0
-0.8825500977,-0.2817355220,0
0.7850145655,0.8463386308,0
1.4749108343,-0.3395494728,1
-0.2081711574,1.2016152019,0
1.6816874931,-0.2390866705,1
0.8671835491,0.1103968566,0
0.9247768062,-0.0238123676,1
0.2594755930,-0.0649067168,1
-0.9722143747,0.4112173296,0
-0.0896421443,1.0623266554,0
-0.2434501670,0.8945765706,0
1.4650460541,-0.1312495585,1
0.0813121121,-0.2714858099,1
-0.0614552422,0.6758065327,0
0.5457155424,-0.5842566304,1
-0.4719152754,0.8689860552,0
-0.8951073013,0.3399013501,0
1.2440620167,0.2900298120,0
-0.3874260239,0.9251997110,0
1.0232179068,0.3394190388,0
1.7479241689,-0.2752771444,1
1.5982496062,0.0341218228,1
-0.5803442132,0.6676942580,0
1.8082477803,0.0025455590,1
1.2730345187,-0.3251959282,1
0.0994078848,0.0194459649,1
0.7985856082,0.2648604699,0
0.8597149845,0.5961260258,0
0.6891304602,0.0796579521,0
-0.8454507549,0.6214345774,0
-0.0285896112,-0.0356571921,1
-0.6084726784,0.3768751223,0
1.0787490739,-0.2420075034,0
-0.3705109356,0.1423454626,1
1.1310288259,-0.7759516518,1
0.3285285990,0.1366558671,1
0.6533970969,-0.4874256328,1
0.8639519866,0.2884809823,0
2.0276535158,0.2138730456,1
0.0123466104,0.2113884036,1
1.9933804229,0.0376110603,1
-0.0984221748,0.7628359685,0
0.6727869376,0.1778521540,1
-0.1376932581,0.0574907536,1
-0.4904495940,0.4074016876,0
-0.2068540474,0.9063259182,0
0.8990077937,-0.5272971708,1
0.1790406541,0.6231879552,1
0.1411209545,0.2239641319,1
0.3448005876,0.4314473819,1
0.1940202444,-0.0157244874,1
0.1405323041,0.5795583222,0
0.0868314120,0.4621029573,1
-0.6199463550,0.5364371174,0
-0.0084368869,0.0445084733,1
-0.6269745537,0.7667428445,0
0.0710666423,0.9200714688,0
0.2197817993,1.3532742995,0
0.8380849563,0.4198077435,0
0.8804183209,-0.5640470519,1
0.7699825739,-0.1473896289,1
1.6971056968,0.2692968150,1
0.4953238130,0.8114719578,0
1.3934786357,-0.5290465253,1
-0.7542696847,0.9329052133,0
1.9062564570,0.0069411242,1
1.8050363592,0.2735929028,1
0.0096294522,0.3992182929,1
1.3292556235,0.1030857446,0
-0.0841560106,1.1082400594,0
1.1957361621,0.5530141456,0
0.8040842805,-0.5093818118,1
0.4503801824,0.1195304328,1
1.3654867669,-0.6288266057,1
-0.9175332487,0.7506983225,0
0.4690475391,-0.3264563217,1
0.6918514136,0.1758853073,0
0.2010650030,0.9374493971,0
1.6937019732,0.1378305869,1
0.3787315636,0.6616898230,0
1.2370943080,0.2653055072,0
0.4280719915,-0.2159310163,1
0.6006168417,0.7345723269,0
-0.2120204252,0.1023120320,1
1.9278350343,0.4603761225,1
-0.2017649955,0.7133479684,0
0.5283544928,0.4703318627,0
1.3986241846,-0.1591053647,1
-0.0077209612,0.7704655446,0
-0.2294860470,1.1766535695,0
0.4703895161,-0.1649239745,1
-0.7881058687,0.8501718501,0
-0.6799346647,0.8349669846,0
1.5818963797,0.2565731303,1
2.3259538173,0.3546587799,1
-0.7818512481,0.8110676720,0
0.1245379919,0.0818566944,1
2.1002925463,0.6341414509,1
0.7269949883,0.6440159728,0
-1.0650239298,0.6491203856,0
1.3895743009,0.2044091697,0
0.2221561927,1.0218824178,0
-1.1336336248,0.4248191606,0
0.5276398603,-0.3361735300,1
2.2095025323,0.3509622694,1
-0.6542630783,0.5783209413,0
1.4488925174,-0.1980067416,1
0.6940307179,-0.2330393750,1
-0.2686865357,0.7639424998,0
1.3003967027,0.4449364593,0
-0.0951588761,0.9659782845,0
0.2580668798,-0.2231154567,1
1.9062074200,0.7093258474,1
-0.4039343350,1.2742499164,0
-0.5108318894,0.8094650590,0
0.4398734787,0.1513576771,1
0.6545190771,-0.0797955684,1
0.4841454703,-0.3789047228,1
-1.2954030759,0.2778990466,0
0.7859319097,-0.8709796611,1
-0.2645383091,0.8844091502,0
0.7230811120,0.7140879689,0
-1.0614160097,0.3598720831,0
1.6333955386,-0.0087106644,1
1.4323839332,-0.3622721346,1
0.9562526628,0.6148228610,0
0.0994814873,-0.3442277724,1
0.2422484612,1.0267566878,0
0.4247132670,1.2207386938,0
1.9280655175,0.5189952045,1
-0.5284544820,0.5524685935,0
1.2726606892,0.6745935563,0
2.0733652668,0.0551029047,1
0.9498004947,0.6324362541,0
-0.4993518310,0.9375632100,0
-0.8819291609,0.2136618699,0
1.3250800275,-1.0882023895,1
-0.1116842413,-0.2439904791,1
-0.4844122260,1.1130642751,0
-0.9993049140,0.4718308725,0
-0.4849305257,0.8954377106,0
-1.0292248908,0.8784802820,0
0.8146265756,-0.0985733325,0
0.6529576222,0.8580462551,0
-0.3300737217,0.8451134246,0
0.7024783228,0.4697807788,0
1.0825412779,-0.7807784358,1
-0.6270659555,0.7171301224,0
0.6669827452,-0.2611330460,1
0.4767981837,1.0695230285,0
0.6175359383,0.1587272598,0
-0.2060614811,0.4897416806,1
-0.6519880708,0.6169651897,0
0.5764057383,1.1798759320,0
1.0911249497,0.3602456080,0
-0.4289323830,1.1212417424,0
0.5421633100,-0.6127874595,1
-0.2995774178,0.2422979843,1
0.9112291661,-0.3975585119,1
1.1451607134,0.1871477564,0
0.5297737304,0.9858717841,0
0.3080786743,0.8328501113,0
-0.6410407262,0.1968019085,0
-0.5923459576,0.8690151666,0
0.6397236375,0.5618419191,0
0.3815417913,1.2530515260,0
0.0732382796,-0.3061481793,1
0.6007910001,-0.4435557183,1
-0.9638392666,0.0952589414,0
1.9090669353,-0.1281758076,1
-0.9805353389,0.0678437956,0
-0.7246020469,0.3376128594,0
1.9567337764,0.8258389219,1
1.7610641628,0.0749889487,1
-0.1129970093,0.8002340040,0
0.0572061249,0.3960685731,0
0.8037462008,0.9071806389,0
1.1820420016,-0.5766615734,1
-0.4762371412,0.9088144489,0
-0.6189087028,1.1218499152,0
-0.8815630678,-0.2597822053,0
-0.9261103418,-0.0748037392,0
-0.7777016379,-0.3384324504,0
2.3038404852,0.4431311710,1
0.8968386202,-0.3937715145,1
1.2521822125,0.1124759404,0
1.6179295850,-0.2297428636,1
0.1619738563,1.2463051133,0
1.2586636182,-0.0089084620,0
1.2965855142,-0.4867603413,1
1.2761847462,-0.6350425240,1
0.0992934110,0.1783337542,1
0.5312695629,0.9398693183,0
1.8855980292,-0.4364581717,1
1.7882596408,-0.1751593900,1
-0.8988616584,0.8959778595,0
1.4059112314,-0.4063868907,1
-1.0880142452,0.0530012725,0
0.9255332280,0.1639702408,0
1.8050455166,-0.2260741622,1
-0.1741119734,0.2632470056,1
0.7296708745,0.6404097063,0
-0.2652334860,0.6683096618,0
1.7530997789,-0.1325596338,1
1.6429730113,0.5655413616,1
0.8527302640,-0.4110815335,1
0.1015564308,0.1151048252,1
0.2085762316,0.1141247826,1
-0.1625217716,1.5832785011,0
0.6108849944,-0.7197342620,1
-0.9829378524,0.2148616024,0
0.2901919451,-0.4734360768,1
-0.8171402438,0.5663091431,0
1.6929679882,0.4699148609,1
0.6340471189,0.3793685225,0
1.7840120603,-0.2263134129,1
-0.9518086215,0.0874055582,0
0.8488514729,-0.3201361209,1
-0.8450389906,0.6099347772,0
-0.5903870017,0.9305451867,0
0.1702534660,0.9321057240,0
0.3655667670,0.3813692221,1
1.3063900742,-0.4355711884,1
0.2681145763,-0.5835654574,1
1.2292983289,0.3473439581,0
-0.7460512892,0.7610077193,0
0.1191000961,1.0408033954,0
-1.0177445760,0.8845466744,0
0.8193554153,0.8339243621,0
-0.1886144257,0.6222330077,0
-0.2621665829,0.0595348854,1
-0.6456886676,1.2249604513,0
0.2171922579,0.9372432405,0
-0.9119143846,1.1696142606,0
-1.1700123360,0.8473134071,0
0.1067169688,0.7718049933,0
-0.0728519769,0.2457222555,1
0.9122807150,0.1429294020,0
-0.5273373979,0.8787743174,0
-0.9574943814,0.5404718877,0
2.2093646428,0.3020216320,1
1.5538725269,-0.2639189855,1
0.4693711712,0.9590515500,0
0.0012964238,-0.0920155197,1
0.6093256089,0.7934339802,0
1.8774608967,-0.2822436764,1
0.0084660742,0.1361657310,1
1.0290802563,0.3412868155,0
2.0453533903,0.1896128747,1
-1.0599857721,0.3145471446,0
-1.0175124377,0.5366698744,0
0.8700178822,0.3161396003,0
-0.9269862668,0.8268789407,0
-0.4710529576,1.3639911907,0
0.9292131023,-0.7347054108,1
0.9427993514,0.4576917586,0
0.7010145176,0.0624423004,0
0.4556211757,-0.2261027880,1
0.6622137064,0.8579115824,0
0.9041517449,-0.1333615180,1
0.0556817134,-0.1394489991,1
1.3636199453,-0.1279927903,1
0.4615841871,0.7525377531,0
-0.7821238486,0.3651569211,0
-0.3569278795,0.9071725516,0
0.1425577805,0.2437160832,1
0.5493205564,0.7925276516,0
0.8080778910,-0.4744762699,1
1.0039776512,-0.3920702660,1
-0.0726258151,0.3213315540,1
-0.3184170783,0.8936646796,0
0.7119393571,0.5761082147,0
0.7310345991,0.7655578556,0
0.7143041484,0.5321028986,0
-0.1154317489,-0.1379598653,1
1.5805062227,-0.3570600581,1
-1.1665893255,-0.2757524814,0
1.2102148044,0.2281521242,0
0.1992435601,-0.0651438860,1
0.1676659841,0.1149935840,1
-0.5865329292,0.8328948787,0
0.2179157159,-0.1648559031,1
1.7606435132,-0.1534283804,1
0.7176077991,0.2863175447,0
1.5091925216,-0.4000203436,1
0.8024396134,0.6102610423,0
-0.7019661080,0.8557690552,0
-0.8619780713,0.2829217783,0
-0.0601379948,0.9477407576,0
1.8035705862,0.3876151066,1
2.1638445859,0.7000509414,1
0.9823532881,-0.4316472690,1
1.0384000548,0.3256325983,0
-1.3068318321,0.1586028389,0
-0.5726657632,0.5528306606,0
0.7388960946,1.1090458108,0
-0.6155199421,0.6687490239,0
2.0803792158,0.0509654697,1
0.0483245143,0.9360326078,1
1.7712756998,0.2109022514,1
1.7159527916,-0.2214356501,1
-0.0025661861,0.3003495897,1
0.1401758825,0.2134560624,1
0.7074893899,0.4993062116,0
0.0853741970,-0.3661538440,1
0.2239859329,0.6895567211,0
0.1748738488,0.3387576361,1
0.9611357930,-0.0580716202,0
0.0972181165,-0.3018336802,1
0.3141498665,0.3958378894,0
1.1491225264,-0.3261837647,1
0.7871508617,0.3633962471,0
-0.4131849723,0.4358214939,0
0.4897189273,1.1712365773,0
0.5992805748,1.2791852212,0
-0.7722304842,0.7674085783,0
0.5876871991,0.7306346508,0
0.5341677370,0.8417778496,0
1.2202843426,-0.4634840858,1
-0.0622177451,0.4314668495,1
-0.3355014711,0.0223856960,1
-1.1557798417,0.4043720623,0
0.2971164712,-0.5715714092,1
-0.0017712187,1.0444986435,0
0.9458414806,0.5188707621,0
-0.2575688370,0.8767967414,0
0.2682136082,0.2337750677,1
-0.4747763052,1.1717132645,0
0.4390750752,0.3633961479,1
0.6393118737,-0.5556308902,1
0.7244152572,-0.4458426540,1
0.9872385783,0.5510841226,0
1.0133483318,-0.3987352947,1
-0.4320604869,0.7175542658,0
0.7343549664,0.2345908369,0
0.3577530466,0.6542394925,0
0.1954689607,0.1968326918,1
-0.6943252744,0.6316542068,0
1.2506173001,-0.6774002525,1
1.0377362732,0.1389874963,0
0.8497674277,0.3169229665,0
1.1411624963,-0.9913541411,1
-0.5937183051,0.7399614612,0
0.4433089390,-0.4283554980,1
-0.1259877012,0.8991447858,0
-0.8400769563,0.5967765394,0
-0.0888037027,0.2942039049,1
-0.5839759000,0.8344363177,0
0.3701245476,0.0916482978,1
0.4500408535,-0.2955895957,1
1.8303893782,-0.2028244881,1
0.2681380883,1.0255015016,0
-1.0300940918,0.5933933517,0
0.9449257459,-0.6561426513,1
-0.3527918875,0.4723599870,0
-0.4528573621,0.7798527682,0
1.1453606531,-0.0605206563,1
0.5269606188,-0.8233666272,1
-1.0609234388,0.8846945908,0
-0.6412547284,0.7236288073,0
0.5114728717,0.9839415287,0
0.3037323730,0.7670066338,0
1.1925557144,-0.6672359696,1
1.6048840451,-0.2928175697,1
-0.3639412712,0.9327141514,0
0.6446596518,-0.2283623840,1
-0.7027954738,0.8839821914,0
1.6357271957,-0.3648505226,1
0.5855136985,0.8436218328,0
0.9533650841,0.0292251432,0
0.8498964453,-0.6461212069,1
-0.2572165649,0.4714507701,0
-1.0070584836,0.5455699299,0
-0.2252309965,0.7514230921,0
0.1788616553,-0.1671454155,1
1.5133803531,-0.4513205502,1
1.2772285948,-0.6271104898,1
-0.7503865063,-0.0335567387,0
0.6659191172,1.2130389705,0
1.1315480803,1.0185719072,0
-0.6017500807,1.1979923304,0
1.1138609922,0.3419552512,0
-0.7813375690,-0.0790441524,0
-1.2026234489,0.6182321614,0
-0.5362403975,0.6256613633,0
-0.5262291440,0.6154097979,0
0.3474829996,-0.5291426335,1
0.1225857448,0.8015964606,0
1.9602847787,0.0690609857,1
0.6265103008,-0.2630393933,1
0.3558747528,-0.4976729181,1
0.5842661604,1.0487556242,0
1.4234141174,-0.1439390664,1
0.0275737423,0.7264896273,0
0.0469587112,0.1713507343,1
0.5603852021,-0.1990908999,1
1.7511375909,0.3204809710,1
0.0466737226,-0.2483852630,1
1.3286028783,-0.3697013055,1
0.8025657519,-0.5656814316,1
-0.9212343729,0.9159958729,0
0.1799058548,-0.6493780385,1
1.8376924230,-0.5504487087,1
0.7760492805,0.8315589717,0
0.0631635642,-0.0516892495,1
1.1031931076,-0.1761648779,1
0.9356419378,0.8234406710,0
-0.0689062523,1.0114635572,0
-1.2910017439,0.3980501088,0
0.0270541240,0.9053928299,0
-0.2150889401,0.4501620636,1
-1.0334992505,-0.1428506843,0
0.1974070886,-0.3269128856,1
1.8148302863,-0.3194012998,1
1.8368448817,0.1211419527,1
0.7556359891,-0.2008688931,1
0.8262798103,-0.3414805834,0
1.8359020858,-0.8789888038,1
1.7463448850,0.3566854447,1
0.4920504862,0.2233787740,0
0.5234382519,0.7002150071,0
-1.0254177516,0.1016427976,0
2.0491022242,0.3610430291,1
0.1694598912,-0.0972648908,1
0.8237882176,-0.1952904114,1
0.1303676062,-0.5443047706,1
0.0739119641,0.5103315890,1
1.6764610235,-0.5143058164,1
1.7187753920,-0.1880725119,1
1.8200226239,0.1371363541,1
-0.3297296763,0.0595374437,1
0.8228476945,0.3898098923,0
-0.3871903149,0.5723026717,0
0.7218689457,-0.6050131242,1
0.2329136808,0.2623481890,1
0.5429232869,0.0335164492,1
-0.0345019568,-0.1239439638,1
-0.1204384050,1.0812778282,0
0.0760960499,1.5881333694,0
0.7902900126,0.4215645302,0
0.4613858253,0.9207586366,0
2.0149161970,0.3601634157,1
0.5318977522,0.0761961162,1
0.3248404473,0.7444978154,0
0.1806158407,1.2339359831,0
-0.4520956857,1.0772481172,0
-1.0560476775,0.3954333811,0
0.0881581353,0.2586343069,1
-0.9207343393,1.0829752078,0
1.9111323732,0.5759510897,1
0.8849390149,-0.4758028106,1
-1.0949153339,0.2241150583,0
-0.2601106365,0.6238609312,0
-0.7592431614,0.4718533421,0
1.2739498325,-0.4719970074,1
-0.7837778991,0.5881636765,0
0.6059525557,-0.1276517820,1
1.2883784279,-0.7151086071,1
0.9275558734,1.3123865917,0
1.7480266664,-0.1892053985,1
0.1378533978,1.0051532517,0
-0.2342581772,0.4835650279,0
-0.6223068407,0.8753786121,0
-0.3267558678,0.6680963218,0
-0.8007442417,0.7737349760,0
2.2948593271,0.1306605716,1
0.0519102859,0.7722025873,0
-0.6728704486,0.4381951186,0
-0.6086927998,0.4398320300,0
-0.1967951662,0.1066318465,0
0.9834589619,0.3215912387,0
1.9451069590,0.4039349176,1
0.3223335484,0.1491653620,1
-0.9420411344,0.2250336848,0
1.0702184786,-0.1299986532,0
0.2340961017,-0.0524452332,1
0.3855392260,-0.2967685718,1
0.8139929629,-0.5561882001,1
2.1820051449,0.1898996365,1
-0.8135790613,0.7444409979,0
1.8748479086,-0.7659735986,1
-0.3313423937,1.1143617696,0
1.7470449633,-0.4808275476,1
0.1668487580,-0.5987308895,1
-0.3447732102,1.2236945791,0
0.8270887862,0.2301282552,0
-0.4149806187,1.2722178865,0
2.2774676560,0.0949566230,1
-0.9242552864,0.2761017756,0
0.8469120522,0.3760978949,0
1.7859364194,0.0009458404,1
-0.1891344540,-0.0237795709,1
1.0930314324,0.4014253660,0
0.5412890985,0.9739501205,0
0.5502810700,0.9032131285,0
0.7172080084,0.5449893306,0
-0.0371645921,-0.1573993009,1
-0.9253563528,0.5431434226,0
-1.0244508643,0.1410883367,0
0.7350410653,0.6722918755,0
0.6428758532,-0.4312185764,1
0.7084318123,-0.3780438757,1
1.1834319120,-0.5703574061,1
0.8347977134,-0.4160276829,1
0.8955448665,0.2770933823,0
0.3780185185,-0.5204258348,1
0.8804787760,-0.3976616864,1
0.5481807653,-0.4630761215,1
-1.1682963477,0.5328018138,0
-0.3244603242,1.4499544946,0
2.0245236871,-0.2272639007,1
-0.4985409749,1.0266525210,0
0.2373517695,-0.1850561983,1
1.0049922016,0.3096757010,0
1.7212923945,-0.1571478952,1
1.4936142147,-0.3148834491,1
-0.3807775415,0.0411634863,1
1.8270261343,0.1616520365,1
-0.0952032213,-0.0886999039,1
0.4142991554,0.5875889082,0
0.0881258656,0.8510438759,0
0.6964654200,0.6810247950,0
0.0513938698,0.4822184716,1
0.2179786816,0.9951264093,0
-0.3118685872,0.9894491324,0
0.1914739922,0.1746166564,1
1.6500991560,-0.0732122507,1
-0.7927597997,0.5483463073,0
0.8516280825,-0.2859184271,1
1.5539081606,-0.1790651806,1
-0.4673761428,0.6591110019,0
0.0023265709,0.5483904179,0
0.1173789107,0.1661293912,1
-1.0325406390,0.5985754140,0
0.4002316380,0.3953346790,0
-1.4419675749,0.4603167704,0
1.1868122507,-0.2784273146,1
1.2894708516,-0.3496756219,1
1.9299209184,0.7207915174,1
1.2325965161,0.2497921326,0
1.6467724009,-0.3405291183,1
-0.7446876743,0.8508181786,0
0.0103533933,-0.1955932535,1
0.5925449840,0.7571836816,0
1.9873140721,0.1707970976,1
0.2085459399,-0.4181248608,1
0.8933497861,-0.1487490091,1
-0.9796970916,0.3946296750,0
0.1560185202,-0.0106647200,1
0.8292180174,0.1947304739,0
0.5718550449,-0.4413821740,1
0.7243252439,-0.5167013025,1
1.4185351315,-0.0682127296,1
-0.0269026232,0.8374349994,0
0.7718201523,0.7740105197,0
0.8762515808,0.3457668646,0
-0.4587213316,0.8617612627,0
0.0810026535,0.9575575231,0
0.5713724428,0.7273861351,0
0.0481677999,0.9288410161,0
0.5549259050,1.2857230223,0
-0.4672856086,0.9257792883,0
1.9789542234,0.4330511862,1
0.8129236799,-0.5086201340,1
-0.0030823656,0.9535899983,0
0.8679610955,0.0480187220,0
0.3911044806,0.5027142638,1
1.0782929734,-0.5580081836,1
0.6741604375,0.8382765518,0
1.8859424182,-0.1707413605,1
0.8887566571,-0.3454633263,1
-1.0017007912,0.7728301275,0
0.8549962945,0.7000833013,0
0.5302373770,-0.1786476984,1
0.3953535074,-0.1166050584,1
-0.6425456395,0.3463668251,0
1.6943312725,-0.4156382967,1
-1.1840634561,0.6047403963,0
2.4039500421,0.0247269540,1
0.9947688466,0.8983821876,0
1.9690305681,0.0258307229,1
0.6550266460,0.7825986422,0
1.9259953623,0.0867312054,1
0.7529751995,-0.4467620018,1
-0.2465333620,-0.4057969852,1
-1.2841870537,0.4353571590,0
0.9489896996,0.5864542428,0
0.6498392275,0.4097746836,0
1.7236442691,0.0755783407,1
0.2832080368,1.0889357888,0
-0.3007443720,0.2353644949,1
-0.0027337871,0.7438500756,0
-0.8025837281,-0.0176905903,0
1.1137225434,-0.7257820177,1
-0.9181887780,0.2525792823,0
-0.5831282932,0.6788991901,0
1.2854430845,-0.2527003335,1
-0.9484038747,0.4709607076,0
1.6981598046,-0.8490915509,1
-0.8346894563,0.4729056660,0
-1.1527947541,0.1024851894,0
-0.0002131272,1.0627545074,0
-0.2024195716,1.1799126360,0
1.3655184403,-0.1039976649,1
0.2062809705,-0.1457868565,1
1.8731636673,-0.2697684808,1
0.7223973396,-0.5822958337,1
0.8415115022,0.1188898426,0
1.2667618996,0.0082922589,1
-0.4615039452,0.7166898419,0
0.5817751214,0.6579129362,0
0.5181461655,0.7967667736,0
0.1085849492,0.9414345353,0
0.6808708681,-0.3308618105,1
-0.8735844462,0.0221020682,0
-0.2856433021,0.8384903621,0
1.6499453540,-0.2912608662,1
-0.7614058906,0.9451882453,0
1.6999738112,0.4292914063,1
-1.2456180580,0.7026661771,0
0.3496309350,0.7145050500,0
0.2700897809,0.0289530564,1
0.9966899357,0.7215147650,0
1.6645322286,0.3246322610,1
1.4848142769,-0.4830472385,1
0.0526193977,0.1132517729,1
-1.0408017590,-0.1705127127,0
0.8200096428,0.6755601337,0
1.8259140986,0.0333115883,1
-0.0604395105,0.3554481897,1
0.0943974997,0.7007753616,0
2.1454288936,0.4858381809,1
0.7931203409,-0.6274336217,1
-0.4133331114,1.1913007371,0
1.5356807555,0.1461030620,1
0.6426583517,-0.6242652447,1
-0.1015982094,0.6313751857,1
2.2590319749,0.1161030939,1
-1.0495114294,0.8632746303,0
1.4111328424,-0.3368297666,1
1.1227204690,-0.2027482702,1
-0.0806336429,-0.1919540125,1
-0.5644381214,1.4753749069,0
-0.7213887835,0.9842567402,0
0.4567157614,-0.4888250595,1
0.2606108040,0.0597586708,1
1.7352864099,-0.2571583686,1
1.9077260114,0.6379723219,1
0.6447298611,0.4241327094,0
0.1972805328,0.6795919445,0
-1.1251889371,0.4347441320,0
1.2042162829,-0.6889411587,1
0.7755567021,0.6465023327,0
1.1944588883,0.1850106952,0
0.0356479693,0.4354363830,1
1.7579018882,0.7871397541,1
1.3858321316,-0.5281667748,1
0.0293347438,0.0726757660,1
0.7594352179,0.2153281038,0
-0.0165290458,0.6282674405,0
-0.4640010776,0.4888103823,0
0.2290817465,-0.3784990853,1
0.1202363018,0.8937758352,0
0.3053019611,-0.2766222284,1
1.6077174400,-0.0680466139,1
-0.9346448127,1.0333665525,0
1.0905900215,0.5313663772,0
-0.9603221238,0.0971982253,0
0.1391673948,0.7970065770,0
-0.8224874223,0.2204929510,0
0.6848820851,-0.2583020525,1
1.2948692498,0.3101604659,0
-0.9831699865,0.3493556536,0
-0.0806502889,0.3174651150,1
-0.5365819726,1.2971165396,0
-0.0999245838,1.1761481012,0
0.1839492808,0.1528460970,1
-0.3265841862,0.9606404481,0
1.8303153316,0.2030640164,1
0.6313397031,0.7515323462,0
1.6980816547,-0.3032179745,1
0.3735820194,-0.4377467968,1
-0.8950098452,0.6870103955,0
1.5381511078,-0.5140918608,1
-1.2372420725,0.7833633797,0
-1.0392466718,0.0788916613,0
-0.4525479522,0.8089840438,0
1.6055490157,-0.4631350092,1
1.1552626524,-0.3145363247,1
-0.4997573455,0.6457621621,0
-0.8308419380,0.2017572438,0
0.3596933134,-0.5752359476,1
1.7821022348,-0.4146209559,1
0.1251304918,1.1868289161,0
1.6430440881,-0.2551223191,1
0.5745857632,0.0105741682,1
-0.6761877201,1.0175347311,0
1.9273690089,0.1540797121,1
0.7327295409,-0.2681419124,1
1.9761470813,-0.1534723243,1
-1.1870390866,0.3178170238,0
-0.1767390494,1.4199901060,0
0.1566151227,-0.0664980325,1
1.2591162719,-0.0647256827,1
1.5260587392,-0.3296412468,1
-0.2154854620,0.3357186046,1
1.9375542063,-0.2247919828,1
0.1940033885,1.2017031587,0
1.8783187563,0.3953726227,1
1.4656812982,-0.2088803390,1
0.9335797432,-0.5990713482,1
1.8708373282,0.3234072986,1
0.7090572289,-0.7446050559,1
0.3419964930,-0.0700174514,1
-0.6316999268,1.1662729479,0
2.2041911377,0.7100663050,1
0.9497769745,1.0061797127,0
0.2921469737,-0.1618215663,1
0.5503729496,-0.4553244833,1
1.7398763442,0.4781280916,1
0.0280072411,0.9831557276,0
-0.0373919233,1.5187041900,0
2.1272001974,0.4776418627,1
-0.5469716947,0.9049803728,0
-0.2114235065,-0.2096556013,1
2.0299097548,0.3287247992,1
-0.4499379102,0.5405834223,0
0.1934379950,-0.0059302993,1
1.5045281234,-0.1327589345,1
1.0822657012,-0.5167011624,1
0.9788786312,0.1908400039,0
0.7503904869,1.1275230325,0
1.8419193381,0.5219283609,1
-0.8536997149,0.9018263343,0
-0.4668728108,0.5589104001,0
0.6730195028,0.4349128294,0
0.0267798712,1.0419542319,0
1.1247634239,-0.2985881759,1
-0.7343617989,0.3186530782,0
0.6286301168,0.9250613409,0
-0.3861158493,0.8970289294,0
-0.4032378892,1.3171000495,0
0.1526366599,0.3425470481,1
0.1449180275,0.3050837166,1
0.8442584661,0.8380797035,0
-1.1302984973,0.0675255150,0
0.6732481654,1.0691604882,0
-0.9666889691,0.6931355773,0
0.9534775631,-0.4639034890,1
2.1104675312,-0.0952459600,1
-0.2368745877,0.7710912479,0
-0.2525427587,0.9543567784,0
0.5097471897,-0.3443521014,1
0.4304102420,-0.2150277568,1
0.2086401977,-0.3800618304,1
1.1136976058,-0.3449293522,1
0.3009053668,-0.3496099326,1
0.2308402295,0.3555954365,1
-0.0073917757,0.8796766470,0
0.8750257502,0.1923623779,0
-1.4319549371,-0.0221132836,0
1.0967498649,-0.3359753071,1
0.0393905289,-0.2941931147,1
0.5425093359,-0.2439427825,1
1.5239512047,-0.3236868775,1
0.5871164540,0.6048380479,0
0.3582310003,0.4799763595,1
0.3514773495,1.1544535266,0
1.8563791641,-0.0985086601,1
0.1159915026,1.0085819375,0
1.7118140896,0.2035755562,1
1.2833605975,-0.3793066572,1
-0.4103149839,0.5980614577,0
0.9784745016,-0.1964569225,1
-1.0458556334,-0.0513942097,0
1.2249072905,0.3584232240,0
1.7086264899,-0.6319841395,1
-0.9392400990,0.3535595604,0
1.5632482687,-0.0140261834,1
-0.5307867588,0.5361354315,0
-0.3570990564,0.9520018021,0
1.8985424942,-0.2495058714,1
-0.3427412169,1.1381760981,0
-0.7851795776,0.4579809284,0
0.7161642669,0.1546722317,0
1.6670460171,-0.5754901198,1
0.4650939396,0.5817079389,0
0.6719007901,0.5972674567,0
-1.0764183152,0.2567708901,0
1.9372645515,0.5286794364,1
0.8408882532,0.3600476665,0
0.8251516838,-0.6828619387,1
0.4961786868,-0.0172492696,1
0.1570752172,1.1618694809,0
0.5986591744,-0.2577123303,1
1.7576363959,-0.1405948917,1
-0.1786341102,0.8730896069,0
0.6189115905,0.7939938548,0
-0.2030343476,0.8573096361,0
0.5208035907,-0.1644787161,1
0.3696197209,-0.2671229545,1
1.3606795470,-0.3600181091,1
-0.3121286352,0.7886210789,0
0.6505576197,-0.2788193866,1
-0.3824465900,0.8641435782,0
0.2446695069,1.0701966958,0
0.4211960879,0.8571447633,0
-0.6540691165,1.0423345586,0
-0.1783572954,0.2996747152,1
1.4875031783,-0.7142561195,1
1.8301553889,-0.1351915687,1
0.9415293518,-0.8728239368,1
-0.6371822426,0.6315238341,0
0.8798180773,-0.4090763320,1
0.8216669362,0.5083752947,0
1.7871049855,0.4696164131,1
-0.6009973366,0.3049434775,0
-0.7537341443,0.8759490241,0
1.4400078411,-0.7501759095,1
0.1794473673,-0.1844427682,1
1.1311039133,0.6980862524,0
2.0706698817,-0.3741492935,1
0.8951501662,0.3273058632,0
-0.4459148316,0.7285329196,0
-0.6638273585,0.9624808534,0
0.7751235833,0.8699580195,0
1.0218857113,-0.4116103313,1
1.8891836309,-0.0181113335,1
0.6357337855,0.8817862205,0
0.6977452388,0.4686883783,0
-1.3143812851,0.4038753137,0
0.2949670368,0.8924926043,0
0.0727540247,0.5528663829,0
0.6389346020,-0.3527760651,1
2.0481333441,0.3369742552,1
-0.3710399658,1.1501878260,0
-0.2115778805,0.2484828261,1
1.6564997162,0.0537237178,1
-1.2337702333,-0.3143129460,0
0.8335124300,0.3020907247,0
1.9400244489,0.1565800708,1
-0.1481134267,0.8933595972,0
0.8351820828,0.3067938935,0
0.9425482853,0.1351863446,1
0.9271248969,-0.2573341728,1
-0.8272789218,1.0239506887,0
-0.6165956522,0.5903430517,0
-0.9521910339,0.5929271445,0
1.6433391069,-0.2849686369,1
-0.0520609512,1.1062414112,0
1.8385462132,-0.2710082498,1
0.8564027523,0.1548878957,0
-0.0279431962,0.9260208064,0
-0.1163088798,0.3829096424,1
1.0745436748,0.2229802562,0
0.7626301628,0.4949264536,0
1.2666274924,-0.5725158251,1
0.0413439408,-0.0596450372,1
0.3589314820,0.2343620720,1
-1.1436444856,0.8046607996,0
2.7368833010,-0.1056369604,1
0.2245527886,-0.3634229959,1
-0.0515363661,0.0122868688,1
1.7933958324,-0.4636699718,1
1.2193248669,0.1161016460,0
1.3332050411,0.0195418752,0
0.4927833364,0.0934224561,0
-0.8831296122,0.2483644649,0
2.0389774731,0.2555943550,1
1.1662970930,-0.2642374656,1
0.7222287883,0.3001528042,0
-1.3078843439,0.3222932920,0
-0.1474962257,1.0797076094,0
-0.3814577312,1.0306285007,0
0.5911917934,-0.4937864770,1
-0.7134663250,0.4935054243,0
1.2606947123,0.3175303198,0
0.6111507311,-0.2296116662,1
-0.1325231597,0.8818294556,0
1.3209481360,-0.5690916068,1
1.8903183761,-0.0223788328,1
0.8719445316,0.6609276419,0
0.2375156860,0.0268330698,1
-0.3153542411,0.7537179109,0
1.5949065919,-0.1510962944,1
0.7330511461,-0.2231145007,1
0.8010568475,-0.2422622346,1
0.9555888433,-0.5284558956,1
-0.7878415002,0.2509684518,0
0.0766747781,0.0635611326,1
0.0917406221,1.0621306709,0
1.0202480261,-0.4704649638,1
0.2714585996,1.1440400984,0
0.9495207634,-0.5788980300,1
0.3600622324,0.0672563957,1
-1.1214530184,0.1747119428,0
0.9527674582,-0.5936278345,1
2.0988843196,0.5101995283,1
0.1304499352,-0.1228117239,1
0.2118651934,-0.1721844657,1
0.0536760536,0.1360655283,1
0.5487968282,0.6650668570,0
-1.0397949921,0.4908217305,0
-1.1218312161,-0.0304996758,0
0.0104099186,0.4770880721,1
1.1161726109,-0.4628280194,1
1.2342490048,-0.2152281438,1
-0.9274716882,-0.0513760331,0
0.2001517323,0.0713192551,1
0.8199176214,-0.6241355650,1
-0.6870542809,0.6465095291,0
1.1017588912,0.1189859215,1
-0.1256073481,0.8458599590,0
-0.9347361416,0.4994982926,0
1.3464641123,-0.6981320057,1
0.3702863619,0.6799245082,0
-0.0518575274,0.3577284307,1
1.9051936524,-0.7733672550,1
0.8498728118,-0.4814024537,1
1.2309372221,-0.6184579733,1
-0.0020913288,1.1100807948,0
0.9836808322,-0.8018141104,1
1.4842557538,-0.3481944533,1
0.2583430758,-0.0698134411,1
0.2157303991,-0.3872323018,1
1.8542648693,0.0779173633,1
0.0379538885,0.4570703669,1
0.4498165515,0.9872117700,0
-0.5140833157,0.0563073897,1
1.0037563099,0.6270847622,0
-0.6061213268,0.3595091103,0
0.1510162284,0.8806737278,0
-1.0294942552,0.5338643324,0
1.1256960784,-0.4124092994,1
1.5786378100,-0.1417567883,1
2.2890916528,0.3109561920,1
-0.9924017950,0.5344545473,0
-0.5386866778,0.8458366637,0
0.0939805296,0.5620773592,1
0.3569856082,0.9931921590,0
0.6732688304,0.2345177528,0
1.3546801626,-0.2999012338,1
0.5201913991,-0.3668590841,1
0.0390853100,0.1377721464,1
-0.5035028793,1.1901152947,0
1.7809533447,0.1207697219,1
0.7510654625,0.7413126929,0
0.9793227432,0.4488829788,0
0.6796698536,0.7899568850,0
1.8160679156,-0.1122125046,1
0.2041460750,-0.3230935559,1
-0.4690454952,0.1270590625,0
-1.1507260750,-0.0197372457,0
0.1538358727,-0.4392526077,1
0.2048557745,-0.1664272946,1
0.8081406120,0.0848673409,0
1.5717013844,-0.5477334000,1
-0.6677442409,0.0923401531,0
1.5883859075,-0.3632268447,1
1.7333499992,-0.3568295802,1
0.3778814599,-0.1747634744,1
-1.1004117191,0.3752448590,0
-0.7135433889,0.8021051485,0
-1.2982448351,0.4491959831,0
0.7897326329,0.4219809126,0
-0.7967613617,1.2404473132,0
0.0178820456,0.6035785817,0
0.4795538127,-0.4750924865,1
-0.5511224834,0.9300633426,0
2.0258560022,0.4031769768,1
-0.4085712397,1.2623467070,0
0.7762202912,0.6082987198,0
0.5865818902,0.2896886187,0
0.6404531932,0.7176545560,0
0.5925274293,0.3752570140,0
0.2506134953,0.9467428318,0
0.0076757811,0.0577394509,1
0.5458639088,0.9274274818,0
1.3305000259,-0.3035102073,1
0.5039271599,0.8161177856,0
0.4555581798,-0.6000960657,1
-0.8316652529,0.3896049496,0
0.3920844686,1.1525402594,0
-0.8287166250,-0.0708660580,0
-1.1155114360,0.5220860009,0
-0.4346691987,0.9418892356,0
0.0296530508,-0.8385396673,1
1.0594937163,0.5771732723,0
0.8114051585,0.8801506528,0
-0.6232000661,0.4505001275,0
-1.0664818064,0.0434565341,0
0.5195735886,0.6348857069,0
-0.7905128489,0.4556131542,0
0.9813326476,-0.3693952459,1
0.2991919982,0.5146074717,0
0.5676068204,0.6248812617,0
-0.3647695164,0.9413680620,0
0.5375177053,0.7663159031,0
0.8634994957,1.0760445300,0
1.6541698485,-0.1367015064,1
0.7780381571,-0.5417497908,1
0.4101160864,0.1466796321,0
0.7120377484,0.1618216612,0
0.5984864884,-0.1500184925,1
-1.1493804722,0.8802840592,0
0.2915644915,0.2833824246,1
0.7144659574,1.1122505605,0
-0.7981924757,0.4152525304,0
0.7328471780,0.4141289977,0
1.5954820008,-0.2252608698,1
-1.2075417203,0.4082919222,0
0.8401470281,-0.7230816471,1
0.3384565802,0.7672371861,0
2.1432333223,0.6120082268,1
1.9932572722,-0.0129639160,1
0.0154693001,0.4307677021,1
0.7541030437,0.2828697004,0
-0.6087597635,0.8372361228,0
0.6164772865,0.3282008546,0
0.3482528244,-0.1215083004,1
0.8599286617,-0.4210736575,1
1.7318975627,-0.4181824315,1
-0.6695650977,0.1473319347,0
1.7405010238,-0.2428223838,1
0.6903503140,0.4418159128,0
-0.3052178814,1.0450127971,0
-0.6335168211,0.6244845154,0
1.1515142800,-0.0823009491,1
2.1056174892,0.7621323896,1
1.8348558436,0.0568383438,1
2.0445343304,0.1459676455,1
-0.3013420813,0.9324211921,0
0.7710882254,0.8228835828,0
-0.4305832035,0.9266282395,0
0.1314750500,-0.2696358768,1
1.6771395060,0.3093457749,1
0.4139729828,-0.7013957704,1
1.9825381928,-0.8775129618,1
1.1928434659,0.2667966961,0
0.2939193038,-0.3701822276,1
1.9008637540,-0.5721589338,1
-0.9536199925,0.5388578754,0
1.8216873429,-0.2458655489,1
-0.0730076518,0.2301976501,1
0.3059459382,0.7170586950,0
-0.5187253664,0.6256412247,0
1.1701254618,-0.7388019684,1
0.1387625488,1.1109989285,0
1.5472465894,0.3335289184,1
-0.4659313484,0.7226889758,0
0.3740745941,-0.3874401731,1
-0.1315456321,0.8979586873,0
0.9363490042,-0.0114012357,0
2.1116692328,0.4060400425,1
1.9331193068,0.1663356453,1
0.8123952537,0.5360942106,0
-0.2185926720,-0.0676222986,1
0.7043872430,-0.1966648070,1
1.4947400293,-0.3196229430,1
-0.0753645234,0.2810215607,1
0.1084532392,1.1031596198,0
1.2555450363,-0.0295810233,1
-0.6903633196,0.6926268100,0
1.0171690330,-0.1129195738,1
-0.6750470244,0.7919436649,0
-0.3061824828,0.9141609727,0
-0.7942066625,0.2437764202,0
-0.7577606648,0.2413471920,0
-0.0975471650,-0.0408212581,1
0.2365319456,0.7693740434,1
0.5297280136,1.1717122128,0
1.0386405136,0.7483499228,0
1.6796071003,-0.2906952682,1
-1.0545531449,0.9516700135,0
0.8704795703,0.4357172680,0
-0.2219822415,0.1069627668,1
-0.3399903001,0.9133222804,0
0.2577714858,0.1323111127,1
1.0019952609,-0.4949545336,1
0.3976076281,-0.1739289356,1
1.0147212742,0.3184627564,0
-0.3940278091,0.5739929557,0
1.2079816678,0.3591406808,0
1.5140932438,-0.6289536972,1
0.6142176440,0.6900239477,0
-0.6561509671,1.3186593381,0
0.6980869047,-0.6927741837,1
0.3412398195,0.4611661760,1
0.5572043622,0.3931196961,0
1.3800963395,-0.0718823943,1
-0.0908960449,1.0888834130,0
-0.0888047915,0.8964872013,0
2.2648221418,0.3625210846,1
0.8808880932,0.7000702516,0
-1.0011407772,-0.1336072711,0
-0.2315316269,0.3603283211,1
0.5859128146,-0.4159269027,1
1.7941680517,-0.0932477723,1
-0.0234222681,0.5657411709,1
0.8603148292,0.4252580576,0
0.2343277940,1.0032916111,0
-0.5067964114,1.0379872657,0
1.0851494583,-0.2949540877,1
0.6457305169,0.6948738206,0
0.4534592135,1.0872553778,0
1.9609148034,0.0381752304,1
-0.5465406413,0.9535499253,0
0.3619772723,0.8706557276,0
1.1778983580,0.8761577675,0
0.7369327956,0.7673972160,0
-0.6812628363,0.5474068982,0
1.9981645582,-0.0126085789,1
-0.6042358401,1.1569820390,0
0.4845497429,-0.6116162793,1
-0.6289699802,0.8832850312,0
0.1660962757,1.1376588228,0
0.6709391411,1.0797690455,0
1.5599550112,-0.4242932346,1
1.9854345174,-0.4769373134,1
0.8742620403,-0.6571619544,1
-0.8409180425,0.8820697771,0
-0.9823192705,0.5888208901,0
-1.3519620067,0.2776174583,0
-0.0200484596,0.0260647446,1
0.4791286249,-0.2345994687,1
-0.8057358695,0.6055727982,0
0.4590571900,-0.1503852680,1
-0.0768832572,1.3953897443,0
1.9401440358,-0.7202005340,1
1.7032773349,-0.3453947301,1
-0.4749864784,0.9489234512,0
-1.0697650526,0.2211150117,0
0.8790762792,-0.0174318617,0
-0.8749162436,0.8590104966,0
0.0402201611,-0.4343999192,1
0.7289511544,0.9054345685,0
1.4186475886,-0.4355695039,1
-1.0184250070,0.8290635115,0
1.6443224084,0.0976318992,1
1.2138122826,0.4206285087,0
-0.0158430469,0.9307938150,0
0.4710352812,0.8810981399,0
0.8081989312,0.8836594988,0
-1.1420073425,-0.0819033878,0
0.0508670296,0.0480334996,1
0.5589100104,-0.5249298127,1
-1.4098600078,-0.1155678860,0
-1.2848525518,0.2856232837,0
0.8483843329,-0.6306313012,1
-0.4193478943,0.6886056164,0
-0.5574975809,0.8849943403,0
2.3003527530,0.2954862752,1
1.3523559854,-0.2024461052,1
0.8975284694,-0.2156679560,1
-0.7243695240,0.8282163052,0
0.8078253167,0.6043441555,0
0.1453093032,0.5908390797,0
0.4220494311,-0.3881724600,1
0.5741418522,0.9533254931,0
0.6457918332,0.3534292502,0
1.6076655424,-0.1836510263,1
0.7916761916,0.4304785432,0
-1.0277269258,0.2573759747,0
-0.4475374210,0.8101132429,0
0.7403666339,0.4218810603,0
-0.7589871337,0.2829636098,0
1.6661524420,0.2002037269,1
0.0608891330,0.2483748555,1
0.1456676883,1.0093872082,0
-0.2553542773,0.5156185649,0
0.5367461656,0.1158014354,1
0.8703267043,-0.5352598760,1
-0.1577968513,-0.0812314370,1
0.9281019227,-0.3392151792,1
0.5124221865,-0.4396610642,1
-1.1862629773,0.6288902697,0
-0.8019368333,0.8653698229,0
0.4480678044,1.0171906164,0
0.0744340081,1.2397363952,0
0.1953694200,-0.0231835387,1
1.0852214398,0.5109338399,0
1.1470911772,0.0488900797,0
-1.1535502245,0.1879514773,0
0.5739180884,0.7522929241,0
1.7017159991,0.4426784374,1
-1.3623475722,0.2323926106,0
1.3780228650,-0.4156583381,1
1.3820878907,-0.6097562152,1
0.8994339883,0.5012690912,0
1.8263667922,-0.1992906092,1
0.9509017662,0.1921508720,0
0.6549378456,0.3146467474,0
-0.4749808585,0.7042338633,0
-1.0134571738,0.0076385729,0
0.9297249528,0.7819481821,0
-1.0684129702,0.1218981572,0
-0.2001640712,0.9726512999,0
0.9946698011,0.3787623718,0
0.7910866508,-0.4749285051,1
-0.7784331443,0.5882068974,0
0.7190180712,0.3007747501,0
1.9777299572,0.6309707636,1
1.0002420405,0.6268267577,0
0.9416395870,0.9899360066,0
-0.3939586811,1.2767843878,0
2.0307620852,0.3182960330,1
-0.2773576364,1.1396478935,0
0.0673823674,0.8202675821,0
1.6483900420,0.2587125131,1
0.4880668733,0.7494418858,0
-0.6483180799,0.7546476212,0
0.8708302135,-0.2949984468,1
1.4931378443,-0.6044122349,1
-0.8254278116,0.2594723614,0
0.4858925802,-0.6211433679,1
0.5733584192,0.0113256942,0
0.4271732813,0.7704714235,0
0.9209491493,0.3526686339,0
0.4269491660,-0.7557641590,1
0.1396710298,-0.6440547675,1
-0.7974401763,0.4633061993,0
0.5590476542,1.0425314269,0
1.8251573785,-0.1195047757,1
0.8730674306,0.1423940386,1
-0.2932834741,0.9036097891,0
0.5581788562,-0.7483317572,1
0.2403410292,0.0396921199,1
1.6107997168,-0.0250362287,1
0.8282892025,-0.1775925881,0
0.6685630000,0.2146515354,0
1.2263534093,-0.4059004030,1
1.7275097409,0.4699681626,1
0.8836668781,-0.7370949342,1
-0.0888385254,0.9774535524,0
1.8415369185,0.0160504072,1
0.6960798719,0.4911000885,0
-0.4927395943,0.0005186710,1
1.2879032821,-0.0165041850,1
0.3698732393,1.0275606159,0
-0.0823553076,-0.3386833532,1
0.6893589471,1.1016588807,0
-0.7420485936,0.9803712377,0
1.0247778539,0.0104270688,0
1.0334480775,-0.3638263934,1
1.4707791410,-0.3095728436,1
0.5124750218,-0.5238032090,1
1.3466248258,-0.0865389790,1
0.3109913991,-0.5583269960,1
0.5764941789,0.6682798687,0
0.2953195603,-0.3158531880,1
-0.9322724519,0.8593768950,0
0.5209369033,0.2272151151,1
0.5440442838,0.8985113998,0
-1.1087456737,0.4472393631,0
2.1997631180,0.0984261931,1
-0.5706852630,1.3586567190,0
-0.4730670134,0.5399244729,0
0.9500513422,-0.7124750732,1
1.8737778552,-0.1626157042,1
-0.3388745359,0.6062767537,0
0.7836969788,-0.6154838166,1
1.2037225430,-0.5723143190,1
0.8101366390,1.2414180783,0
-0.2384244489,1.0482477586,0
0.0938153080,0.3936319798,1
1.7741600770,-0.0028841010,1
0.1211530047,0.2570328068,1
-0.0206091342,0.0271387653,1
0.2666298552,-0.1540629315,1
1.2713549484,-0.2512138748,1
0.0595566445,0.7849142832,0
-0.4713697268,0.7600072166,0
-0.5873227575,1.1218387034,0
-1.1408732830,0.4273443017,0
0.9158738326,0.1239754367,0
-0.0285633356,-0.1726231605,1
-0.0126192772,0.4041911998,1
0.7498048075,-0.4304314582,1
0.0033335162,0.9343297217,1
-0.9703178301,0.6726489978,0
-0.9130347685,-0.0948730932,0
-0.3173840879,0.6098795434,0
0.3194903538,-0.6033170442,1
-0.4266550362,0.5826767470,0
0.2370183863,-0.5068775965,1
1.7240749267,-0.3023228651,1
0.7786985557,0.6043552898,0
2.1001540762,0.1379824323,1
-0.7258229607,0.5892314291,0
2.2414581395,0.1136183907,1
0.6123554759,0.2829903781,0
-0.9082928172,0.3756717858,0
0.5444108409,-0.2959393099,1
0.3534280960,-0.4229169486,1
-0.1618896978,-0.3282239381,1
0.0532895954,0.9052008183,0
0.7656929068,-0.3061630123,1
0.2317972373,1.0108599631,0
-0.5959061194,0.4269585542,0
2.1482897703,0.2206371017,1
0.7432589258,-0.2395722521,1
-0.0009073038,-0.5222747969,1
0.1305301991,0.3495970002,1
-0.1251945978,1.0988636149,0
1.7056432526,0.1148662062,1
0.7778577943,0.7666395210,0
0.6262820452,0.7134499181,0
-0.5344369799,0.8328478170,0
0.2091900137,0.3034588486,1
-0.1303815670,0.8482476534,0
0.9738486725,0.5731149970,0
-1.0595702005,0.3472568869,0
-0.4540572746,1.0187000905,0
0.8907370316,-0.4378192638,1
0.3682074195,0.7545435246,0
1.4174421000,-0.3089545290,1
1.0631428577,0.5483042140,0
1.2177440947,0.6570020996,0
1.0642111195,-0.3223015600,1
2.0413642976,0.1349345368,1
0.0306902733,-0.1069503854,1
0.1352349264,-0.1139305910,1
-0.6659747355,0.9575675767,0
0.7824051211,-0.5274344038,1
0.1726293705,1.1357328751,0
-0.8656901971,0.6142711145,0
1.9585476296,-0.2782583129,1
0.8712262115,0.7023512688,0
-0.9961111906,0.2813559770,0
0.9903457867,-0.3558266151,0
0.2679040958,0.1894814544,0
0.3046151859,0.8153153391,0
1.9294689851,0.0095175133,1
-0.1539793905,0.7599723814,1
1.5277344374,0.2680496710,1
-0.8674205832,0.6677913133,0
0.8665312340,0.5247920132,0
-0.2702766691,0.3603558327,0
1.3003768379,-0.1480551015,0
-0.5378222526,0.9416999331,0
1.8506144675,-0.1933622210,1
0.8922910743,0.0711857025,0
1.7464061277,0.1864851953,1
-0.5288821603,0.8305149319,0
0.7636440831,0.9191370668,0
0.2144811520,-0.5341003660,1
2.0658812982,-0.0077628634,1
0.6720437270,0.5075029358,0
1.4043436366,-0.6605325506,1
0.6471016238,0.9759522294,0
0.6932691158,0.0567953823,0
1.5905308526,-0.5766615718,1
0.4294041832,0.9000139821,0
-0.0211580220,0.8888979788,0
-0.6540691296,1.0250552413,0
-0.1035852566,0.5511905399,0
0.1115178773,0.4504287246,0
1.1763865156,-0.4438332786,1
0.8639149674,-0.5934198254,1
1.6645056856,0.0155228412,1
0.1556307663,0.9720489700,0
1.7331566976,0.1053452584,1
2.0683537618,0.7205283498,1
-0.1253206889,0.0017386614,1
0.0521692847,0.0359246777,1
-1.2320069087,0.5323584704,0
0.7331960745,0.8430330148,0
0.6176974725,0.3041822122,0
0.3910595788,0.6709066334,0
1.1790984483,-0.4330171873,1
0.1169402723,0.1468676205,1
0.1109059776,0.7852244235,0
0.6843967613,-0.6627676503,1
0.3558777973,0.9044757357,0
-0.1143152702,0.8784347066,0
1.0158380495,-0.4595994074,1
0.0042536713,0.9742943372,0
-0.6486366527,0.7329856832,0
-0.5487767803,0.7168640822,0
0.3708551078,-0.1283449304,1
0.6565154559,-0.3078012775,1
-0.8342673964,0.1411112669,0
-0.5145217544,0.8566366326,0
0.8903821927,-0.2129561340,1
0.9864142504,-0.4257957548,1
0.0456283447,0.1947641620,1
-1.1837017762,0.0180040285,0
0.8322516549,-0.4148363775,1
-0.1008434695,0.7830347606,0
-1.0450332820,0.1295433226,0
1.0158591371,0.4369971964,0
1.2188367351,-0.8010491623,1
0.9344497107,0.3338678184,0
-0.8768723530,0.4948582057,0
-0.0884813310,1.2498008421,0
1.7736908366,-0.5579678786,1
0.0304950461,1.1469659245,0
0.8434292036,-0.5249665727,1
-0.1436747608,1.1034847434,0
0.1934748377,0.9487085103,0
-0.0227586677,0.9520979153,0
1.6757747095,0.5819482840,1
0.3580384038,0.2808118135,1
1.6895501014,-0.3660988812,1
1.4190928496,-0.2537610611,1
0.2115555820,1.0279345265,0
1.7286292293,0.0279870473,1
-0.3740418992,0.4833604999,0
1.1834216087,-0.5643596239,1
0.4312327912,0.6826799426,0
0.5136066002,0.9439733184,0
2.0921150131,-0.3652401468,1
1.1422936379,-0.8784850049,1
-0.5921534906,0.7524724916,0
-1.1959893820,0.2942289926,0
1.5223085357,0.3266581037,1
-0.8803472900,0.3675306886,0
0.2690354711,-0.1155427839,1
-0.1806102858,0.0477456917,1
1.3859729902,-0.6885208290,1
0.3021897465,-0.3593122553,1
-0.1852424380,1.0058364194,0
1.7694593165,0.1909196738,1
2.0687783658,-0.0986193758,1
0.8061215929,0.8968751121,0
0.5470245398,0.6712791149,0
-0.2723603980,0.6104545175,0
1.0765636214,0.3133792539,0
1.9593549775,-0.3040818737,1
1.1001319577,-0.0339732132,0
-1.1926474838,0.1989128055,0
0.4964972156,0.8924341240,0
-0.5723310150,0.2073058892,0
0.8015750120,0.2812958668,0
-0.8211940445,0.1836047673,0
0.2042069930,1.2141550906,0
2.1326153541,0.1607067123,1
1.1382169902,-0.7329592049,1
0.2750460428,0.2603339916,1
-0.8091185660,0.2599770408,0
-0.5810204683,0.9060726103,0
1.0574536382,0.2442585293,0
-1.1089232513,-0.0533125762,0
0.5840447672,-0.2624645728,1
-1.2325403904,0.4876115465,0
0.7813526698,0.4665301477,0
-0.6337707322,0.1353318632,0
2.0616064659,0.5661045049,1
0.3089245743,1.0642052985,0
1.2330322208,-0.2617599827,1
1.2457648897,-0.0113926482,0
0.0410457334,1.2400476347,0
0.5598937626,-0.3896220778,1
-0.5332124393,-0.2851447486,0
1.4723967022,-0.2904088178,1
0.0824114473,1.0857166605,0
0.3507361858,0.8352419978,0
0.9217668506,0.7589055110,0
0.6252376417,-0.5984276011,1
0.4359375820,-0.7580742371,1
1.1787669791,-0.3329445899,1
0.6060620466,0.8389741855,0
2.0681343090,-0.1179355665,1
1.0404103573,0.1014145129,0
1.8056107710,-0.0457577285,1
0.3223381333,-0.1455840179,1
0.5000906258,-0.2162966743,1
0.5459528800,1.0584371735,0
0.3997811408,0.9584847199,0
-0.4723920614,0.8164805672,0
0.0419455036,0.2401464369,1
1.8925295947,0.2130528123,1
0.6887657427,0.5396423646,0
-0.0185649323,0.2495247535,1
-0.0126491073,0.0914966046,1
-0.1570734728,-0.1876386666,1
-0.2566801277,0.9875045013,0
0.4796311689,0.1934789933,0
0.1191793075,1.2157692211,0
-0.1549576048,1.1511589044,0
-0.9941200297,-0.1758469271,0
1.3770852575,-0.3670073866,1
-0.0917629947,0.1321507812,1
0.5676773482,1.0655113679,0
0.1939194497,0.2923321311,0
0.7628821165,-0.6871667908,1
0.8849934583,-0.3876059026,1
-0.0063096753,0.9168527529,0
0.6468643970,0.8725305881,0
0.8345672319,-1.2144659545,1
-0.1487702228,0.4252688537,1
0.6243081067,-0.6895791744,1
1.8574049363,0.0838374705,1
-0.9639891829,0.3703491759,0
-0.0928069032,1.0187373766,0
-0.2214790412,0.6425628535,0
0.6025922813,-0.0791251945,1
0.2999281158,-0.1128139662,1
0.0231980548,0.8636832418,0
1.2346792110,0.1166116417,0
-0.0487388813,-0.3348638865,1
0.5455579400,0.9888251655,0
1.2381453160,0.2591889675,0
0.2183720756,0.0480877064,1
-1.3270607354,0.1412101133,0
0.6766948637,-0.6900699272,1
-1.1773269506,0.2080316928,0
-0.8633747142,0.4178322188,0
0.7787203947,-0.4260540271,1
1.9293883970,-0.1728509431,1
-0.8770052664,0.0455500744,0
-0.7511102148,0.2579875460,0
1.6906197424,-0.7267455245,1
-1.2908950682,-0.1903969592,0
1.3005383298,0.4600951169,0
1.5626151618,-0.1243161761,1
1.2280683826,-0.0652098885,1
-0.1308507671,0.9359232395,0
1.7592371940,-0.1340760622,1
0.6585469769,0.4294190594,0
0.0633800678,0.1222219912,1
0.8751011502,0.0182201389,0
1.6241624505,-0.0239393060,1
-0.4121701699,0.9173979956,0
-0.7705653323,0.7544311871,0
1.9612863574,0.6882834210,1
1.4312174351,-0.6545350546,1
-0.2151666019,0.1829662953,1
0.1039849866,-0.2830430179,1
0.2083781547,-0.2746716254,1
0.0718485552,1.2841451451,0
0.1636674140,0.6236064546,1
1.2608388261,-0.4656403762,1
1.9816891898,0.1947099141,1
1.1235852284,-0.2607944615,1
0.6143510445,0.4172129355,0
0.3816693355,0.7973927833,0
1.7138877390,0.4080372915,1
-0.4543988862,0.7472868727,1
1.6590588287,0.0792619622,1
-0.0213675581,1.3164649034,0
-0.8166905171,0.3447752003,0
0.8046526907,0.5814705866,0
-0.5534755442,0.5287218526,0
-0.8039673708,0.0822511733,0
1.3662731468,-0.5372183112,1
0.1291055567,0.9528730149,0
1.7834322700,-0.2106537988,1
1.1696490106,0.1447831932,1
1.5020814482,-0.3812279749,1
-0.0926423261,0.9171331452,0
-1.2337305317,0.3542758815,0
0.6121000911,0.7596507510,0
0.8292296754,0.7198653455,0
-1.2979592313,0.6860963580,0
-1.4111142650,-0.1258254067,0
1.0996903359,-0.4943251052,1
0.6534085573,-0.4444624783,1
-0.6883390691,0.0755484608,0
0.0274673422,-0.0488761278,1
2.2279101881,-0.1562805776,1
-0.9153359733,0.6010836673,0
-0.1251365549,-0.1018994502,1
0.0406181212,1.0652554311,0
0.4458508747,1.0160759462,0
-1.0469822003,0.2537182404,0
0.6266029730,0.5979056146,0
1.8550595460,0.6021783827,1
0.6943721028,0.9301411742,0
-0.2189767643,0.8218618198,0
0.2647007746,0.3718983832,1
0.5009732119,-0.3532252956,1
1.9578924169,0.0690101939,1
0.8030766074,-0.4968069293,1
0.5391360765,-0.6437759368,1
0.7221609442,0.5100661768,0
1.8688141237,0.4074644634,1
0.5163734233,0.8452910543,0
1.2110739702,-0.2925935108,1
-0.5903407766,0.3784168015,0
1.8451732157,0.1819872857,1
1.1588009761,-0.5030389268,1
1.1300187251,0.4555617775,0
0.3270596927,0.1482553371,1
0.5371880108,0.9300780277,0
0.8149732840,-0.2108010050,1
0.7347804908,0.5266328092,0
-0.8342260358,0.9989535146,0
0.2238284978,-0.2858723413,1
-0.6791668407,0.3462569548,0
0.3315659357,0.2172115339,1
0.3815321146,-0.0919934623,1
1.7548165927,0.3480824298,1
2.2591489456,0.9011304268,1
1.0789762407,-0.4169317998,1
0.7176341062,0.1454940855,0
2.2235906672,0.3793155623,1
0.1516568403,0.6659571974,0
-0.0052574483,-0.3755091391,1
0.2921402872,-0.1126482438,1
0.5919945826,-0.7073427330,1
-0.0849097783,0.8159189501,0
1.4532065727,0.0130569466,1
1.5393341979,-0.2516792135,1
1.3890102481,-0.4495079287,1
0.2105476883,0.2467205117,1
0.6486941104,0.9800020032,0
0.5129208777,0.1436970958,0
2.2271607599,-0.1759819809,1
0.4321557734,-0.2821530445,1
-1.0587365384,0.0165545530,0
2.4761201765,-0.2676238688,1
1.3732395012,-0.4077282518,1
-0.2461484122,0.7602343178,0
0.1716237954,-0.6096664025,1
0.8924231637,0.4868259397,0
0.7794790422,0.8376365985,0
0.5826745076,0.6693358205,0
-1.0069794954,0.9241678101,0
0.4598489077,0.7037008648,0
0.4742598059,0.2748198220,1
1.6885926737,-0.1810163442,1
-0.0230772236,1.0808729781,0
0.2303245385,-0.1081150275,1
-0.8694961007,0.4634393673,0
-0.6624281217,0.9214747395,0
0.2273987642,0.5225165860,0
0.8624638049,0.0137587170,0
0.6394007450,-0.5033545549,1
0.9000180016,0.7096212979,0
0.1069064841,0.8798452101,0
1.9065845494,0.3772622085,1
0.2221443632,-0.3476268299,1
0.2182874153,0.3229551784,1
0.7652080080,0.7205140079,0
-0.6654775807,0.1690048233,0
-0.3596612753,0.8421147652,0
1.3945678938,-0.3112008926,1
1.6824365040,0.1373206150,1
2.0009258449,-0.1543101910,1
1.7901907263,0.0888402107,1
-0.9390679652,0.5858579887,0
1.6115884657,-0.1873541461,1
0.7456127062,0.1910979228,0
-0.6751184469,0.7447849493,0
-0.0894643724,0.9997319144,0
2.0106884116,-0.0846067471,1
-0.2839592818,0.3480986904,0
1.1863159549,-0.8444883654,1
0.6926799128,0.9725445265,0
0.7837234475,0.5988355330,0
0.6257433274,0.5506144520,0
-0.2751763373,0.5720752854,0
0.8983513572,-0.5123280689,1
0.6792512807,-0.5768175189,1
0.0520636893,0.7136471299,1
-0.3739465776,0.7496471542,0
-0.5285680991,0.5293676871,0
0.8165205732,-0.4996313943,1
-0.7976755641,0.3457854518,0
0.3240201396,0.0023637644,1
-0.2051940320,0.3557153683,1
0.8527074876,0.5358657656,0
0.1255162318,1.1208360157,0
2.4606859931,0.2604926852,1
-0.6570920231,0.9080915626,0
-0.4958380963,0.8944708655,0
0.8021570680,-0.6109310773,1
-0.7692826308,0.8776192433,0
0.9585857797,-0.2463300298,1
1.8427141847,0.0414755999,1
1.2370982619,-0.8524524549,1
-0.6955456017,0.1555258688,0
-0.5355210613,0.9592011608,0
1.0566794751,-0.4031701200,0
-1.0770842477,-0.0810520969,0
-0.0815958751,0.2707398159,1
0.3511495703,0.1742267916,1
0.2750883063,1.1456237282,0
1.0751253953,-0.1567856118,1
-0.4065760783,0.8965866747,0
0.4888143003,0.6265134281,0
-0.7585033724,0.4665093208,0
-0.1068249805,0.1041404745,1
0.1193159872,0.7057077169,0
1.3398593356,-0.1580465568,1
0.3683116591,1.0896803705,0
1.0413235281,0.6100156708,0
1.5207689184,0.2333169490,0
1.1931474521,0.3446914774,0
-0.0545201368,-0.0485858039,1
1.2495662167,0.2145800081,0
-0.6997350808,0.1942316052,0
1.7118200022,0.4970790257,1
0.5685975594,-0.6317054337,1
0.0661802268,0.1957925637,1
1.4525465222,-0.6611564377,1
-0.9907365375,0.3866881631,0
0.8051292540,0.6034456386,0
0.6687760814,-0.4414636410,1
0.7844694585,0.6258567344,0
0.4051313812,0.9544753759,0
1.1581337473,0.0037396470,1
-0.6996857244,1.3220290393,0
-0.3591651320,1.1862169488,0
-0.0013265863,0.9960371915,0
1.2183738254,-0.4685962211,1
-0.0600137034,1.1041072141,0
2.3430437743,0.3974011193,1
-0.0506424318,0.8868270160,0
0.6960276969,0.9668600027,0
-0.7692492709,-0.0619087280,0
0.9658999606,-0.3227725112,1
1.0956520537,0.4126316952,0
0.5355455049,0.8179982504,0
0.1233324196,0.3924206772,1
1.6655141775,-0.0089099224,1
0.7689309991,0.9340788930,0
0.5601969048,0.7996231631,0
1.3164253008,-0.3096827176,1
0.3237011949,-0.3259886765,1
-0.9162657887,0.6220043854,0
0.5876601137,0.9780365377,0
-0.9907899726,0.3623426168,0
1.7904401839,0.4374781450,1
2.0239072409,0.1035887841,1
-0.0735741110,0.1053551682,1
0.9194961404,0.1601844211,0
1.0906624230,-0.4334513887,1
0.6559663224,-0.0450094832,1
0.7948576325,-0.0059217924,1
0.9388943383,0.3700994858,0
0.7175374235,1.2114704777,0
0.2883835276,-0.3987927678,1
0.1889833978,0.8054541207,0
-0.5989399469,0.8207125257,0
1.4918275464,-0.0378343359,1
0.5490732767,1.0175985499,0
-0.3391065504,0.0749199700,1
0.7242786084,-0.1420826291,1
-0.0724314096,0.0323465970,1
-0.0207432715,0.7790834831,0
0.8431106988,0.0305735861,0
1.1845998408,-0.2318638377,1
-0.0264458243,0.9167297312,0
0.1493414277,0.2251489347,1
0.4028141997,1.0305262666,0
1.2332768543,-0.1801554881,1
1.7960029070,0.6856577294,1
1.7500183667,-0.6699884409,1
-0.6042092687,1.0798844489,0
1.6279175881,-0.2960603905,1
-0.5411993738,1.0225656514,0
-0.3238773220,1.0863472003,0
1.9825329014,-0.0219459512,1
-0.0614004042,1.0519458685,0
1.2552657476,-0.8289610987,1
1.6609710492,-0.1848694656,1
1.9482722610,-0.4844752172,1
0.5102534809,0.0625012730,0
0.9986407431,-0.2649580741,0
0.4296293549,-0.2967951719,1
1.5718618944,0.3062015059,1
0.9732953453,0.5311508162,0
-0.5839471816,1.1501792059,0
0.3140923592,0.7039144317,0
0.9909192176,-0.6217208348,1
-1.4301285132,0.5229808047,0
1.3803896876,-0.1264472580,1
0.1212762825,-0.5728311730,1
0.0219243987,1.3232833101,0
-0.2282946353,0.5602173232,0
2.0863507483,0.4844855779,1
0.4412884527,0.1205641933,1
1.0826315055,-0.7061257597,1
0.0715383501,0.7503353725,0
2.1200455945,-0.2629931943,1
0.3449121023,0.9939182865,0
1.3145648035,0.2760444700,0
1.3705829693,-0.3139530445,1
0.0130215529,-0.3084187017,1
0.4419965676,1.0258589435,0
-0.9378551575,0.7947946286,0
0.2233821789,0.0532391625,1
0.8518278967,0.3675809379,0
0.3884299968,1.1111706515,0
0.5346117301,0.0931001648,1
1.2519159873,0.0886295637,1
0.8671928988,0.8172659733,0
-0.6663165578,0.8599875220,0
-0.0114108589,-0.3044229373,1
2.2840898638,0.2820171235,1
-0.4074411092,0.0675685745,1
-1.0377940034,0.3138645920,0
0.3734044515,0.5313120571,0
-0.5355922300,1.3519745290,0
1.0585204231,-0.2368780510,1
0.0621114892,0.6796938106,1
1.6305127848,0.0122537676,1
-1.4025487364,0.4388854663,0
-0.2210321226,0.8040637105,0
0.4279495488,0.7601444535,1
-0.2203780351,0.8016755536,0
-0.2998689204,0.9528490220,0
0.5660230772,-0.6619910515,1
-0.9454586141,0.0985498084,0
1.5899550125,-0.4937598225,1
0.6394606433,-0.7733831020,1
0.6403815569,0.4573649370,0
0.4423542034,0.8158669994,0
2.0280987283,0.0501038150,1
0.8900444944,-0.5545112378,1
-0.5186920142,1.0984698979,0
1.5672675171,-0.3270410090,1
0.1744405151,1.1123081077,0
0.6581680230,-0.7353610489,1
1.3522856079,-0.0927495506,1
-0.6291556226,0.8271135864,0
0.1372716216,-0.1139392929,1
2.0855530243,0.4007481149,1
0.9459713292,0.5721314465,0
0.9841432402,-0.5432022228,1
0.3683803489,1.0759918878,0
-1.3820617405,0.6780986757,0
0.5951444738,0.7874012941,0
0.9358648757,0.0555324836,0
0.7369957276,-0.4592317340,1
0.1545226543,1.0358470555,0
0.5249969996,1.0540082676,0
1.1833575397,-0.2759888904,0
0.4497505075,0.8687475019,0
0.6061343955,0.6459057758,0
0.4702940101,1.5318398091,0
0.5077769342,-0.0161783134,0
-0.4288249144,0.0279442327,0
0.2117439780,0.0488174282,1
1.7056857825,-0.3510490870,1
1.8740517838,0.3748469344,1
1.3085393284,-0.3694601755,1
-0.6157420494,0.9094960370,0
0.4731753375,-0.1111503924,1
0.3855396187,-0.1494144266,1
2.0067766952,0.3188208902,1
1.9958762624,-0.0002659462,1
-0.2848847506,1.3338988551,0
0.1021916260,0.1186222091,1
0.9855312572,-0.5406040448,1
0.1753825103,1.0211480915,0
0.2324489867,1.0836081788,0
1.9402466428,-0.0105130565,1
0.8711820642,-0.6646790752,1
0.5823399133,0.9006341860,0
-0.0395526482,0.3782617191,1
0.3178551259,0.8600061690,0
1.2332832761,-0.0288541698,0
0.9915649762,-0.5813752219,1
1.5328155072,0.0755388541,1
0.4637156510,0.9788605318,0
-0.2794736151,0.3254265318,1
0.9057639046,0.7797681581,0
1.0073732939,0.0727266210,0
0.0989981336,0.3470391786,1
0.6882242280,-0.4202709700,1
0.8400797456,0.3091753828,0
-0.2168005668,0.5652325766,0
0.1604912994,-0.2163290186,1
-0.8263819907,0.4071728818,0
0.9181576824,-0.3638680328,1
-0.3231613302,0.7422844019,0
1.3268807273,-0.1642976892,1
-0.1684078731,0.6857198313,0
1.4312343895,0.0082424645,1
0.7459714112,-0.6725133368,1
0.7515748941,0.5325417352,0
0.5801991814,0.1579083279,0
2.2365149941,0.0911026641,1
0.9384855359,0.0077828088,0
1.6321929930,-0.4701578814,1
0.2360868904,0.1947007597,1
-0.7998022553,0.3869774473,0
0.6939485860,-0.0678061248,0
1.2541650843,-0.7235326829,1
-0.0979537894,0.7750597781,0
-0.6829791357,0.2421717271,0
0.9161366926,-0.6807238370,1
0.2018680679,-0.2841816986,1
1.6276882625,0.2619065736,1
-0.4976079938,1.0847053103,0
-0.0072564965,-0.1095473409,1
0.8253617733,-0.6536399477,1
-1.0819009705,0.1952040653,0
0.7838708412,-0.2820278951,1
2.2309157707,-0.2785229630,1
2.2417846694,0.1360092632,1
-0.4402911925,0.3595175851,1
1.5630315463,-0.7688872979,1
1.6754183885,-0.2898865377,1
1.0804722358,-0.5875334533,1
1.8254076459,-0.1064689734,1
1.2366420815,-0.6108807232,1
0.3152972501,0.5415037761,0
0.4797187829,0.2780511586,1
2.0070052937,-0.1401174815,1
0.9053477618,0.1597281973,0
1.1633929210,-0.4372521946,1
0.7742743857,-0.3606363108,1
0.1232529989,0.6150004668,0
-0.8402832487,1.0609277265,0
2.0043466022,-0.3594967580,1
0.4985019111,-0.3970715762,1
0.6473017757,0.1267374670,0
-0.7537900353,0.8135256101,0
1.8255674624,-0.3291080639,1
0.9215258514,0.3222424234,0
0.9201210906,0.1018061376,0
-0.2549442167,0.7759345279,0
0.4139037934,-0.5250507005,1
1.2123633291,-0.1885618802,1
0.9569227057,-0.5178581227,1
1.7023236226,-0.0176594374,1
-0.8645608815,0.5149896119,0
0.2874739357,0.8193165717,0
2.0908520015,0.1646571753,1
-0.7560469389,0.6056711382,0
0.0983565655,-0.1902304311,1
-0.6806350797,0.8532291724,0
1.0257025744,0.7349240039,0
1.2930596825,-0.3979215046,1
1.5201429878,0.1233351048,1
1.1313895730,-0.5859685293,1
0.2692362463,0.9159223358,0
1.2833315331,-0.0025437500,0
1.9119504330,0.1522959451,1
-1.0775618997,0.5148327571,0
2.2114954255,-0.4445292530,1
2.1526435192,0.3018405348,1
0.8671548449,-0.4420414133,1
0.1975206874,0.9369407652,0
0.6234407822,-0.1928081496,1
0.9666342001,-0.8349229810,1
0.6068076339,-0.8173849000,1
0.6243743453,0.5874829293,0
1.2627196938,-0.6078350904,1
0.0922516755,0.9110721984,0
1.8076371053,0.3336315583,1
0.0916207245,0.3196880015,1
0.4446698228,-0.5738168530,1
0.4760103627,0.7129447345,0
0.8363374754,0.9381250838,0
-0.3880427055,1.2004244918,0
1.8465298105,-0.0044177254,1
0.3198129954,-0.4343355341,1
1.3858004265,-0.1085250592,1
1.7108830856,-0.4168825544,1
0.2836739691,0.8135623729,0
-0.4459554761,0.7719100421,0
0.9299965718,0.7983507092,0
0.0776652970,0.7857544784,0
-0.4710831502,1.0969875115,0
1.6906395437,-0.2057848988,1
0.0846851153,-0.0512149877,1
0.3474668109,0.1006072851,1
0.8631026992,0.9913087486,0
0.2135245680,1.0685174141,0
-0.7778185873,0.9731743597,0
1.5339808324,-0.5782174647,1
1.4049915186,0.5480887742,0
-0.2443833638,0.3273363711,1
-0.3308823660,0.7392910371,0
0.2874124626,-0.2154908282,1
-1.3329120070,0.2591872192,0
-0.9211675660,0.3787393604,0
1.1269947505,-0.5226262184,1
-0.6088032411,0.2251092384,1
-0.1057379847,1.2811636180,0
0.9319029151,-0.9722428296,1
2.0885242637,0.0891545901,1
1.5203145340,-0.4109770955,1
1.2232938549,-0.6942769426,1
-0.5813713688,0.9164761111,0
0.7747130351,-0.6530197840,1
0.2066958681,-0.4661824504,1
0.8538071230,-0.6264723083,1
-0.7719911162,0.2916304740,0
1.3683610996,-0.1632714347,1
1.1994726981,-0.5637347192,1
-0.7677797506,0.4639153524,0
0.2150190632,0.3572087900,1
-0.6986181476,-0.1507596738,0
-0.9868259725,0.7248933139,0
-0.2779367400,1.3290968606,0
-1.0447694303,0.0307896245,0
0.2750158359,0.8529246732,0
0.1737436993,-0.2858384857,1
0.4926439180,0.6950686580,0
1.9078475402,-0.1345208970,1
1.6456229289,-0.6726191704,1
1.2817153058,-0.5638945494,1
-1.1869693521,0.2934956551,0
1.4908120548,-0.9540876550,1
0.4868510593,0.4158013378,0
0.1012480523,-0.1707131835,1
1.9156555972,0.3556417273,1
0.2348063709,1.1565211517,0
0.1605039721,1.0672441654,0
0.3149720575,-0.1548569404,1
0.4406126594,0.7026062134,0
1.6191336094,-0.2440764639,1
-0.0270394599,0.7606668528,0
0.8965558399,0.9400842665,0
-0.4573704568,0.9826408003,0
0.6922150061,-0.5588977371,1
-0.2643765506,-0.0242107109,1
0.3827474861,-0.0860441815,1
0.0403365978,-0.4173547338,1
-0.6097561607,0.4070319082,0
-0.1334191830,0.9305635518,0
0.0010245044,0.7413471488,1
0.3969437308,0.3194075056,0
2.3438585912,0.5800577699,1
0.7704304967,0.9780600380,0
0.2821910694,0.0400448789,1
0.1336516724,1.2369734824,0
1.4777903954,-0.1991742939,1
0.3362634832,0.4219042943,1
1.8212872599,-0.4411933233,1
-0.3657804318,0.4112046756,0
1.4531306912,-0.8581826565,1
1.8016683851,0.5786508846,1
0.4522792679,0.0209879341,1
0.0907852467,1.0191071463,0
0.5538867997,0.4072690319,0
-0.8603663520,0.6340062537,0
0.1851055723,1.0471045383,0
0.4984066647,1.1860399186,0
1.2257140721,-0.5052142524,1
1.0409947597,0.6677019517,0
0.9968357485,-0.5216412132,1
-0.1855206864,0.3397668807,1
0.6759393326,1.0880087049,0
0.3341218881,-0.1196079730,1
0.9307585123,-0.6325918803,1
0.3531530340,0.9617815819,0
1.0140687243,-0.7769832200,1
1.0616552212,0.0713485606,0
0.2747641920,0.2059574893,1
0.1897195205,0.8415255702,0
0.3061066269,0.6820318377,0
0.9336274425,-0.7698578323,1
-0.8972549555,0.2351743138,0
1.8122264533,-0.2006714718,1
0.8886377438,0.7960565602,0
0.3063634551,-0.1645778263,1
0.2911606028,-0.7359074917,1
0.4175519198,0.9356225359,0
0.2725922675,1.2244281344,0
0.0716161265,0.2369687714,1
-0.7719630894,0.2982981863,0
-0.7956147058,0.9762106956,0
1.7131193100,0.5663705008,1
2.2200293181,-0.0510562628,1
0.9331825019,0.2991646657,0
1.8552675783,-0.0611097789,1
1.7960890141,0.0232579086,1
0.1741233383,-0.1360590126,1
0.5408707501,0.6454007909,0
0.0557701817,-0.1167112099,1
1.9339431650,-0.0051026696,1
-0.7047401358,0.2327730929,0
-0.1046890532,0.4202763311,1
-0.6887956953,1.0676532476,0
-0.1544705500,-0.1585713218,1
-0.3806453290,0.6475368996,0
1.2889719121,0.0501536187,0
-0.8753880615,0.6721624715,0
1.7565323389,0.3925289891,1
0.3186309827,0.0068613192,1
0.7354431513,0.9844862856,0
0.8783244442,0.4590960695,0
1.1265020772,-0.1517404153,1
0.7010929996,0.6460429797,0
0.2164197491,0.9756008657,0
0.2234635541,1.0697817588,0
0.1771254604,0.9903804117,0
0.5327416325,-0.3285295605,1
1.5881236782,-0.1861792975,1
1.5000658472,-0.1663581635,1
0.9756034012,-0.3385078203,1
0.3448093843,-0.1446224753,1
0.0819550709,-0.4137483250,1
0.1261767850,0.9710330716,0
0.7037847925,0.7794718096,0
1.1013266453,-0.6109779159,1
1.9003033547,0.3853536661,1
0.7301126306,0.5086370579,0
0.2048505443,-0.2867650228,1
1.7473317147,0.5293338852,1
1.0998221364,-0.2733618035,1
-0.2569252347,0.8526310617,0
2.0850795695,0.5176822713,1
-0.1730494252,0.0775753840,1
1.7865823808,0.5332485631,1
2.1754440654,-0.1128568037,1
0.2814477640,0.6498574458,1
0.8378070872,0.1144293072,0
0.6101437660,-0.6057634053,1
0.9269637476,0.9079468175,0
-0.5171137260,0.6920839672,0
1.7810637773,-0.0220121340,1
0.0500003224,-0.8070895172,1
0.6675965399,-0.5264506832,1
0.5171576824,0.9229096667,0
-0.1136910618,0.9612601526,0
0.4672327259,-0.1578592489,1
-0.6417779361,0.4532044306,0
0.1441465971,-0.3987249822,1
1.8574536213,0.6411664036,1
0.6149613129,-0.7633559473,1
0.9690035014,0.4289410632,0
0.2798368998,0.4288900569,1
1.2674864257,0.7346892515,0
1.3654873184,-0.6086544484,1
-0.0060229093,0.1294169458,1
-0.5377537154,0.8893139980,0
0.5395361756,-0.4477999789,1
-0.4162018813,0.7294661522,0
0.2985924528,0.1022790408,1
2.1466949456,0.1026390836,1
0.0924134125,-0.1594547301,1
1.3030963588,-0.5408306960,1
1.1682467407,-0.3072234789,1
1.0007868476,0.9953163487,0
0.2374981175,1.1452852979,0
0.1571126344,-0.1142942161,1
-0.8881048559,0.9530312306,0
-0.7771678856,0.5241028064,0
0.2956372032,-0.3046285596,1
-0.6079249870,1.1430907892,0
0.4129476931,-0.1744449790,1
0.8169898076,0.1156245568,0
-0.7082076338,0.5311066925,0
0.2327550311,-0.6042298140,1
-1.1595468344,0.4681501361,0
0.9440927565,-0.0379114468,0
1.5892019424,-0.5840630005,1
0.6290330925,-0.1498717523,1
0.2306968221,0.7617640653,1
1.1409083982,-0.5694823728,1
-0.7143926706,0.2724513467,0
2.2722077684,0.2558924864,1
-0.8636707824,0.8299328103,0
0.7016964695,0.0630866279,0
-0.0879745942,0.7565509238,0
0.2617192766,0.6930472336,0
2.0714321097,0.1184761421,1
0.5562724703,0.7934826492,0
2.0683185363,0.3503696950,1
-1.0387250404,0.4758975284,0
-1.0969060937,0.8642127815,0
-0.0488841573,0.8830504606,0
-1.0128035364,0.1800351452,0
2.0010941428,0.2240331715,1
-0.3189067469,0.9430881623,0
-0.1850358938,0.1956277225,1
-0.0356873578,0.8454393687,0
-0.2282256077,0.8431823680,0
0.0443971792,0.9126191499,0
0.4193378589,-0.0448226148,1
0.3391056249,-0.1102548693,1
-0.0237339596,0.5932385660,1
-0.4100068786,0.5129728351,0
1.0296267235,-0.5337633812,1
-0.7887602078,-0.0119894533,0
-0.0187666801,1.0606739305,0
0.0279084626,-0.1706292365,1
1.2820621348,-0.8877481133,1
0.6906192211,0.5017843744,0
-0.2230140133,1.1870189765,0
1.3243613143,-0.1102366652,0
1.5987235340,-0.2652200331,1
-0.4159483645,0.4250791783,0
0.8825982824,0.8685607996,0
1.1932041919,0.1854793751,0
0.7142408409,0.7288736806,0
-0.4374481053,1.1067968359,0
-0.3955977548,1.3929868749,0
0.6454911735,0.3384655110,0
2.3496050249,0.4151829514,1
1.7044921172,0.0234602321,1
-0.5751000052,0.8619178121,0
0.5614743031,-0.4907329971,1
0.1610713703,0.9442751004,0
0.5187137163,-0.5389450001,1
0.4902679090,-0.2868363715,1
0.9817285398,0.0544958681,0
1.1095250821,-0.0293605976,0
0.5114839097,-0.2252242254,1
0.4323566434,-0.0200323717,1
0.3761455864,0.6232622960,1
0.5536726173,0.8386522788,0
0.9380536814,-0.6513746691,1
-0.6786028358,0.4059845625,0
1.3296075596,0.3303729960,1
1.0027211654,0.7277059176,0
-0.8466671124,0.2586421655,0
-1.0885330913,0.7659063606,0
0.7926094545,0.3828439452,0
0.0133242989,0.0165276881,1
-0.6399137872,0.7997274712,0
0.5089868903,0.6896802463,0
1.3349679577,-0.7582492796,1
-0.5880578426,0.5964603117,0
0.8233411507,0.5850681547,0
1.9994272933,0.0422101953,1
-0.2439060489,0.3575051858,1
-0.5070414318,0.8340847498,0
1.0875716974,-0.5440126033,1
-0.2060116286,0.8945479848,0
0.7332557174,0.6765223175,0
0.5822170990,-0.0319052807,1
0.7437620080,0.9556910014,0
0.1690367924,-0.0382861298,1
-1.0272249709,0.6643875115,0
1.1831486825,-0.1963934165,1
-0.3230407627,1.0999001402,0
1.0726600130,-0.0039657406,0
-0.8776497045,0.0590454253,0
-0.8900236898,0.3924490306,0
-0.2358287828,0.9777690435,0
2.1061489766,0.4269212367,1
-0.0855305328,1.1419357378,0
1.0122957074,0.8820645767,0
0.4855484628,-0.0885240814,1
0.7457676286,0.7597189497,0
0.3954610725,-0.6967773014,1
1.1176245968,0.5620308708,0
1.9991334947,0.1600996144,1
-0.0610734514,0.9859354868,0
1.6206095043,0.0785112758,1
-1.2637123224,0.2392717750,0
2.0042755129,-0.1585848106,1
1.0998283775,0.4163390522,0
1.7875640051,0.2559718666,1
0.6863360884,0.9173873664,0
-0.4825098045,0.4377805133,1
-0.6541658770,0.8485625249,0
2.3186256083,0.6535545159,1
0.0854582121,0.1791915924,1
1.4896172502,0.2178649825,1
0.5522728062,1.1066248641,0
-0.7577613313,0.4179813972,0
-0.7252515446,0.6241111567,0
0.9192741320,-0.5082413387,1
-0.9618455525,0.5989710688,0
-0.5359559080,0.7355180220,0
0.8841849713,0.3279966568,0
0.7227298552,0.9456637490,0
1.1490873621,0.7107865978,0
-1.1345817501,-0.1090288838,0
0.3391344890,0.0886610206,1
0.1923095920,-0.0870397066,1
0.6448362009,0.1611996915,1
0.8448572628,-0.1603183958,0
-0.9581013321,0.1688296097,0
1.0505395378,-0.4736317624,1
1.2053054416,-0.0743092598,0
1.0876485703,0.6531823996,0
-0.7520969950,0.6581100945,0
-0.0793936353,0.3922316170,1
1.9356594100,-0.4234341368,1
1.5385642415,-0.7402441784,1
1.0962772636,-0.3948340706,1
1.3034439011,-0.5819693813,1
2.1585880683,0.1485734228,1
0.1610842955,0.1416696028,1
-0.6461547568,0.7394689158,0
-0.6217443160,0.4183314106,0
1.2847481247,-0.3736073611,1
0.9719337313,0.3397402697,0
0.4413088449,-0.6138008456,1
-0.7531696523,0.8789182233,0
1.3208419016,0.2154298331,0
1.2243729285,-0.0669615123,1
0.1555946928,0.8828279532,0
0.0753414519,0.3520210906,1
1.1909828706,0.3751913427,0
1.1886873584,0.8239156504,0
0.7703099279,-0.4064774284,1
1.2825025885,-0.8912442070,1
0.9487233041,0.3396031237,0
0.8116963541,-0.4568692982,1
-0.3039746176,0.8592685547,0
0.1991216464,0.1944496453,1
1.3071551110,-0.8131744424,1
0.9900501974,0.7052360679,0
-0.4249821611,1.1921500641,0
1.1754528811,-0.9423074454,1
1.2893308755,-0.4904066620,1
0.8149305278,-0.3363764575,1
-0.2506772781,1.1129614942,0
-0.0070072789,0.9417702796,0
0.1265284786,0.2169201233,1
-1.1395128479,0.8104433975,0
1.0124450544,0.7599226201,0
-0.0238854425,0.5498600585,0
-0.6841647756,0.6344006503,0
1.8488826137,0.1970337918,1
0.4090086653,-0.5406822102,1
-0.7464394786,0.8839433021,0
0.5659836391,-0.4697259289,1
-0.0941932668,0.9549588106,0
0.5262855601,0.9211894310,0
0.2323167582,0.9975670444,0
1.3451589967,-0.6149899632,1
0.4592142741,-0.0736918599,1
0.3847462593,1.1495327134,0
0.3474691021,1.4816469207,0
0.6770093032,-0.5598867467,1
-0.8558483092,0.5301856138,0
-0.7745110620,0.6598059432,0
0.5793618395,-0.4324499373,1
0.3846272909,1.2256444755,0
-0.1226998824,0.3945100170,1
0.7324407659,0.8607144507,0
0.6196715994,-0.1928515423,1
-0.4624791212,0.9129224592,0
0.1879282665,0.8031932223,0
1.5861389373,-0.1097207558,1
1.6509160396,0.1344204637,1
0.7607915068,-0.6967632792,1
-0.0861620761,0.3706838630,1
0.7484138642,0.6554150791,0
2.0279564967,0.0540236023,1
1.5956860413,0.1143460140,1
0.1607497837,-0.2096325028,1
0.6548586612,0.4902765262,0
2.2746554860,0.4100897551,1
1.2913699818,-0.3346979352,1
0.5006837131,-0.7349547925,1
-1.3772647752,0.2110668591,0
0.9066569180,0.1514088283,0
0.3634261776,1.3105122730,0
1.0744024116,0.6877899171,0
0.6796620476,0.6830277394,0
1.0055183508,-0.3117501081,1
-1.1638926344,0.8933289143,0
-0.1069752643,1.2746817560,0
0.4683014503,0.5014131872,0
-0.9174511399,0.2430665923,0
1.9060920607,0.2017469133,1
-0.8456703371,0.7240297027,0
0.2511377274,-0.3503083410,1
0.7500161607,0.0375724029,0
0.7834182389,0.2407649791,0
1.2355825111,-0.7119221802,1
0.2423383911,0.7608495733,0
0.3073593849,-0.3424708422,1
1.3355742396,0.2398034334,0
1.2101185093,0.2041001492,0
0.6656942986,-0.2235499231,1
0.5990701933,-0.3023851898,1
-0.6675819614,0.1610563811,0
1.7017412487,0.2163430439,1
0.1984515472,0.0959737776,1
0.2071522138,1.1130096749,0
1.6349362677,0.1431112371,1
2.0457063222,0.0373577204,1
-0.8311784698,1.0734897841,0
-0.0594964900,-0.0833209572,1
-0.7000951478,0.6099883401,0
0.1332315951,0.2055751445,1
1.7053414663,0.3732091653,1
0.3888533982,-0.2136487250,1
0.3647037260,0.6129538550,0
0.9955091695,1.0047974494,0
0.1570514040,0.7452682505,1
-0.9185479286,0.6633714453,0
0.4669745159,-0.0673671901,1
-0.2086566618,1.0067628912,0
-0.1890054039,1.1633095216,0
1.1690024330,-0.1972918856,1
0.3276447856,0.7994595441,0
1.9461613002,-0.0998361484,1
0.8916563182,0.3600186843,0
1.9030243543,0.4529209707,1
-0.5615964100,0.5885236454,0
1.4112819314,-0.5069369208,1
1.8449167341,0.3010112553,1
-0.1860202337,0.4549345437,1
1.8585753186,0.4633126089,1
0.3557804229,0.0511569173,1
1.1262344963,-0.3156045236,1
-0.1627064950,0.4226836717,1
-0.5582228991,0.3555446446,0
0.3317831058,-0.4759965145,1
-1.3295855550,0.0333896036,0
-0.4780705765,0.7751842221,0
1.1944797977,0.0315821800,1
-0.0904386082,0.9088865821,0
0.5392176286,1.1364539171,0
-0.1598066417,0.0540545261,1
0.3199333195,-0.0319721803,1
-0.8952760638,-0.0590053124,0
1.1275234181,-0.4843504762,1
-0.9261872620,0.5506459260,0
1.6849422168,0.3169356045,1
0.0252996229,-0.1510436124,1
0.6850022588,0.4453237216,0
1.2593604677,-0.3490919284,1
2.0425396597,0.3347535455,1
0.5651262609,0.5418347397,0
1.6729476474,-0.2933742596,1
0.8513802774,-0.6127536167,1
-0.8123944489,0.6248944423,0
0.5354040882,0.7474666265,0
-0.1874382467,0.9475808862,0
-0.0678658976,0.0122205658,1
1.6507013334,-0.2882365846,1
1.9338361855,-0.2662933276,1
0.2998910511,0.4245280732,1
0.8787542295,-0.2822358112,0
2.0668494119,0.5863018102,1
0.5522601525,0.8269702822,0
0.1692657828,0.0032034057,1
1.0113815460,0.2509482638,0
-0.7849230654,0.5560864706,0
1.6328748936,-0.3326725076,1
0.5753568658,0.9416699514,0
-0.0479391833,1.3465056818,0
0.5191921657,-0.3643631234,1
2.0152837473,-0.0651549537,1
0.4534165469,-0.3376415192,1
0.0603938315,0.0353320696,1
1.5893672990,-0.4931556004,1
1.1687519019,-0.7823185211,1
1.7865130716,-0.1267460531,1
-0.7423125637,0.4014752486,0
-0.3912954306,0.6907332041,0
-1.1399881282,0.6351369361,0
-0.4966837012,0.4763929204,0
-1.2257586909,0.3754709196,0
-0.6307210725,0.4034479692,0
-0.0546249583,0.2212361674,1
1.9044063949,0.2002824635,1
1.7540818062,-0.3072295777,1
-0.7153337600,0.0161333662,0
0.0014665680,0.2068313073,1
0.5925799923,-0.4059797621,1
0.3080161846,-0.7155273829,1
0.1370697324,0.3183375858,1
-1.0527223166,0.3111574883,0
1.0434640172,-0.4039250935,1
-0.3937796461,0.5705264454,0
1.2674117738,0.2818461796,0
0.8905435018,-0.5828424904,1
0.1459795314,1.3322853625,0
0.3218627958,-0.0087163157,1
0.4259368048,0.5017889010,1
0.3000112139,1.1152559424,0
-0.4336087133,0.9645462965,0
-0.3160381207,0.8218576092,0
1.5046160265,-0.1133466893,1
0.3594797313,0.9953472787,0
1.9655850755,0.5260518161,1
0.6786090827,0.3786719287,0
0.8453598808,-0.1304133489,1
1.7029373663,-0.4313722238,1
1.5172901210,-0.6813464166,1
-0.7128319194,0.2720567990,0
-0.7771654799,0.7646906306,0
0.4802217987,-0.3296071776,1
0.5757342521,0.5040633441,0
1.9184419575,-0.1157078482,1
-1.2396281167,0.3709515040,0
2.3416161585,0.4069937471,1
-0.4155721178,0.8714731564,0
2.1827904745,0.5769115933,1
0.2332457455,0.7962100074,0
-0.1284469667,0.6313099141,0
1.0213359413,0.3967402861,0
0.5834049496,0.1305897688,0
2.1321559755,0.2415805702,1
0.0183118034,0.7728192252,0
2.1454289104,-0.0636065399,1
-0.5008666175,0.7259739100,0
-0.0221636525,1.2356080388,0
0.6639755400,0.7381400112,0
-0.2785812382,0.8878451858,0
0.4621333573,0.7221785401,0
1.2044990433,0.0903581905,0
-0.5895330085,0.4456842243,0
-0.9989131988,0.8622723887,0
0.0238479516,-0.2937941988,1
1.0849279387,0.6933497906,0
1.5645123406,-0.6081159507,1
0.5914908794,0.6116697440,0
1.7766750737,-0.4801973753,1
0.6486393411,-0.5010717313,1
1.0049295778,0.2448543804,0
0.4630907701,0.1617525849,0
0.9811847169,-0.3887669767,1
0.5519831878,0.7311760102,0
0.5990790955,1.0606298385,0
0.5064675459,0.5816584938,0
2.0128676725,0.6437929178,1
1.9114201907,-0.6725828497,1
1.0341470102,0.1007034196,0
0.3318087926,-0.3991044664,1
1.5630662784,0.1524629258,1
0.5164791403,-0.6509075584,1
0.0244152935,0.3007911408,1
1.0326985112,0.2686528082,0
-0.1769801764,1.0168505307,0
1.1154474526,0.6743348853,0
-0.7917740693,0.0236743165,0
-0.8165895661,0.5389339468,0
-0.1458646086,0.8891125888,0
-0.3925206613,0.5534773166,0
-0.3367537802,0.6151438082,0
-0.2615418791,0.1850285329,1
0.9363313759,-0.1795073775,1
-0.8555025348,0.5374209079,0
1.0817440705,0.1224687319,0
0.9172758252,-0.6542842530,1
0.7372047304,-0.5863629254,1
0.0558314415,-0.2130626958,1
-0.0801103061,1.2301313167,0
1.7290541568,0.0651941252,1
0.0273368478,0.9879411537,0
-0.5132083185,0.4693606914,0
-0.6864149518,0.6311072220,0
1.2401014708,0.3017000771,0
-0.5806186393,0.9800156927,0
-0.0927753917,1.0608913777,0
0.8748401139,0.1903518012,0
-0.8467646395,0.2740529885,0
1.6216601624,0.2598787261,1
2.1728341511,-0.1155806980,1
-0.7433154289,0.9939902708,0
0.3743738378,-0.4504988134,1
0.8741781417,0.4262674531,0
-1.0817803744,0.2736217183,0
1.0525260475,-0.3037437357,1
0.7255040811,-0.7322149491,1
-0.6109293816,0.3963655448,0
1.0741267232,-0.7019979189,1
0.8383037814,0.6210407261,0
-1.0709674718,0.5360143191,0
2.1995084672,0.2281096041,1
1.5547502348,-0.3757973309,1
0.3868663668,0.6394046620,0
1.0860118519,-0.7003710466,1
-0.0770285870,1.0388493071,0
1.9180192986,0.3355521968,1
0.9778498249,0.5643900550,0
1.7575081272,-0.3096731751,1
0.5574678218,-0.7413295193,1
0.0848730149,-0.1802197029,1
1.3258596379,-0.5297408390,1
-0.4459720677,0.7219501407,0
-1.3379927703,0.6988980247,0
0.3911733480,-0.2676151001,1
1.9805157764,0.3571516403,1
0.0445979601,-0.3040096960,1
-0.1626141434,1.1221756581,0
-0.7145700502,0.2390128017,0
0.4797976104,0.2274269297,0
-0.7283158442,0.5707704494,0
0.5154216913,-0.3916649328,1
0.0977489523,0.3661170750,1
-0.6556295440,0.6735861761,0
0.6468649059,-0.6320501632,1
1.3707187858,-0.4336783031,1
-0.2626188282,0.1639206718,1
0.4291752504,-0.0146678939,1
-0.5963612906,1.0320621508,0
0.8462987630,-0.6138933660,1
0.8528450731,-0.6364053497,1
-0.9233963320,0.9224056288,0
-0.8021865322,0.7289531331,0
0.5266692225,-0.6032393292,1
1.8873016032,-0.2670983427,1
-0.6740013752,0.7291978693,0
1.5814621728,-0.4577500495,1
0.9491088212,0.2722526743,0
1.5845056717,-0.4118935897,1
-0.7759026950,0.4567516966,0
0.1088365583,0.5311697222,0
-0.2429963707,0.7043624670,0
2.1083353754,-0.1281599988,1
-0.6548196391,0.6089452685,0
1.3416344708,-0.5857872880,1
1.5999074364,0.0198196764,1
-1.4976282238,0.1209084205,0
-0.8769125414,0.3497586686,0
-0.3303586517,0.9411172844,0
0.4469364346,0.7520615640,0
-0.2442034757,1.0960162531,0
0.8204302066,0.7592459246,0
-0.9664699195,0.7133972578,0
0.7676880881,0.5931027017,0
1.6339648269,-0.6451076641,1
0.4045278040,-0.1302808533,1
2.3237093822,0.8305296048,1
1.3192649166,-0.3146427145,1
1.0749035622,-0.0122990410,0
-1.2662535854,0.2331023417,0
0.7076945200,-0.4253123373,1
0.4653568593,-0.0671843694,1
0.2350559736,0.7076975344,1
1.3281357981,-0.6996925080,1
1.9119243054,-0.2226218923,1
2.2106520289,0.1712508877,1
0.8493222876,-0.7681521852,1
1.4790081130,-0.3174559465,1
1.3339232563,-0.5488100901,1
-1.2374910058,0.8475464425,0
2.3827027456,0.8327083236,1
0.4876546457,-0.3737710879,1
-0.2261959294,1.0174718933,0
0.8696485403,0.1518854884,0
0.3464571299,-0.1069391046,1
-0.6547463244,0.6938561314,0
0.5661965884,0.7287504594,0
-0.4031637714,1.2855158076,0
1.4197271824,-0.2378989850,1
-0.6129494600,0.9638804545,0
0.2687379535,0.5055026938,0
0.6470529425,-0.5887152863,1
0.7398061298,-0.0231701969,0
0.4108098647,0.9699234954,0
-0.8247796097,0.5115797533,0
2.4107998190,0.2756776451,1
-0.2458650718,1.2593226655,0
-0.3731746621,1.1299092802,0
0.7204305992,0.1935268205,0
0.7957963106,-0.4428061366,1
0.1782032009,-0.0549467717,1
1.9831075153,0.2915679484,1
-0.7234019160,0.6703360803,0
0.9908710417,-0.1533902203,0
0.9545781191,0.7314930362,0
-0.3675824385,0.6149237772,0
0.3153934065,0.0627765656,1
0.8995164650,0.4672986337,0
-0.0628209216,-0.5595944765,1
0.6221584519,0.0563985348,1
1.0443743230,-0.7614619158,1
1.9242152308,0.2065739428,1
1.6149431548,-0.2611641389,1
-0.2179960679,-0.0068978940,1
0.7808596424,-0.1945581031,0
0.4878649792,0.9373988876,0
0.2786492886,-0.4266910689,1
0.8496293728,-0.2996304227,1
0.2790860854,1.1183624435,0
0.8819776071,0.9790181738,0
-0.0933912695,0.2558812394,1
1.2294784622,0.3632142274,0
0.9999678541,0.4333861315,0
0.1082845067,0.4786348521,1
-1.0828523633,0.7321078604,0
2.3353585874,0.6070138178,1
0.3613374040,0.8337682942,0
1.9432889980,-0.4323961392,1
-0.4774261561,0.8222953105,0
0.0332903850,0.7389966296,0
0.6392926651,-0.8057980936,1
1.2172401064,-0.0902658517,1
1.2231815303,-0.6226505908,1
0.2600011267,-0.1227037270,1
-0.0965432175,-0.3695635943,1
0.5390945176,-0.5302608044,1
-0.3941066343,0.4662574833,0
1.6076305431,-0.1654798009,1
1.7540308282,-0.3689473131,1
1.5921687852,-0.3736360517,1
0.0274278855,-0.3909496010,1
0.8005137390,0.6698095354,0
0.1402116806,0.2168405355,1
0.8200858041,0.7906807551,0
0.8631981621,-0.3792199153,1
1.0532454487,0.0440272860,0
1.4866434979,-0.5675234018,1
0.3983450872,0.8558248856,0
1.8718003931,-0.1350262132,1
0.4086599348,1.0758385034,0
0.8315930086,0.8399451894,0
2.2380339580,0.2263621328,1
0.1084681923,-0.2931382326,1
-0.2788883628,0.5548474822,0
-0.1676164155,-0.3810840715,1
1.7897215617,-0.0307629664,1
-0.1813812215,0.6921188275,0
0.8330918322,0.6537929220,0
-0.9530919073,0.5014689472,0
-0.1433332659,0.3548081639,1
0.1309015508,-0.3667028730,1
1.8350944870,-0.3273148251,1
-0.0498548601,0.8585944898,0
-0.1365902978,0.0170251244,1
0.7155984939,0.6577123363,0
-0.7317763265,-0.1233305065,0
0.4737293262,-0.3725132244,1
0.0519109710,0.2666105353,1
1.6744865890,-0.2078315181,1
-0.7068703086,0.6912045550,0
0.2384365713,1.0000535832,0
1.1909113018,-0.7962782519,1
0.7085397094,-0.0055145935,0
0.4554117149,-0.3879873152,1
1.7519293791,-0.5896128629,1
2.1036027136,0.4401835465,1
-0.5134048769,0.7609957182,0
1.0817896408,-0.3540796229,1
-0.4560555324,1.0326695573,0
-0.1772466704,0.7641566026,0
-0.3867613895,1.0628963950,0
0.1068591895,0.5616713765,1
0.0822067362,0.2699301380,1
1.3347845038,-0.1808787032,0
-0.9383610120,0.1776692413,0
1.6607384281,0.0003542729,1
1.0982967647,-0.6297687287,1
2.2560127342,0.0658608026,1
1.1752517862,0.5109083467,0
0.9578735830,0.0785786574,0
1.9274948894,0.5084589150,1
0.8990077595,-0.6927930919,1
0.4050260513,1.2359203007,0
-0.6249014597,1.4444602252,0
0.3520338444,1.0641262679,0
0.7426808620,-0.7737151682,1
-0.3488046130,0.0322091988,1
-0.4699986113,1.1086477361,0
-0.4304637356,0.7830869747,0
-0.1626348924,0.3903382705,1
0.2639563192,0.7712708879,0
0.3959204905,-0.4973330243,1
-0.0782003291,1.3040956911,0
0.2382290547,0.8574328532,0
0.6179317032,-0.2579054336,1
-0.1650185128,1.1623225103,0
-0.3649171217,0.8742560334,0
0.6982446106,-0.8682398010,1
1.7901120107,-0.2801696898,1
-0.6883381290,0.4712902081,0
0.8078622947,0.3181930826,0
1.1989094773,-0.6546331632,1
1.1417699348,-0.7302162508,1
-0.7725496330,0.6883811675,0
1.4385886824,0.0104552402,1
-0.7259523201,1.0100573398,0
-0.8070743711,0.0992430340,0
2.2738275808,0.1926219466,1
1.4616744443,-0.3338302995,1
0.0789438514,0.9678288286,0
1.1678265936,-0.0379105416,1
0.2665770224,1.4529347813,0
-0.6543571232,0.8052978796,0
0.4031746434,1.0954730750,0
0.7664957789,0.3445351323,0
-0.4366974482,0.9389141823,0
-1.3409818812,0.2794549566,0
-1.3460069206,0.1927863744,0
1.1911912827,0.3949789083,0
-0.8345854366,0.4452266949,0
1.2058245526,-0.2100584073,1
-0.6032416765,0.1054733550,0
1.6961187979,-0.5083664444,1
0.0425875856,1.1461972594,0
-1.1450116853,0.0319263089,0
0.2420692604,0.9405511479,0
0.1224797782,-0.2760713336,1
0.1298504131,-0.0370292509,1
1.1938289967,-1.1028831109,1
0.4894213015,-0.5258076235,1
-0.4744094144,0.8189459097,0
0.6321932886,0.4739909969,0
1.0236984483,0.1586586025,0
1.1563743680,-0.4995666042,1
0.2185072846,-0.3535689677,1
0.9266359775,0.6890834779,0
-0.7159761437,0.7039041247,0
-0.8759342457,-0.3884368784,0
0.7432063995,0.1294503394,0
0.6618055884,0.9123197431,0
0.3221935521,0.9969686378,0
0.2895221879,0.9575208447,0
1.0242896915,-0.2199607752,0
0.3554984403,-0.0722797639,1
-0.4097291801,1.1322810522,0
0.5109158402,0.6836183777,0
0.8790676560,0.6645994761,0
0.6758856077,0.4937117754,0
1.0551295095,0.1463117052,0
-0.2190698397,0.8680670841,0
0.7264468889,0.8851081092,0
2.0307019612,0.0062045267,1
2.1085021043,0.7634525442,1
2.2194226180,-0.2860124515,1
1.4535922901,0.0238889749,1
0.0188879414,-0.0606435454,1
2.3559357117,0.7248783860,1
-1.1514252994,0.4871347592,0
1.6637184501,0.0002416591,1
-0.7468412122,0.1671956087,0
1.3685489705,-0.1924653505,1
1.1599654482,-0.7040270455,1
1.0878533402,0.2030297133,0
-0.8505767327,0.3991019123,0
1.5808684952,-0.3186872967,1
0.0138275743,0.7797549389,0
1.5216291803,-0.3802387465,1
0.6561549858,0.7220719570,0
0.7710183061,-0.2104908817,1
1.1265851323,0.0550901352,0
0.1205557121,0.2583514258,1
0.1759223311,0.4768615626,1
-0.8999251699,0.0185578239,0
0.6045868576,-0.3900692334,1
0.7454602194,-0.3071826254,1
0.5391902242,-0.0464221538,1
0.0952914310,0.7679644901,0
-0.1357412568,0.8518211627,1
0.9526186446,-0.2029908083,1
1.1566806008,0.3655169423,0
0.2327576136,0.6753285215,1
1.2685259538,-0.7182626507,1
1.0807748643,-0.3272093425,1
1.5415295430,-0.1886835580,1
-0.1149817008,0.7544503710,0
-0.4109379619,0.3674171302,0
-1.1324970344,0.1623568093,0
0.7924985155,-0.8164094066,1
0.3983837036,1.1223014269,0
0.4851871983,0.4849074218,1
-0.7392597075,0.4929715092,0
-0.2327720453,0.9582798927,0
-1.2874351481,0.2455026444,0
0.3360404574,1.1731104841,0
1.8532999346,-0.0414917302,1
-1.1527397557,0.4905047786,0
2.0355430259,-0.2669694639,1
0.2980146091,1.1923097794,0
-0.1504807574,0.4884792838,1
0.9055154216,-0.0742575624,0
1.0127888048,-0.2807394132,1
-0.6636686705,0.4145356187,0
-0.0632259484,-0.5860459669,1
1.4963832346,-0.5053145908,1
1.5028325136,0.3434443482,0
0.0260013033,0.0074716195,1
-0.1977445046,0.5044308582,0
0.5446901353,1.2463128650,0
0.3963805811,-0.3458446557,1
1.5394821193,-0.2804874612,1
0.2582977239,-0.2501938643,1
-0.3250227289,1.1471354658,0
-1.0834341973,0.7270820474,0
-0.5744026210,0.6350366218,0
0.5141688195,-0.2985826754,1
-0.8322481906,0.5260635797,0
1.9085255641,-0.3040634221,1
0.1009611384,-0.4818126385,1
0.9164744201,-0.7876639769,1
0.7549360366,-0.5179629982,1
-0.7918041843,0.5063855135,0
0.8704463282,0.2863967046,0
1.0324341888,0.9651379691,0
0.4993545724,1.1616936067,0
0.3720602204,1.2568960130,0
0.8509537675,0.7020583751,0
0.5476153641,-0.5326327815,1
0.6532255185,0.4748240384,0
0.4117972021,1.0841785727,0
2.1062788398,0.1608976119,1
-1.2107109231,0.4747876164,0
-0.0378803406,0.7244625780,1
-0.4279239879,0.3182244988,0
0.8802647231,0.5883461473,0
0.2638844190,0.3639142585,1
0.8585950586,0.7365310489,0
0.1974990450,0.6747918381,0
-1.0255349227,0.1601441104,0
-0.5386154300,1.1335894739,0
-1.2060018581,-0.0919956032,0
1.8015372716,0.1515887997,1
-0.1680951205,0.1728841753,1
2.1461347758,-0.1453125562,1
0.4274899033,0.1019026135,1
1.0941359419,0.2050280833,0
-0.1744383895,0.1075579717,1
0.3677065464,0.0686561275,1
0.5363798729,0.6369629269,0
2.0818413133,0.1110608885,1
-0.8813391309,0.0193228152,0
1.8892260584,-0.1251105056,1
0.0092328904,1.1772019043,0
0.6522957490,-0.3561562117,1
-0.3142446255,0.8663025156,0
-0.0032763819,-0.1612417909,1
1.6501945997,-0.2254854790,1
-0.0022527943,1.0315066255,0
0.4731366440,1.3346984353,0
-0.1121342444,1.0421752372,0
0.6522994312,1.0357735063,0
-0.5131044357,1.1476163441,0
0.6039869807,0.5214680550,0
0.5167990664,0.4971554385,0
-1.0967554839,0.1502285711,0
1.6101263005,0.6907093186,1
0.8327739079,-0.2416125294,1
0.8820588588,-0.2150804675,1
-0.3859600477,1.4027252856,0
0.7033282500,0.8545939916,0
0.5089277304,-0.3792528280,1
1.3157209447,-0.7905833716,1
1.0435575465,0.3374896143,0
0.7816315196,0.3972556646,0
0.3980189549,0.8791165760,0
1.8707901245,-0.3012666822,1
1.8224880348,-0.1024952865,1
0.5822952744,-0.2576484919,1
-0.7339630353,0.4342040434,0
1.0354840248,0.5842810200,0
-0.8363253969,-0.0595007598,0
0.8585084823,-0.4778277755,1
0.9357980167,0.9959234043,0
2.0067803594,-0.2568472357,1
0.5490400699,0.6521590451,0
0.9826940122,-0.5575846629,1
-0.8973198650,0.0339172114,0
-0.7952857042,0.3531396976,0
-0.0448459949,1.6137881392,0
0.7334612654,0.3465001030,0
-0.0177639358,0.5714830275,0
0.0348606708,0.9783711894,0
2.0280055041,0.0680188718,1
-0.5737022799,0.8002106815,0
0.6848125040,0.6326677910,0
1.2149975332,-0.4972252149,1
0.6116700269,0.8189820024,0
0.0509729350,0.6025082904,1
-1.5342565037,0.3461758160,0
-0.8519536470,0.6021661968,0
1.9740720505,-0.0451869918,1
-0.3902738226,-0.0949235367,1
2.0848576876,-0.3237681036,1
1.2836372749,0.0340782552,0
1.9512062568,0.8244064910,1
0.5934629840,-0.6837383860,1
0.9944444744,0.4629148012,0
0.8778933922,0.4993611473,0
0.2475034918,-0.8422607840,1
1.3602278127,0.0273863356,0
0.7687138744,0.0728959757,0
0.5079978619,-0.2627768649,1
1.1926701964,-0.7172214929,1
0.7077320351,0.4410276594,0
-0.8166250422,0.3793453469,0
0.2403563592,-0.2347665681,1
1.2485515607,-0.2276722902,1
0.0641853117,0.2054497003,1
-0.9968909423,0.4036839129,0
0.2020571415,-0.3725395259,1
0.5656561607,0.7794841754,0
0.2687589498,0.0172749753,1
-0.0101737764,1.0964714374,0
0.5691047592,0.0647253663,1
1.1725428324,-0.5009365621,1
1.0086864168,-0.5354619752,1
0.9080726660,0.6856472897,0
-1.1807862071,0.4423199591,0
0.4829692036,1.0548777153,0
0.0876069837,0.1229594609,0
0.7173192746,-0.1555605993,1
1.8600218466,-0.5434967500,1
1.3605917827,0.0317133757,1
0.6111152816,0.8724539629,0
0.8362000124,-0.8718544063,1
1.0193487142,0.2024269880,0
0.8385276019,-0.4337535390,1
1.0482583144,0.0533084697,0
0.5361073494,0.8493726020,0
0.8694711902,0.4879648315,0
1.5286508951,-0.2093367222,1
0.4939824929,0.9179510885,0
0.5235346542,-0.1474694601,1
0.2111012423,1.3239618753,0
2.2234820924,-0.0849320583,1
-0.5731650481,1.0143112603,0
0.7282801812,0.7382756039,0
-0.8183309262,0.7682273790,0
0.6771371784,-0.6411056664,1
-0.1291555638,0.1374075380,1
-0.9796315302,1.1117882432,0
0.5918865878,1.0071507064,0
-0.5976936655,0.8814011655,0
-1.0648957513,0.1478640542,0
0.5094623952,0.9098109566,0
-0.1333656621,0.2238673905,1
1.6406536192,-0.4114407387,1
0.0315100744,-0.0128690455,1
0.4082089130,0.7496889650,0
1.4996682153,0.2876191401,0
-0.8195745987,0.6380227239,0
0.3347497611,-0.1849784270,1
0.1353258773,-0.1292832706,1
1.0336589188,-0.5015077798,1
0.8818583261,-0.1922180545,0
0.4720013923,-0.1924921338,1
1.6194226423,-0.3155112361,1
0.2787116061,-0.1003181050,1
-0.2751345380,0.4152396610,0
0.2786293721,1.1482999122,0
-0.2952215541,0.1494168230,1
0.9943110046,0.1466418307,0
1.2139240334,-0.3913704084,1
1.5823502041,-0.3410394668,1
0.7463154195,0.1080003824,0
-0.8784884215,0.2771870664,0
-0.8719530663,0.1633879221,0
-0.4360949011,0.8401995997,0
-0.0098605548,1.1059704179,0
0.6234749062,-0.5386679184,1
0.9453582210,0.5295342243,0
0.1376769549,0.0893806188,1
0.7778767967,0.6160626860,0
0.5383251692,-0.8495171837,1
-0.4280882139,0.6777011971,0
-0.6135511578,1.0962095926,0
1.7175730961,-0.1328681432,1
-0.0758442507,0.8217025563,0
0.7955228824,0.4455181768,0
0.1064920664,1.1615220808,0
1.9114438843,-0.1543355537,1
0.4945668895,-0.2674921621,1
0.3100462350,-0.3510546477,1
0.5543595421,0.2462826804,0
0.5348347941,-0.3439500228,1
1.2534433541,-0.8348540919,1
0.7696445264,0.7575041094,0
-0.5355354892,0.9424771222,0
-0.2063583653,0.9656802489,0
0.1887970530,1.2046091430,0
2.0236252281,-0.1443082064,1
-0.6553238371,0.5342403838,0
1.1694165713,-0.2229726221,1
0.1058956580,0.8247392785,0
-0.0309628695,-0.0050723132,1
2.0148411327,0.2001864075,1
0.1533017439,0.7273251519,0
2.1601847289,-0.0130482640,1
0.3219347943,0.3035495375,1
-0.1339937793,-0.1390124877,1
1.3385707532,-1.0110902584,1
-0.1727038877,-0.1792546064,1
0.6613073896,-0.5500495225,1
-0.9562431808,0.0972196690,0
-0.1675235106,1.4118006454,0
1.2532206422,-0.4829012688,1
0.0390513135,-0.0038451591,1
0.2231268525,0.7405826834,0
1.0428588549,-0.5665137971,1
1.5342964337,-0.3097983233,1
0.7959202697,-0.3238484303,1
0.9006882128,0.9281672035,0
2.1368131386,0.1515891921,1
0.8784687238,0.7579727250,0
0.7588456240,-0.1663888908,1
-0.5971246383,0.8314331706,0
-1.1731999156,0.8039417731,0
2.2923034641,-0.2419668687,1
0.6634232265,-0.1864241167,1
1.6939461052,-0.0541789263,1
0.4384574430,0.5893265539,0
1.3405021436,0.0519833741,1
-0.6835140341,0.9546832115,0
1.5858232807,-0.1325059910,1
0.3824210202,0.7604430642,0
0.4529744643,1.0793824897,0
0.2574619719,1.1413110261,0
0.8724648714,-0.5076283410,1
-0.6230691841,0.9763949937,0
0.8982443952,0.8873880875,0
1.6975199149,-0.2294290835,1
1.1921788336,-0.1220751306,1
0.3898927493,-0.3533553254,1
0.4023589365,-0.1151147256,1
1.7264783735,-0.6737456370,1
1.4619990826,-0.5662755365,1
-0.1388992353,0.5522068845,1
1.3605729297,-0.5133277196,1
-0.4933735982,0.6741718719,0
1.4882858257,-0.3373445668,1
0.1894977114,0.8324103392,0
1.9016084802,-0.1835672987,1
-0.0890086235,0.8540430006,0
-0.2488897284,0.2861478055,1
0.4088319748,0.1494995915,1
-0.0039330013,0.6745460047,0
0.1977595807,1.0047837718,0
0.0324163384,0.1090415957,1
0.0757840190,0.7934205829,0
-1.1422348189,-0.2577110418,0
-0.3045521103,0.4940523804,1
-0.4770709648,1.1054502975,0
1.5499420095,-0.3288748280,1
0.0566184320,1.0912245123,0
0.7079389449,0.9544887057,0
-0.6630462593,0.8137502915,0
1.2280447474,-0.2177729166,1
-0.4270757860,0.8165719688,0
0.1827501059,-0.4178831453,1
0.4050389316,-0.5146734479,1
-0.5178689198,0.8715045125,0
1.9935400622,0.4970432912,1
-0.9772983655,0.4240740656,0
1.6563984385,0.0505456649,1
-0.6918516825,0.6370717749,0
-0.1821189271,0.0013447652,1
0.1860353073,-0.0058437604,1
-0.3590339403,0.6956883823,0
0.5414637574,-0.1297262136,1
0.4189843613,-0.4162454800,1
-0.3531685062,0.8971263403,0
0.2906726025,0.6024544032,1
0.8339078912,-0.3615955607,1
1.0032562512,-0.6164398962,1
-0.5915166257,0.5620933055,0
0.4188185735,-0.6733310104,1
-0.1628831723,-0.0442350325,1
-0.6647394643,0.2062215838,0
1.8155279213,-0.0608144177,1
1.0716827648,0.9663698949,0
-0.6007610872,0.9252656019,0
0.7209265815,0.2336750871,0
1.8126486268,-0.0207115615,1
1.8817321476,-0.3461865613,1
-0.5137390224,0.5729939907,0
1.4798992046,-0.5080266303,1
0.5192513872,-0.3347632242,1
0.5699100986,-0.3404662960,1
-0.7114203113,0.5038929074,0
1.3950776741,-0.4521310675,1
-0.8500521871,0.6303803828,0
1.4031844204,-0.2361576464,1
-0.1972813504,1.3510144315,0
0.2670178563,0.2897574735,1
0.1367928476,0.6517428011,1
0.8164787496,0.5583509717,0
-0.2432902792,0.8852572727,0
0.3058150316,-0.0384013406,1
1.1908593033,-0.5415955531,1
1.6276831335,-0.4837073766,1
0.3190689146,0.6168926620,0
0.9954684952,-0.5873556175,1
-0.4026597166,0.6234452045,0
1.6623708318,-0.8882381135,1
1.5327387669,0.1161973705,1
1.5610812406,-0.2535196544,1
-0.4621894985,0.6304552022,1
-0.3252966439,1.2536039920,0
1.6416647620,-0.4352310707,1
0.3051766372,1.0867447106,0
-0.9680903276,0.0006472558,0
1.2196294750,-0.1148000520,0
0.6901069778,0.5950852351,0
-0.2348657358,1.3801985657,0
1.9836804672,0.3587761693,1
-0.2787546354,0.9516232607,0
0.0682047039,-0.0464042894,1
1.0294788747,-0.5329036878,1
1.6662469658,-0.1408543635,1
0.8974862600,0.7889232600,0
0.7850397495,-0.2530111299,1
-1.0977382962,0.0832601516,0
-0.7194419115,0.7200840646,0
0.9822751850,0.0971486580,0
1.5266523626,-0.3463148387,1
2.4792039154,0.3217055808,1
1.5763085510,0.2523838076,1
0.6234375913,0.8391126429,0
1.8243055775,-0.3489824393,1
-0.2256202453,0.9617469108,0
-0.6330418043,0.6674610309,0
-0.9829385984,0.0599072667,0
-0.3113213266,-0.3326273140,1
-0.1034224047,1.0391469021,0
0.8275802467,0.6938283052,0
1.1199896895,-0.1778298636,0
1.2089720161,0.3946378022,0
1.0748970573,-0.2827191744,1
-0.0075846263,0.5894846232,1
2.2138051841,0.1894476810,1
-1.5741877869,0.2888223939,0
-0.5918312324,0.6761128112,0
-0.0775590559,-0.0077430971,1
-0.4725408777,0.4468749937,0
-0.1705342894,0.4918739498,1
-0.9790960233,-0.0086051345,0
-0.8292012291,0.8076642153,0
0.5575657815,-0.4315699584,1
-1.2620237534,0.2424132709,0
0.7083447374,-0.5521509322,1
1.5409250137,-0.5263408762,1
2.2549798935,-0.2689404497,1
-0.0065345533,0.9102497085,0
0.7525641507,0.6894186327,0
-1.0758398423,0.6683873907,0
2.0199319586,0.4791921530,1
-0.7220513819,0.7987321214,0
1.2040224846,-0.3786259742,1
-0.1599153430,0.8958751648,0
-0.5774032974,-0.1656048010,1
-0.3995924472,0.6774236002,0
-0.2622671918,0.4901205045,0
0.4399458137,-0.3395564031,1
0.8365164580,0.1783943286,0
0.8739402161,-0.1148107619,0
0.2232346445,0.1008780810,1
-0.8408847448,0.5814881701,0
2.0523643873,0.0266537840,1
0.7141875802,-0.4562130839,1
-0.5441689540,0.3204362618,0
1.0383895626,-0.2782444932,1
-0.0988583936,0.0380228007,1
0.1127758270,1.0972484935,0
0.1836054369,-0.3453499463,1
1.5822255457,-0.6023926761,1
2.1472886107,-0.0916890053,1
1.6621047320,-0.2847048260,1
2.0896686393,-0.0217153558,1
0.8836005062,0.3806852646,0
-1.3361927878,0.6259707342,0
0.7026716734,-0.5601740773,1
-0.6044225836,0.6345298750,0
1.1197672846,0.7101949727,0
-0.0698396344,0.5983700714,1
0.6559460509,0.3750771143,0
-0.4766666754,1.2511948377,0
0.8499147571,0.7573909643,0
1.1933437868,-0.1854450304,1
1.8235748432,-0.1533052990,1
2.0993231805,-0.0498822923,1
-0.2136865233,1.1445532819,0
1.6743149914,-0.4027878612,1
1.6105782301,-0.0461801611,1
-1.1988527675,-0.4868119583,0
0.2364936614,-0.1064651574,1
1.8075898269,-0.0524345950,1
-1.0293704371,0.5233926567,0
0.9640148721,0.0832916007,0
-0.9462216130,0.5016400928,0
1.0064470598,-0.1873348403,1
-0.6959089134,0.6402783392,0
0.1652873912,-0.0968456530,1
-0.9973109397,0.9254747752,0
-0.2855218003,0.5162680878,0
0.9459786182,0.3448498753,0
1.6817928259,-0.4795548778,1
1.8278596252,-0.3512317669,1
0.6094951466,1.0587241452,0
0.3759428077,0.9600547640,0
0.4995529645,1.2588295566,0
2.0311990579,0.6646653632,1
0.8567107211,0.1105707370,0
0.7923473219,-0.9718496915,1
1.3513390337,-0.3671952930,1
0.0430205341,1.1910596710,0
1.0183547300,-0.3426562586,1
1.9311884040,-0.0298894156,1
-0.3545793742,0.7103232756,0
0.8667771667,0.3290378668,0
-1.3871848077,0.4392289588,0
-0.0228999151,0.9473412162,0
-0.2301014309,-0.0904370367,1
0.1082941565,-0.0929990856,1
0.6504771088,-0.4382642507,1
-0.2126241189,1.1404426748,0
1.2207345216,-0.0525959263,1
0.3272221003,1.0366968402,0
0.5592532533,0.5096108681,0
0.2552667955,0.3888204023,0
-1.0659178239,0.0568738972,0
0.7683789688,-0.5164426552,1
-0.3039182216,0.3842074307,1
1.7539073829,-0.7294496977,1
0.8997621342,0.0352588115,0
1.5744850428,-0.8194601155,1
0.1579390831,0.4589367954,1
-0.5090060954,0.7386390426,0
0.4334185747,0.3431359394,0
-0.8513770472,0.3738430959,0
1.2549531781,-0.0252853008,0
1.6459716004,0.2118177065,1
1.7120918401,0.2300811073,1
0.9988054727,-0.5700713199,1
0.4900581689,-0.0915729410,1
1.1280445226,-0.4695487518,1
0.9280381763,0.4213385561,0
2.0460435876,0.2094159793,1
0.0202404298,-0.0654675918,1
0.5536207573,-0.1017352206,1
1.3929180371,-0.1120659519,1
0.4097638642,-0.2373581207,1
-1.2051830015,0.6423014542,0
1.6382908175,-0.0961245179,1
-0.3922066819,0.1691711462,0
2.0307353765,-0.0576063957,1
-0.6518645456,0.5421924301,0
-0.1637890195,-0.0446086043,1
0.5734995731,-0.6004592562,1
2.1201929228,0.6303780690,1
1.8546564057,0.0346602062,1
-0.5986017720,0.9335337412,0
-0.9911302738,0.3400970714,0
0.0904826246,-0.1561789138,1
1.3909372753,-0.0832883100,0
0.5163226724,0.0168117672,1
1.1252136108,-0.0036964716,1
-0.4901127487,0.6909639289,0
0.2879110080,0.0417793612,1
1.0000023675,0.3590383277,0
0.8170646855,-0.8222051923,1
0.4932655056,0.0843906371,1
-0.6541779532,0.8232455013,0
1.5263142739,-0.5183400256,1
1.9840174691,0.6816436409,1
0.8219330984,-0.1670337495,0
-0.6694254553,0.1324516199,0
0.6900344926,0.6753729993,0
0.4248359780,0.6571372373,0
1.7918438358,-0.2659526518,1
1.9406025269,-0.0017552194,1
1.1188645248,0.1899813697,0
-1.1332276657,0.8995166244,0
-0.9383111755,0.8404147778,0
1.3618435113,0.0986210879,0
-0.1564461226,0.9924339124,0
0.4007774267,0.6234323375,0
0.0531749390,0.2734336120,1
-0.1688419102,1.3020618141,0
-0.1508325742,0.5305396826,1
0.6975867026,0.9979622061,0
0.3292152632,0.2797069298,1
0.4857578520,0.4132167754,0
2.2143521095,0.5941158601,1
2.0278394676,-0.0561804458,1
-1.0225193594,0.2433878544,0
-0.7745917560,1.0270386317,0
0.5841132179,-0.4950922353,1
-0.9601619838,0.6001462393,0
1.1099217832,-0.5041004835,1
0.7790708651,-0.4421103315,1
0.4116827646,-0.1603028070,1
0.5268261862,-0.1980619049,1
1.9041473259,-0.0084759660,1
-0.9219306198,0.6953666452,0
-0.0125571255,0.0209991819,1
1.2449889803,-0.1926140782,1
-0.1998015250,0.6507611174,0
0.0518957005,0.0515326040,1
0.5282351935,0.7780016898,0
-1.6512328686,-0.0709701502,0
-0.4996647976,1.3165586003,0
0.4672658949,0.1020709894,1
1.6856291522,-0.3117504360,1
0.1202707638,0.2862286941,1
0.6732240907,-0.7600173903,1
-0.8370199277,0.4277586649,0
1.0437169795,-0.1167840464,1
0.9531875674,-0.1859048213,0
-0.8407025131,0.8804880373,0
0.2353732980,-0.0517769829,1
1.5798599801,0.2923333692,1
0.3512317328,0.9533813672,0
-0.9777147432,-0.0548713191,0
1.9925509475,-0.1758694820,1
0.1176969092,0.0924268791,1
0.8899236561,0.5181629936,0
1.6781766457,0.8876201540,1
1.3664237114,-0.1799605084,1
0.2559350757,0.5017079415,1
0.9942252816,-0.6545544068,1
1.5510071584,-0.3310546323,1
0.1527490777,0.5722178224,1
0.1158653855,0.1146879551,1
0.1843895645,1.0329111255,0
0.2009043229,0.7079799063,0
-0.7234357140,0.8255995507,0
1.5120216615,0.0739032860,1
-0.7704683713,0.3895752401,0
0.3802039080,0.6351509150,0
-0.4257259015,1.0410703991,0
2.4410978166,0.2056455301,1
0.5356857244,-0.1551325757,1
-1.1851387799,0.6024581864,0
-0.5223218205,1.2961035689,0
-0.6507096933,1.1542361367,0
0.3842700395,0.2168786591,1
0.1914055626,-0.3082841362,1
0.9321214470,0.7746265724,0
0.8188179582,-0.2949700076,1
0.4678660924,-0.6002535491,1
-0.3832902096,0.9581999944,0
-0.8918809489,0.6228940243,0
0.0135624488,0.6412961897,1
0.5964146367,0.3788739825,0
1.6031001899,-0.5171752992,1
-0.0459587993,-0.5618518517,1
1.9397559728,0.4673228393,1
0.0787401852,0.1620001292,1
0.9711554390,0.3558669972,0
-0.8082356396,0.5878579994,0
0.5134365665,-0.2156125471,1
-1.1609173755,0.3999775146,0
-0.1393966810,0.9558141200,0
2.2218261254,0.4741883086,1
1.5682921677,-0.3031412842,1
-0.8654510477,0.0051515073,0
1.7925875607,0.2466850281,1
-0.5358178076,0.8488899445,0
0.8452908457,0.8624314498,0
-0.0646771228,1.3192840972,0
-0.6075305761,0.7945294487,0
1.3003962302,-0.2730366501,1
1.1825172352,0.2985277222,0
1.2791978551,-0.2373096862,1
0.3528414053,0.9647262850,0
1.9131969266,-0.6159279768,1
0.6622333265,0.3802916619,0
0.8654307454,0.1167679561,0
-0.7478086511,0.8725185564,0
0.5865094658,-0.1930517914,1
-0.4059846743,0.9050205808,0
1.9598311131,0.6168927049,1
0.7142925231,-0.3993134994,1
-1.1136030263,0.5137510727,0
1.9235279804,0.1338593679,1
-0.5412836749,0.7106219941,0
0.7808687721,-0.2883261585,1
1.6796454287,-0.3419062959,1
0.7989851522,0.8058532181,0
0.2018768163,-0.5319710919,1
1.0141263036,0.7632165231,0
-1.1329474185,0.1926417798,0
0.2783280277,0.0436450830,1
0.5596524294,0.7125537942,0
0.7263439379,0.2755261307,0
-0.0253073846,-0.1425967721,1
1.4714014768,0.1167780338,1
1.6628841510,0.1917387939,1
2.1402127193,0.5442977006,1
0.3981293030,0.6225067700,0
-1.3015523443,0.5725917640,0
0.2222073705,-0.2600575075,1
0.2960095966,0.6420838557,0
-1.0059484338,0.5798861861,0
0.9249631811,0.1410569611,0
1.8361017408,0.4337506022,1
0.2940630698,-0.0968799586,1
-1.0949527712,0.2974514411,0
0.1453544697,-0.0211320384,1
0.1162719931,-0.6586046561,1
1.9233060950,0.0147049638,1
1.2939488451,-0.6039704641,1
0.4300464331,0.2151416301,1
1.6796392186,-0.0022100882,1
0.7582301421,0.0718980395,0
1.6814651657,0.2519066883,1
0.1983306578,0.8143022501,0
1.9838481055,0.8520129659,1
1.8060516055,0.0524855105,1
0.8977631763,-0.8606082890,1
1.7625708934,-0.0508558066,1
0.1921063943,0.0310607386,1
0.3556196162,0.0248372451,1
2.1649870471,-0.0068219256,1
2.1191080553,0.5162532770,1
1.1721422357,0.0655744961,0
0.1773500562,0.8004181535,0
0.9015466241,-0.3358708920,1
-1.0329129219,0.5207021879,0
0.9297721967,0.0118485272,0
0.1399645506,-0.2094667953,1
-0.1677039289,0.7296408487,1
0.1965902024,0.3295506066,1
0.8579266757,0.7308160700,0
-0.7906901769,0.3773593130,0
1.3419933323,-0.6211950005,1
1.0615653586,0.3185113974,0
1.1891367834,0.0081939735,1
0.8207994346,0.8293288040,0
2.0991970685,0.4162763270,1
-1.1181650093,0.1667536454,0
1.5908701265,-0.5820140475,1
0.4580094974,-0.5142602533,1
0.5270899987,0.5975075012,0
0.8490165709,0.1803434553,0
1.2105374819,0.4843458584,0
0.2054189343,-0.4830870801,1
1.7915188167,0.0237438163,1
2.2284423981,0.1278451228,1
1.3910508386,0.1150332987,1
1.1940434595,-0.0396550542,0
-0.1363175018,1.3152196116,0
0.1648140135,0.9191209470,0
0.9308024935,0.2362089048,0
1.5624758681,0.1756737143,1
1.4569267826,-0.8274867800,1
0.6507676383,-0.4537856759,1
0.3451541959,-0.3107905068,1
1.8452233011,0.0250743406,1
0.1557997291,1.0924087745,0
1.1982852538,0.5107885002,0
1.9444363701,0.2248279872,1
-1.3464317180,0.3698886649,0
2.2935162420,0.5991107064,1
0.0745606010,0.7855922963,0
1.3829581762,-0.3475394892,1
1.5546009017,-0.8465025529,1
-1.1890853739,0.6466146345,0
0.3818498079,0.4021182719,1
0.2475713728,0.9692055533,0
1.1593765168,-0.7322988999,1
-0.8660760847,-0.0120352170,0
1.3463237579,-0.2906187397,1
1.1346216297,-0.0935018675,0
0.9990444805,0.2156898403,0
1.6746004731,-0.1751201123,1
-0.3768405340,1.1656686924,0
1.0354709079,0.7399959686,0
2.0083748436,-0.1849113893,1
2.0278003718,0.4917124774,1
0.7509486326,-0.4451835685,1
-0.4094958007,1.0946169404,0
0.1918049915,-0.2891788355,1
0.4552695721,0.8913881210,0
1.9144658992,-0.0155411160,1
2.0498829527,0.2591966757,1
1.2915190431,0.0927353773,0
1.0231598755,-0.6604738057,1
0.5176319435,-0.2588691824,1
-0.5895945078,-0.2001141227,0
1.6040491190,0.5095802323,1
0.4435635986,-0.7368898682,1
-0.0249297132,1.2731513907,0
1.4505997869,-0.1576499242,1
0.8776376877,-0.4932635294,1
0.7665992796,-0.2370732161,1
1.5900609055,-0.2958294826,1
-0.7658142355,0.6506286970,0
-1.0965357399,0.1275657869,0
0.6555426972,0.9643129786,0
0.2082436440,-0.1516529310,1
2.1388779805,0.4203490661,1
-0.8811362215,0.2413727791,0
0.3453291275,0.0265348058,1
1.6176237120,-0.3624485774,1
0.3757474826,-0.3404797618,1
0.0975288706,0.3420473861,1
0.0480265742,0.7349711649,0
-0.8713412310,0.4365528425,0
0.3167379403,0.7823388575,0
0.1876693258,-0.0780538549,1
-0.8932595606,0.0539059058,0
0.3573198451,-0.0818285170,1
0.1660217324,0.6901145561,0
-0.6425118066,0.8218462010,0
-0.9824110052,0.8722302146,0
0.7268969874,0.5605468055,0
1.7455128717,-0.5238897183,1
-0.8275223314,0.2834669610,0
-1.5229975060,-0.1643198704,0
-0.3677030618,1.2049369138,0
-0.5407017215,0.8376084891,0
0.5457794710,-0.2949772687,1
1.0212322446,-0.1332031736,0
1.6503325603,-0.0912766949,1
-0.1638389683,0.0385045293,1
0.1800566631,0.2901590284,1
-1.3375316582,0.0012595347,0
2.0171792106,-0.0849565206,1
1.0632480959,-0.3131962065,1
0.5640028230,-0.2968336191,1
0.3711875048,0.8034277533,0
0.2592372360,1.1337621008,0
0.0438424779,-0.5230327967,1
-1.2956209380,0.6483616788,0
-0.2420123457,0.8355200353,0
0.0715157684,0.0156874465,1
0.9727497298,-0.4969186847,1
1.0559951137,-0.7172457885,1
-0.6787194957,0.6952242226,0
0.1285121275,0.6415627076,0
-1.2510841779,0.6665857683,0
0.4085202959,-0.4983710082,1
1.7080333123,-0.2735933598,1
0.1131482127,-0.1035964894,1
0.9083399705,0.2566288112,0
1.6304717958,-0.1820831807,1
2.2001743772,0.3345558303,1
0.6766672953,0.4988619603,0
-0.6480682931,0.6727920541,0
-1.2275730747,0.5670299531,0
-1.0666122760,0.4386809453,0
0.1159781857,0.6430663526,0
0.3069057829,-0.5372832979,1
1.1172360862,-0.3219914995,1
-1.0408844277,0.4388464362,0
1.3270064482,-0.4694663747,1
0.0946038251,0.9433211330,0
-1.2262525383,0.0214650468,0
0.3802564877,-0.3310016960,1
0.0952164563,0.3296558904,0
1.8080036665,-0.2328824962,1
1.7438404886,0.0010262052,1
-0.1979599972,1.2383580028,0
0.0453365800,0.0044297172,1
1.7075568477,-0.2703395171,1
0.6312588974,-0.1114239758,1
0.0668181132,1.0737163664,0
1.9959902042,0.3934606479,1
0.0530691269,-0.7587455073,1
-0.5230782557,1.1343972002,0
1.7592696177,0.2666012529,1
0.6489318983,0.8368236158,0
0.7199333910,1.0302491721,0
1.7621237205,0.0646520896,1
-0.4563668598,0.4227015488,0
1.5440815009,-0.1528774821,0
-0.7394069249,1.0262020127,0
0.1993070927,-0.3349549732,1
-0.9019638426,0.2901170614,0
1.0932935286,-0.6683713585,1
1.3273471429,-0.4108730599,1
-0.2608273053,0.8784320315,0
-0.0186976630,0.7160452537,0
0.5718185624,-0.2937839944,1
-0.3080162921,1.2144342093,0
-0.8939679675,0.6994731059,0
1.2813516927,-0.7048140716,1
1.0952674851,-0.2017516118,0
-1.1707406377,0.4507205854,0
-0.7432134322,0.9184395306,0
-1.2120303819,0.5906556302,0
0.5934992376,0.6971297110,0
1.3722703396,-0.0869344377,1
0.8049689585,0.6949260247,0
0.9027229505,0.5627946890,0
1.9834479334,0.0548822666,1
-0.7530919404,1.2346625953,0
0.8663896840,0.3607304779,0
1.7733377972,0.0751333940,1
-0.0533419080,0.9628448689,0
0.0545239499,0.7185784717,0
0.2876725353,-0.0980277519,1
1.1019527673,0.1909392159,1
-1.0515293263,0.0133337127,0
-0.3056235317,0.4996011289,0
-0.0842380788,0.2089230898,1
-1.0351313242,0.5450360800,0
0.7414159893,-0.5986814466,1
0.4629191171,-0.0790996616,1
0.8818341902,-0.5727761317,1
0.8980695785,-0.5158745190,1
0.0243080929,1.0163717445,0
0.5982664223,0.5749312018,0
0.4924910710,1.0011995158,0
0.7356205646,-0.7837698984,1
0.0899300792,0.2878385033,1
-0.1448671823,1.1827747810,0
-1.0563417949,0.0786178877,0
-0.8186196926,0.3709756314,0
-0.4515588741,0.9278320345,0
-0.2279317062,1.2630244928,0
0.2601626136,-0.2548584613,1
1.2480286326,0.5019697274,0
1.7436801091,0.4741979810,1
0.5036088843,0.1781319606,1
0.1706122902,0.1107600635,1
0.4856918318,-0.7841104291,1
-0.8003336953,0.4580931241,0
-1.2067337485,0.2898546011,0
-1.0344120514,0.3704464557,0
0.0264485877,1.0294337430,0
1.1077686464,-0.8795930045,1
0.8447331923,-0.0890811094,1
0.0410347587,0.9036661867,0
0.0946122647,0.1107771389,1
-0.2456498865,0.3482387428,0
-1.1266374777,0.3144951973,0
1.6928543644,-0.3946872451,1
1.0583789278,-0.0680342028,0
-0.6385842081,0.7129152106,0
-0.8985514757,-0.3075194369,0
0.9987974326,-0.0101671507,0
-0.1820023876,0.8860101567,0
-0.5061347563,0.3440533896,0
1.3771186152,0.0295480552,1
0.3713548451,0.7280939069,0
0.0092245064,0.4467692819,1
0.2766510358,0.2217286489,1
2.1178844437,0.5884196574,1
-0.6817611537,0.7713260546,0
-0.9795250220,0.3208399167,0
-1.0952191833,0.9217805696,0
-0.1718539696,0.9799497745,0
1.4358378478,-0.8632555120,1
0.3685367762,-0.7285764526,1
-0.7392316456,0.9272760945,0
0.3414936661,-0.0482220435,1
0.7231435515,-0.4770429834,1
1.4737221496,-0.6332176686,1
1.8131560310,0.0713192798,1
0.0019294797,0.6570281469,0
-0.9175112921,0.5845313950,0
0.1293271940,0.2192809590,1
1.9251981493,0.5625650072,1
-0.7704737246,0.6508148947,0
1.8672896508,-0.2323684996,1
-1.1037830987,0.5831715928,0
-0.2905254312,0.7320948710,0
-0.1282584435,0.1092777604,1
-0.9398410152,0.6204563344,0
0.6068684402,0.7054610614,0
0.1092457299,0.3218852184,1
1.5933836027,-0.1990651214,1
0.2075683017,0.2523044390,1
1.6803725139,-0.3764976795,1
0.3076579338,0.0371211682,1
0.7248310207,0.6430359818,0
0.6149769461,-0.5673526031,1
-0.8354039752,0.5314599960,0
1.9984396595,-0.5710349982,1
1.8806759443,-0.2594646093,1
0.2997667423,0.4034758199,0
1.6710787879,0.0640420800,1
-0.7578048451,0.6909981714,0
1.6210230563,-0.1812190126,1
-0.6115098936,0.1956715126,0
0.6226736074,1.5687467002,0
-0.3175867753,0.9587876877,0
-0.4611107584,1.1774791339,0
-0.3600090702,0.5901418166,0
0.4500430715,-0.1237354519,1
-0.1984364818,1.3093719077,0
1.5661018626,0.0287910825,1
-0.0022692225,-0.1800514844,1
-0.9869564512,0.5528742775,0
-1.2674385211,0.5703257010,0
1.0348423490,-0.2590976981,1
-0.9621618307,0.4968011762,0
-0.5178500132,1.0857696743,0
2.0461653215,-0.4810385166,1
1.1671740244,-0.1242225563,0
0.4581292732,-0.7656538112,1
-0.7841973766,0.2368957481,0
0.1717995982,0.4455682966,1
-0.3101702764,1.1374240399,0
0.3910158521,0.8953494414,0
0.9919780648,-0.5180697260,1
-0.5931247484,0.4068457222,1
-0.0587196526,0.9121730333,0
0.5559234423,0.0835932606,0
1.8467281296,0.3289345108,1
0.4142879352,-0.5384202098,1
0.7890379949,0.7930610292,0
0.3745642722,1.1898977148,0
0.5724138931,-0.2543335024,1
-0.7809479753,0.6894576993,0
0.3634032915,-0.7886186069,1
0.2586212267,-0.0125025629,1
-0.0053786480,1.1743437542,0
0.2242400537,0.5145266148,1
-0.0518921638,0.2551665362,1
0.2848375334,-0.2968567199,1
0.7577976069,-0.2759433391,1
0.9112728560,-0.3856193138,1
0.6560461447,-0.4042911669,1
0.6013566520,-0.2392320727,1
0.7370775754,0.7003711409,0
0.4892930630,0.6884969313,0
0.3639480318,-0.1382845336,1
0.4258026385,-0.0154584235,1
-0.8667615393,0.9771345556,0
0.1089201587,0.1291994790,1
0.6604590400,0.5163312201,0
1.3511773007,-0.6214726676,1
-0.9749676487,0.8427507567,0
-1.3190818343,0.1284078046,0
2.0483754100,0.6478183008,1
-1.0931194285,0.2301942670,0
0.8799679908,-0.6734933271,1
1.3850594952,-0.4143782996,1
1.6073037837,0.5514103595,1
0.1555230708,0.1163662124,1
0.4720041821,1.1480134480,0
-0.8336519323,0.6227226080,0
0.5880332672,-0.3489088772,1
0.7562028773,-0.6254033610,1
-0.8722185593,-0.2330581144,0
0.1207090559,0.1514671261,1
1.0729938442,0.4876781085,0
1.7423233957,-0.4526980666,1
-0.5813735975,0.9506317986,0
-0.2955347636,0.7643453889,1
0.9147994896,-0.7409354913,1
0.6100925342,-0.1378622959,1
0.3518595487,0.7338870902,0
-0.6726009836,0.6592122543,0
1.6443930244,0.4821151256,1
0.9578646007,-0.2110535161,0
-0.1287767651,0.7718400754,0
1.0034478022,0.2901618476,0
1.3236717217,0.1730893014,1
0.1030977783,-0.1094488662,1
-0.7454249548,0.4759810511,0
0.9685562997,0.0670360574,0
2.2266190840,0.0682622607,1
0.7108234416,0.6139385824,0
0.9349873991,0.2075035349,0
0.6303448614,0.7393702969,0
1.7933626238,-0.3622629217,1
-0.5685349814,0.8696920468,0
1.3671702637,-0.4643722895,1
-0.4429791939,0.7369578019,0
-0.0159739898,0.8439931851,0
-0.4646090794,0.7137419132,0
-0.6919124067,0.7837132597,0
0.0147383080,0.2016915719,1
-0.3016967294,1.2120944915,0
0.8732249538,0.5859341413,0
-0.0261631304,0.2173843023,1
2.0257685398,0.3863477837,1
1.6425987282,-0.3843760881,1
-0.5906670984,0.8812894885,0
1.1178503913,-0.1341396701,0
-0.2900514714,0.7027882388,0
-0.5490235676,0.6793280806,0
0.5410032525,0.9254385343,0
-0.3940751923,0.9646873026,0
-0.5926913351,1.0623223640,0
-0.2175850826,-0.1074933020,1
1.4332172009,-0.3991413530,1
1.5385260112,-0.7479165894,1
0.6522227641,0.8155998264,0
0.2465397440,0.2486874869,1
0.0207668366,0.7801467824,0
1.7283136244,-0.3444969922,1
1.9152052965,0.3277543297,1
1.2205743756,0.0854363169,0
1.7919085392,0.0001429376,1
0.3918581562,0.6500758604,0
-0.3383000363,0.8685060696,0
-0.1858318260,0.3585502469,0
0.4640540243,0.4978895842,0
1.4404840101,-0.0613384309,1
1.4246860168,-0.4657650463,1
0.8073328089,0.7261636950,0
1.2732287308,-0.3160771569,1
0.8731911120,0.0269706730,0
-0.5061669337,1.0357633148,0
0.1466020976,0.3334140128,1
1.9693893573,-0.1666471878,1
0.2365414584,1.3214982346,0
-0.1128979985,0.3370127885,1
2.0931706226,0.2522936579,1
-1.1514928767,1.1866518054,0
-0.1776550067,1.0757143909,0
-0.7975761049,-0.0678891534,0
1.3951488459,-0.4926671585,1
0.5615528567,-0.7683917169,1
1.0341145245,-0.4132508184,1
1.1029685480,-0.3410249271,1
2.3128653748,0.1169727162,1
-0.6990659396,0.3491710768,0
0.9609220252,0.4518610623,0
2.0286469379,-0.0159005638,1
1.7250648624,-0.0968429558,1
0.1548201063,0.5753863463,0
0.9179696811,-0.6245559002,1
1.1472614803,-0.3498697698,1
2.0166888429,0.2029002290,1
-1.1906411826,0.6312923568,0
-1.1293342050,0.3487535928,0
-0.1328499162,0.7472533691,0
1.0368249193,-0.8579764510,1
1.3517067269,-0.4764874624,1
0.6322807518,-0.5510608407,1
2.1921050673,0.4931427409,1
-0.8583580253,0.4283445831,0
0.1461812306,1.2438889996,0
0.2140867709,-0.5141323235,1
0.6034561881,0.5292460791,0
1.4255611646,-0.4043911497,1
-0.5575380069,1.0795570954,0
1.9165393281,0.7282860506,1
0.9572656604,0.1273813876,0
1.4285559665,-0.4212602939,1
1.2470921452,-0.3340389333,1
0.0959702689,-0.3225803135,1
2.0810978753,0.3147454076,1
1.2245209012,-0.6165206390,1
-0.7632007320,0.7840454994,0
0.1049425973,-0.3335637025,1
0.9744100947,0.1993757648,0
1.0487679947,-0.9234637868,1
0.3700024652,-0.6151288218,1
1.5707799790,-0.2207784353,1
0.0595705225,0.5586933520,1
0.9802155942,0.4760830017,0
0.9457130173,1.1231262168,0
-0.9945008589,0.4340015946,0
0.7679313440,0.9053518666,0
1.7127069072,-0.6467002906,1
0.5943193460,0.5098444811,0
0.4630182513,0.6480941338,0
0.6909628396,-0.4864067264,1
0.8162358751,0.7750543999,0
0.8436122875,0.4337430392,0
2.1902911514,0.3322259159,1
-1.1143348778,0.4628796369,0
0.3674756481,-0.2411137243,1
-0.3790705999,1.2727028517,0
-0.7958558018,0.6383345273,0
-0.3507573348,0.9000072021,0
1.0202948560,0.2489357069,0
1.0321791961,-0.6537517537,1
2.0929806808,0.3087266333,1
-0.9517868497,0.7048843927,0
0.0100498302,0.9083536795,0
0.2436764155,0.9886601837,0
1.6099025214,0.0797209715,1
0.4982844152,0.7922812798,0
1.1543893116,-0.2595282045,1
0.2362522996,1.0145991638,0
-0.1521050306,1.3227762803,0
0.6039701737,0.6318256348,0
-1.4017323214,0.4073256273,0
-0.5171410801,0.6806245652,0
-0.5791841050,0.9579665332,0
-0.8189859986,0.4047506036,0
-0.9416577850,0.3634602015,0
2.1455873776,-0.0345813638,1
0.0814689845,0.6134208477,1
1.5775474685,-0.0479577948,1
0.3160046080,1.0635686411,0
-0.5236499841,0.6899696392,0
1.9192067713,0.1961295909,1
0.7409100314,0.5838918106,0
-0.9056549412,0.9317037671,0
-0.1734388261,0.7110576309,0
0.9246122557,0.4738033944,0
1.0931281857,0.7758361977,0
1.7003665393,-0.3256596374,1
0.5702986022,0.9747281348,0
0.6137038107,-0.5736889839,1
1.9410630729,0.3324614464,1
-1.2920704033,0.3731452360,0
1.6546080944,0.5073931600,1
0.6480144653,-0.0664399152,1
0.4698241839,0.5893688999,0
0.2536872284,1.1986135855,0
-0.7367819428,0.1102605125,0
0.9896321677,-0.5940079284,1
1.8388443592,-0.2144337440,1
1.0452838669,0.2938938108,0
0.5031049212,0.8785907855,0
0.5104391101,-0.0711089399,1
1.5585247828,-0.2053792069,1
0.6005412492,0.3559274095,0
1.0372233069,0.9366177162,0
-0.7892609615,0.2907299910,0
0.4775286063,0.2776228432,1
1.1288945373,0.2812037803,0
0.4415452480,0.7779806067,1
-0.2727194620,-0.0586072697,1
-1.0084455297,0.5498670505,0
-0.5965437150,0.6588269971,0
0.9142599347,0.2533546170,0
0.6227111110,0.4779119375,0
1.1444135282,-0.6977449687,1
-1.0302783369,0.1714583976,0
1.1087107845,-0.6149783917,1
-0.7394130510,1.2435563860,0
1.4316323617,-0.5224262384,1
1.8658419507,0.0365574344,1
0.0829890349,0.9685625146,0
1.6554442679,-0.1714750550,1
1.1884721696,0.3119550796,0
0.6003718202,-0.2727841073,1
0.7214449104,0.5601246852,0
-0.4665023589,1.3026966437,0
1.3977409620,0.6022491774,1
-0.4995853744,0.9576620685,0
1.2985535782,-0.5579594658,1
-1.3922410124,0.2387081334,0
0.2315724578,0.7300568115,0
-0.0079633670,0.9388536536,0
-1.1740916360,0.6724660125,0
0.9830190551,0.4587599677,0
0.7671885040,-0.2342484085,1
-0.3573125190,0.4331196426,0
0.6473032104,-0.3269033943,1
1.7830135896,-0.3771860580,1
0.7941504340,-0.5296229575,1
-0.6293798490,0.7888195713,0
-0.8919030879,0.0171857046,0
-0.0195639719,1.2094508814,0
1.0520326754,-0.1429538799,0
0.2426634692,-0.1734468713,1
-0.4072563307,1.0915892631,0
0.2582039735,0.0508219920,1
0.5181595173,1.1469398022,0
0.0343035799,-0.2756732616,1
-1.2265819877,0.5935153328,0
1.6330720122,0.1425147325,0
0.6196580759,0.7217458960,0
0.1728012480,0.9732802661,0
0.8515685324,-0.2161039041,0
-0.3646663438,1.0063249749,0
-0.1005824476,0.6832957248,0
1.9984300885,-0.0920832888,1
1.9265430154,0.6457181178,1
-0.1229326346,0.3736718214,1
-0.0181147821,0.5873474524,1
0.2827987263,-0.0476291753,1
0.1388119600,-0.4664331694,1
-0.5963495761,0.9011405377,0
2.0576853442,-0.0182317994,1
0.1521750233,1.1625934476,0
1.5190489806,-0.7097185713,1
1.3552990664,-0.6863601399,1
0.8480564242,0.6374627906,0
-0.6463386405,0.9819001411,0
2.1966932839,0.0769682010,1
0.5531777288,-0.1881647248,1
2.2028414996,-0.0424276588,1
0.0936554972,-0.0617449910,1
0.9491120079,-0.0239173894,0
0.5032273551,-0.5954075427,1
-0.8612411662,0.7237969638,0
0.1800274853,-0.0150642390,1
0.5333193752,-0.1271367587,1
1.9044145195,-0.0333162274,1
-0.0694065055,-0.1459672014,1
0.0885381759,0.7345723711,1
-0.5892182924,0.7382928137,0
0.4396831531,0.4436509275,0
-0.7862183166,0.1981436210,0
-1.0876129592,-0.0586502198,0
1.3299502195,-0.6253052420,1
1.4425217069,-0.6117530014,1
0.7769405329,0.6660843411,0
0.8437111516,0.7671594909,0
-0.1142438287,0.2940287647,1
1.6572225071,-0.6892605954,1
0.8464654680,-0.9615163995,1
-0.9841933760,-0.1547404707,0
0.2582716513,0.5329162040,0
0.0410541591,0.9559031066,0
-0.7321218638,0.2446865138,1
0.7766437072,0.5880305859,0
1.8437132820,-0.1708948053,1
0.0793314252,0.4320518645,1
2.1370344326,0.3969337958,1
0.4754856444,0.8928290531,0
2.0067722219,-0.6782551105,1
-1.5040331930,0.1604107302,0
-1.1931673111,0.1086900356,0
0.7484940461,1.1310441557,0
1.0324777357,-0.2722095046,1
-0.2891606568,0.7981072273,0
0.8079186958,0.3778835495,0
-0.3589306478,0.8970895645,0
2.3491573121,0.2369312501,1
-0.2705704366,0.9195860181,0
0.3706213688,-0.3019133392,1
1.4366406574,-0.0403420475,1
1.9947307144,0.0320236964,1
0.6654456379,1.0471229177,0
0.9067824356,-0.5031525654,1
0.1406717867,1.0288640440,0
2.3393246197,0.1965453793,1
-0.1061665686,1.0745502494,0
1.1631844502,-0.4007498758,1
0.6463218567,-0.6726254548,1
-0.3082204352,1.2611544876,0
0.7972586708,-0.9893568847,1
-0.6642819437,0.8747333964,0
-1.4607146057,0.0762342422,0
1.1659609817,-0.5420454843,1
1.7335352366,0.2088839964,1
0.8033135960,0.4082903944,0
0.0680577534,0.0833701931,1
1.1570201271,0.1253536725,0
-0.3399449953,0.8554691218,0
0.4129690199,0.8623065572,0
-0.6658859049,0.9053671848,0
-0.8327213452,-0.0165191463,0
1.0478265104,0.5034462114,0
0.4856565107,-0.3300222074,1
-0.0395769279,1.1244801615,0
-0.3437807216,0.8182765084,0
0.9768218112,-0.8420820018,1
1.3339618039,0.0214310585,1
1.7756741661,-0.1164776488,1
1.1410429924,-0.2400919552,1
0.9020326898,0.7572096211,0
0.0068878053,0.6114396483,1
0.1520957843,-0.4327449039,1
0.4677710639,-0.4282864572,1
0.5169783789,-1.0333576870,1
-0.1168741705,0.9126975018,0
1.1106577122,-0.2275100682,1
1.0860639633,-0.5302074714,1
1.4926766377,0.0209178563,1
0.0459418451,1.3417390533,0
-0.0600858873,0.6271135779,1
1.5908532259,-0.3618764729,1
2.1537476180,0.1219915474,1
-1.0130951410,0.6748291846,0
1.8666662312,0.0589066137,1
1.3359165188,0.5655301671,0
0.9762878964,-0.3677116642,1
-0.7110457966,0.9074709152,0
1.9467642088,-0.0581116470,1
-0.9130036985,0.3082849788,0
-0.2359475249,0.8633299910,0
1.0830537053,-0.4652740399,1
0.6046275887,-0.4687789541,1
0.7339876891,1.1911620427,0
-0.8363581331,0.2837818221,0
0.5449846729,0.7399668874,0
0.6719920124,1.0741258005,0
2.1966253354,0.2994107055,1
-0.9752725094,0.5392077689,0
0.0897352693,0.9975131367,0
0.1083382184,-0.1518188263,1
0.7293964460,0.2029435398,0
0.6342256243,-0.1660917266,1
0.2737551617,0.9066536136,0
0.5756598269,-0.4687553622,1
-1.1513391518,0.6340975777,0
-0.8706509578,0.0021904524,0
-0.1242705342,-0.1263568788,1
0.4315615259,1.1691871163,0
0.3186346358,-0.3007067485,1
-0.0960469765,0.9335771784,0
0.2941498768,1.3179236490,0
1.4751695284,-0.6109107982,1
-0.8603201448,0.9739767021,0
-0.8554611280,0.1635109747,0
-0.9887680975,0.0655650502,0
-1.1712474860,0.4292854360,0
-0.8422174734,0.4630372692,0
-0.6929685975,1.0615278881,0
0.5080172822,-0.5769133900,1
0.9862274410,0.2438486252,0
1.2083933287,-0.1674764066,1
-0.4588411653,0.5449542672,0
2.3155582100,0.4815729848,1
-1.0566909747,0.1162728643,0
1.7292888407,-0.0937038471,1
1.2777156617,0.8740469493,0
-0.4363431561,0.3428856523,0
-0.2912394510,1.4253546424,0
-0.8213902698,0.7444179901,0
0.2809630163,1.0701143455,0
0.3290004888,-0.2258484901,1
0.5951471074,-0.3905763724,1
-0.0640264053,0.8548073853,0
-1.1123434803,0.5307470234,0
1.9991431842,0.4727612767,1
1.4170456254,-0.4528894974,1
1.9113261534,0.2740324787,1
-0.3135489407,1.2116276386,0
0.9479272423,0.5657420264,0
1.1210355464,-0.8202453722,1
1.3083515535,-0.1756737811,1
0.8970454706,0.3483598228,0
-0.3072987476,0.8491611506,0
1.2398724140,-0.0204935845,0
-0.1036055628,0.7095968028,0
0.7372852408,-0.7308401553,1
-0.2937290535,1.0689227153,0
1.2559295740,-0.4989846499,1
1.3328366907,-0.5878986557,1
-0.5319809157,1.0164693853,0
0.7790423785,-0.3568462965,1
-0.2526604536,1.2091707500,0
0.6462030438,0.9124503542,0
0.4543508805,-0.1255385201,1
-0.3640168299,1.6715907865,0
0.7061241454,0.0779051443,1
0.0096954447,0.3149169883,1
0.1939358553,0.4848794357,1
-0.4852766631,0.8494021130,0
-0.6122997313,0.9720027102,0
2.0726059357,0.2636734707,1
0.8609655777,-0.1741169080,1
1.5779432869,0.1937763085,1
-0.3835260991,1.3253791791,0
0.2489539631,-0.0143387824,0
-0.3711885375,0.8458156860,0
-0.4846114914,0.4283063350,0
0.0967317003,-0.1923799361,1
0.3375598909,0.0074567440,1
0.8177122448,-0.5855432778,1
0.4354579251,0.7918465291,0
0.8107656502,-0.5578039122,1
0.8156343683,0.7384239737,0
0.9207370044,-0.5901899863,1
1.7944402919,0.2344247028,1
1.1992557771,0.0714952730,0
0.5876019145,-0.7205518239,1
-0.6211939921,1.0371853297,0
0.7006827880,0.6154747760,0
0.9753664487,-0.3527883110,1
0.9724540769,0.5106273768,0
0.9561243261,0.3041447455,0
-0.4750287626,1.0360713790,0
2.0846601388,-0.0249396653,1
-1.2627410878,0.5027150132,0
-0.9620792261,0.6062130183,0
0.8259330443,-0.6702926900,1
-0.8446519183,0.9289824401,0
0.2712342564,-0.2579130761,1
0.2285786126,0.2982246955,1
0.9109803901,0.3186240151,0
0.6544471727,-0.1180196921,1
-1.2153753836,0.4881288343,0
1.0723606799,0.2960727499,0
0.6946681769,0.5500088555,0
1.0175549872,0.3225442146,0
1.4929595375,-0.7567637116,1
0.9695660586,-0.6966744809,1
1.0108888111,0.7262175566,0
1.2964350789,-0.3856003605,0
1.1709731139,-0.5942786735,1
0.6414448360,-0.4459561999,1
0.8891663176,0.2318212459,0
-1.0593205826,0.5110525241,0
2.0193750469,-0.1276973290,1
0.9511398065,0.3670621827,0
0.4660729384,-0.0543980456,1
-0.9795701717,0.4681667679,0
1.6611178080,-0.5350167166,1
-0.2198249026,0.8430178396,0
0.4950579182,0.3728483606,0
-0.1761003988,0.9222396381,0
0.4172629658,0.4490566849,1
-1.0024800751,0.3915612640,0
-1.2263838631,0.2543028004,0
1.4280415886,-0.7024027898,1
-0.6098872923,0.5560045919,0
1.1008528691,0.2312717791,0
0.8447443204,-0.7493836442,1
1.0962757422,-0.5484065464,1
1.7222593929,-0.4021953034,1
2.0144450109,0.3901203454,1
0.6772408156,-0.4355047241,1
0.3667259389,0.1600152742,1
-1.2532975436,0.6186884222,0
1.6973202395,0.2376198201,1
0.0212993662,0.2433673345,1
1.1578400927,-0.5692347894,1
1.6829291544,0.8590015832,1
-0.9561402251,0.2638310939,0
1.0498895482,0.6625377402,0
0.3339290591,-0.3213180896,1
0.6069797890,-0.6851260693,1
0.8060575278,-0.5845740668,1
0.3320970485,0.2379421556,1
0.4236023114,-0.0368067223,1
0.4942646548,-0.0639725183,1
-1.2595257411,-0.3999021394,0
-0.4671579410,1.1494403710,0
2.6396011315,0.3326978172,1
0.6859465187,-0.6639189727,1
1.0785592285,-0.3919607911,1
1.0859603411,0.1751420622,0
-1.0758600451,0.6523414510,0
1.1900350458,0.5486268895,0
0.2944057526,0.7884879472,0
1.6776244549,-0.0982433962,1
1.6300005377,-0.3915222142,1
1.8974767498,0.2511253275,1
2.6783657791,0.4519953606,1
-0.4310920234,0.8012755466,0
-1.1686799380,0.5244480810,0
0.3281675209,0.8814797733,0
1.8782806399,0.8243424879,1
1.6372896019,-0.6555018404,1
1.6711737427,0.3794822764,1
-0.4625522173,1.2567388075,0
1.8152503484,-0.4579677641,1
0.3083668484,0.0401840465,1
-1.3204051317,0.2339279765,0
1.8383145521,0.1808922900,1
0.1967481207,-0.0591849700,1
-0.0607269045,0.9711295687,0
-1.2763935768,0.0785941285,0
-0.5091782651,0.5928151569,0
0.9604562018,0.6776104765,0
1.7659544899,0.3695555585,1
2.0273625268,-0.1947079632,1
-0.4415909001,-0.0247741502,0
1.9226159949,0.1870031456,1
0.8285907733,0.7286240336,0
0.6244014481,-0.4625106377,1
1.9076412698,0.0605655368,1
0.0903105319,-0.1251322416,1
1.2533878018,-0.8551860855,1
0.6805181801,-0.6443539064,1
1.7940114492,-0.1373722788,1
2.0168884510,-0.3744965841,1
2.0044507215,0.1111744460,1
1.6337921562,0.1324076000,1
1.4359715736,-0.3434786816,1
2.2249121252,0.1487132690,1
0.0633578011,1.0190751478,0
-1.1739697447,0.1387055845,0
0.9520490251,-0.7712209778,1
0.8971573317,-0.1552230714,1
1.1308148283,-0.3233031820,1
1.2863910775,-0.8860330833,1
-0.1224070215,-0.2404995331,1
-0.1923154586,1.1648262052,0
0.4287267068,1.0108948342,0
0.9284854864,-0.6488663244,1
-0.3197788597,1.0095606286,0
-0.5202674437,0.6148835583,0
0.4279354260,-0.6581745468,1
-0.1493528402,0.3082748746,1
0.2208335418,-0.4932784995,1
0.4890202394,0.3423178309,0
0.1220266347,0.1362958622,1
0.0572085969,0.2863584091,1
-0.1215784180,0.3450717675,1
1.5099525129,-0.5513564843,1
-0.3320972037,1.0519123672,0
0.8552497590,0.7478544438,0
-0.9248437850,0.5220201266,0
1.3217301109,-0.3333802906,1
1.0847999310,-0.1769373685,0
-0.8644527561,1.0630607023,0
1.7276178653,0.0638285858,1
1.4887214612,-0.7364205675,1
1.0277994492,-0.2864228429,1
1.8510746187,-0.3914359590,1
1.3823606658,-0.4138957284,1
-0.2478759795,0.9364379583,0
-0.6419607057,0.6502959704,0
0.7028003604,0.9634140239,0
-0.0311246148,0.9739204658,0
0.0696770414,0.2590485502,1
-0.9234322877,0.4931281290,0
0.3582665696,-0.3698858059,1
-0.5067885498,0.9284717764,0
0.8471616903,0.3600554339,0
-1.1604081296,-0.2251298682,0
1.2038042176,-0.5300258960,1
-0.5834543914,0.6333750374,0
0.6940377731,-0.2510421067,1
0.3215521211,0.7633916470,0
-1.1226461265,0.0884732536,0
-0.8091145192,-0.2058480522,0
-0.4906290759,0.9621892474,0
0.0994261842,0.7073615388,0
-0.1456495629,-0.1926290481,1
2.2878818537,0.2377289808,1
2.0525757603,0.4828196214,1
-0.3192786123,0.3811073747,0
2.0806205732,0.1645733252,1
0.3849075523,-0.5484133644,1
0.8693150697,-0.3568193779,0
1.1527581775,-0.2884154717,1
1.6343881787,-0.2912714223,1
1.4650742939,-0.5390877901,1
1.6828137678,-0.0012603589,1
-0.0735187645,1.1251251787,0
0.0687264129,0.3891846533,1
1.3806754871,-0.6737930244,1
0.8997488173,0.7382030935,0
0.9014576692,-0.0427375695,1
1.2576029882,-0.4041095317,1
0.4038468282,1.0982972042,0
0.6205757471,0.6449932736,0
0.3022688433,1.0865281183,0
1.4441611578,-0.5848412345,1
-1.0488806838,0.3224029682,0
-0.0547876855,0.1967893700,1
-0.5283896903,1.3613947277,0
-0.8887388379,-0.1916525252,0
-0.1707014052,0.8107712424,0
0.7615570889,0.6487571976,0
0.4926822405,-0.4206511497,1
2.1756232193,0.5401285552,1
1.8657134694,-0.4673603604,1
-0.7348434075,1.1844974476,0
-0.0948445541,1.1029591484,0
0.2596107737,0.6866191178,0
0.5950410596,0.3048801709,0
1.0830762763,0.3385148446,0
0.8629594090,0.4583635613,0
1.1855559574,0.0937399945,0
-1.0120784582,0.2187240853,0
1.4457159652,-0.2210461666,1
1.1887923458,-0.4442893386,1
0.7261408589,0.5097566752,0
-0.4127418621,0.7847417540,0
0.7169375620,-0.8376946087,1
-0.0184061871,0.5008931797,1
-0.0528301561,-0.0000135818,1
1.1205401922,0.1372673460,0
2.0039945871,-0.0906781536,1
1.6665529367,-0.2093889841,1
0.7937594068,-0.4158733120,1
-0.7593000473,1.0144066954,0
0.7176045135,0.7657320764,0
-0.1148970463,0.1890079732,1
-0.0773028696,0.5738937216,1
0.6266735853,-0.0328384254,1
-1.0767623104,0.3659999266,0
1.8731262964,0.2882721453,1
-0.9125664237,0.5756646580,0
-0.1387612865,0.7059110487,0
-0.0022912872,0.4133897135,1
1.9590366629,0.5456329517,1
-0.3507999949,0.1360843927,1
0.7854994683,1.0403904908,0
-0.8026550481,0.5356447526,0
1.4432641463,-0.4719607809,1
1.4921354103,-0.3504258126,1
0.3832129052,-0.5185740290,1
-0.0307088068,1.2114747103,0
1.8387404264,-0.2498940108,1
0.1614005907,1.0798474738,0
0.8392283427,0.6872047012,0
0.5500956700,-0.1309667674,1
-0.0796180979,-0.0326033808,1
0.2930841055,-0.0744942710,1
0.8690296269,0.3370617175,0
0.2314915067,1.1723750135,0
0.7000569952,-0.5502934970,1
-0.8697115285,0.7659300663,0
1.9243916082,0.1091762843,1
-0.2146283481,0.0367560501,1
-0.9308878492,0.2330038374,0
0.7748705071,0.4937619401,0
0.7941135358,0.4558293372,0
0.9411091340,-0.4696632673,1
1.5871734279,-0.3676583758,1
-0.5770336066,0.8600601210,0
1.2324853447,-0.2057226573,0
-1.5166011327,0.1531446435,0
0.2853058526,0.9107394865,0
-0.8617247282,0.5192472777,0
0.4553005300,1.0926694317,0
1.9253016336,0.5257135204,1
-0.3157606566,0.9651628474,0
-0.2459611935,1.2244444695,0
0.8299780090,-0.4612574306,1
1.5867135766,-0.4166848142,1
0.3679953140,-0.0253175997,1
0.1537529755,0.2778814844,1
0.8241576158,0.4077555628,0
0.6609256932,-0.4660835389,1
0.6114809262,0.8316743125,0
-0.9617904225,0.6995630408,0
0.5971854920,1.2721399631,0
0.3408712792,-0.2710247873,1
-0.7875786970,0.4358947121,0
0.5954651503,-0.2883176772,1
0.3979069520,0.8557595550,0
0.6129081988,0.0485564462,1
-1.0574265588,0.3037788801,0
0.5141690247,-0.3591540939,1
0.1135218750,-0.4616047610,1
0.9658079916,-0.0406095553,1
1.0084459445,-0.4251741264,1
0.7603261759,0.3740164244,0
0.1480912043,0.4037115356,1
0.8908577500,0.2486696647,0
0.4353000942,-0.1883130084,1
0.9678051647,0.0577456842,0
0.1817881964,0.1394932385,1
-0.1211865698,0.7271987559,0
0.1590782265,0.7138906463,0
0.0489506702,0.4044047725,1
-0.1271104559,-0.3561433874,1
0.8628104525,-0.2369711930,1
-0.1999225760,-0.0678925511,1
1.5290364013,0.3766970026,1
1.9744873389,0.3198764435,1
1.8324215989,-0.3722852982,1
0.3884801476,-0.0012058151,1
0.8003572456,-0.0764117456,0
0.4131351931,0.1458417572,1
-0.9792070241,0.7294040787,0
1.7021907789,0.4191057111,1
0.8336246214,0.6548304694,0
-0.4104915672,1.1162117432,0
1.2311640800,0.1305774631,0
-0.0669576715,1.3040169303,0
0.2116566171,-0.1994669652,1
-0.7488569113,1.0318271981,0
1.1292395702,0.2809422173,0
-0.7614453931,0.5885158812,0
-0.9220165245,0.1671409459,0
-0.2089686640,1.2497792809,0
-0.0281135889,0.4112675134,1
0.0244358930,1.2125249063,0
0.6277305793,-0.3938855752,1
-0.0539573308,1.1242077070,0
0.0044045205,-0.4046667022,1
-0.7613871851,0.3573924675,0
0.9067207634,-0.6403908741,1
0.6276293556,1.0642583197,0
0.4936148996,0.4514854774,0
1.0290045227,-0.6975213534,1
1.9531760385,-0.2014118640,1
-0.7947454005,0.4474033652,0
0.1227466219,1.1191919439,0
1.1625959101,0.6279302788,0
1.9469312014,0.0420306269,1
-0.3570899517,1.2534025786,0
0.5244908069,0.8407682961,0
1.7604984311,0.2690665545,1
0.1496434845,1.0048346523,0
1.1508375973,-0.5209582760,1
1.1537909303,-0.4244136152,1
-1.0200102053,0.3212697426,0
1.8539834059,0.0680661874,1
1.2104190034,0.6491719842,0
1.8743491952,0.4537033077,1
1.5608148963,0.0184442581,1
0.8181877014,-0.5982900286,1
-0.9319107632,0.4046730595,0
0.7682231190,0.6541419792,0
0.7714816584,0.5207070509,0
0.0697300352,0.8848826900,0
-0.2922618406,0.1113448103,1
-0.0243025122,0.2283331569,1
0.7929954569,-0.5001322655,1
-0.1231111768,1.2204747045,0
-0.1426915727,-0.0151528735,1
1.0694896906,0.4364905330,0
-0.0357107579,-0.0693052539,1
-0.1952181803,1.1566202800,0
0.5161660938,0.9190573892,0
-0.8943723098,0.6649753750,0
0.4991168858,1.0232244400,0
-0.5125935013,0.4949228408,0
0.7940116077,-0.1972620182,1
0.3511499512,0.1804281461,0
-1.2183995471,0.2164939386,0
0.6206266247,-0.4372917506,1
-0.2537012686,1.0393262519,0
1.5710298026,-0.2668740369,1
-1.0338073161,0.5051080509,0
1.8842237848,0.2707236975,1
0.9333175240,-0.2335458377,1
1.5474658704,-0.4230579936,1
0.8973617883,1.1628443287,0
1.8108822347,0.1595491139,1
-0.7765494261,0.8930958865,0
0.5191393792,-0.6586381535,1
1.6740398091,-0.5410733769,1
0.0374781900,1.1998963586,0
-0.3013638975,1.3080827114,0
0.6268276917,0.1365156644,0
2.0880517090,0.1842793000,1
-0.4691350813,0.5224293324,0
1.0191231633,0.5216292409,0
0.0660242391,-0.1811820822,1
0.8831731055,0.2059932633,0
0.0063807579,0.6827292947,0
2.3611509903,0.3736464428,1
-0.5711995900,0.8489665848,0
0.8811098660,0.2274531270,0
0.8058853422,0.3487256963,0
1.8170367489,0.0273039028,1
0.3346936600,0.2174889300,1
-0.7493123998,0.4376325581,0
0.7384398306,-0.0033402173,0
0.7196963435,-0.5823206392,1
0.7494683174,0.3166736176,0
0.6531520646,-0.2078603747,1
0.5030471670,0.6810656892,0
1.2307495908,-0.6286815027,1
2.0664046381,0.3423584056,1
0.8044930566,0.0206703824,1
0.5469210147,0.4275186559,0
1.2320943418,0.4606625539,0
1.0304953984,0.4188143975,0
0.7034007626,0.6696982081,0
0.2830983879,-0.3138179758,1
2.0729222813,-0.0794410498,1
-0.7758288248,0.8996376572,0
1.9230236861,0.2398569677,1
1.0229032867,0.3947842959,0
0.0637795067,-0.1841223680,1
0.2761374052,0.9730797407,0
0.6649276394,-0.3678559865,1
1.9396512187,0.0392827365,1
-0.0766993909,0.2749059848,1
1.4466086910,-0.7774087803,1
1.6642687026,-0.4982493325,1
0.4221819748,-0.1350912808,1
-0.0530869555,0.0020393282,1
0.3520253955,0.0775165904,1
0.5900249879,0.8737575952,0
1.3797331754,-0.1461718233,1
0.6521902455,-0.8408017652,1
0.5188451633,-0.3087347039,1
-0.2216455451,-0.0285284532,1
-0.1597687548,0.1057244718,1
-0.9077944149,0.6502992240,0
1.2267207709,-0.0184208047,1
-0.5726974919,0.6034726962,0
1.9745093854,0.4749777973,1
0.4816641095,-0.0883554451,1
1.6413801448,-0.7134187417,1
0.5274820741,-0.2027149906,1
-0.6118070418,0.7210239096,0
1.9785289842,-0.3021890745,1
1.1368956497,0.0546516310,0
2.0364253932,-0.0606526588,1
1.8772471385,0.2485203843,1
0.5853456302,0.7977369708,0
1.8135119222,0.2149864323,1
1.9010273067,-0.2404168101,1
0.5427677686,1.1203152920,0
-0.7477403954,0.5669609316,0
1.1026829208,-0.4479230777,1
-0.0029344521,0.3115563458,1
1.4661058482,-0.4316546076,1
1.7345869332,-0.3050721177,1
0.9885318941,0.1017102863,0
0.8641241539,0.4096718916,0
0.9432392614,0.3718319596,0
1.7336643178,0.0660679200,1
0.2452388083,-0.3743582752,1
-0.0461081569,1.0330908593,0
0.6039261059,-0.8391886654,1
1.1729073223,-0.1435962558,0
-0.0711773727,0.1785217965,1
0.2340989455,0.9720920836,0
1.4322201705,-0.3662846250,1
0.5289413683,0.7586902534,0
0.3280275211,0.1466244578,1
1.5971881908,-0.1874460689,1
0.0848025347,0.0010083603,1
0.2789051663,0.8864665048,0
-1.2601333403,0.4752353470,0
0.5411560372,-0.1176138448,1
0.7025118935,0.8206230079,0
1.5945740346,0.1421997548,1
0.1934821091,0.3161392758,1
-1.2850971236,0.3027375053,0
-0.4810438809,0.9438301610,0
0.8670963756,0.2148998955,0
-0.7004532621,0.5025755142,0
0.0843779786,0.4987544275,1
-0.7757902795,0.6283555796,0
1.1553496300,0.0426266168,0
1.1343448327,-0.7800825503,1
0.0555529955,0.3902577258,1
1.5599212154,-0.0966329759,1
0.4380261012,1.1968592635,0
1.0209491311,0.3588716386,0
0.5083141380,-0.4662491170,1
0.4344458412,1.0293871884,0
2.1557843153,0.6081988403,1
-0.5724604941,0.2206627203,0
0.7082569180,0.7876768395,0
0.6975352249,-0.5468585207,1
1.0025199838,-0.0269996871,0
1.1544603168,-0.3278735373,1
-1.1724364526,0.1708580883,0
0.9508877479,0.7293545583,0
0.6038253869,-0.4727313134,1
1.7551094249,-0.2431542004,1
1.4499442953,-0.0691681897,1
0.6049723048,-0.7738121596,1
2.0555995985,0.6546864955,1
-0.2146348834,0.4097581940,1
1.2875613846,0.1578518950,0
0.7516428360,-0.7967122607,1
-0.5258782774,0.6589483991,0
0.7995514544,-0.5386755778,1
1.7944855112,-0.6604569562,1
-0.3294515226,1.0373460402,0
1.1864068846,0.2405103865,0
-0.3015464547,0.5374412660,1
-0.4295823540,0.9456350917,0
0.5519628607,-0.5170136090,1
0.2799277613,0.8963947213,0
1.0154528904,0.3720134509,0
1.9717542665,-0.3799677672,1
0.9206607512,-0.5500690776,1
0.1844413705,0.5197076493,1
0.8560470149,0.2410020875,0
0.4648088120,0.9456062031,0
2.0590816626,0.3345846624,1
1.9252546064,0.2541768458,1
1.9967052388,-0.0213851752,1
-0.0938118223,0.7226565835,0
-0.9271903235,0.1645934202,0
-0.7623408530,0.3426647473,0
2.2797262354,0.0309974875,1
1.1125052506,0.4044732341,0
1.1350433501,0.1654899862,0
0.1598225747,-0.2786317349,1
1.2029751581,-0.4641100749,1
-0.6738910566,0.7015915800,0
0.6501737673,1.0770803579,0
1.1833157914,0.8961931886,0
0.5731703554,-0.2678792111,1
1.3324086824,-0.5799061154,1
-0.0985531415,0.9205903180,0
0.4310789372,0.7650951911,0
-0.1700450541,1.1555068414,0
0.9839833606,0.3437319551,0
-0.7749859428,0.2944593935,0
-0.0682221468,-0.2439217421,1
1.7190668560,0.3130954732,1
0.4813315841,0.3792993086,0
-1.2125730677,0.5977534246,0
1.8840829543,0.4107465367,1
0.2019971075,1.0517339389,0
-0.2700749074,0.8532539410,0
1.0163463300,-0.3530891122,1
1.4180382021,0.1390772251,1
-0.5546033973,0.9701429231,0
2.2033825435,0.7624192479,1
0.5364246487,1.2193193983,0
0.2440887864,1.1391142721,0
1.5817366719,0.5535203307,1
0.3674582732,0.0676998659,1
1.6105682235,-0.2112764535,1
-0.8547861102,0.5709938614,0
-0.7829868119,-0.0387447442,0
0.3906440342,0.5746538418,0
0.5040635641,0.8709365345,0
0.6274323458,-0.1488842731,1
2.0706129743,-0.1091114259,1
1.6217405298,-0.0392435615,1
0.8752402433,0.1558880644,0
-0.4198473279,0.0719100386,1
0.4930960777,-0.2471737982,1
0.6360708798,0.6246309919,0
0.1571419171,1.2388963499,0
0.0225058697,-0.1349565733,1
0.9858631722,0.6913017285,0
-0.0563216090,0.4008033611,1
1.2848900537,-0.4696980443,1
1.5733424019,-0.1610183437,1
0.8855463794,-0.6742353975,1
-0.2817976102,0.9412520051,0
1.5887904552,-0.2704617664,1
0.2354188980,0.1998953745,1
0.7199354663,-0.2632098708,1
0.2016658469,-0.0944525393,1
-0.7093365276,0.7184765900,0
1.5421214985,-0.1909938609,1
0.5925510151,0.6122229680,0
1.2852851881,-0.5568917005,1
0.3827812603,0.6639561165,0
1.5619031579,-0.4026418656,1
-0.1932857084,0.9533474245,0
-0.3830371875,0.7103376200,0
-0.0555042984,1.0122370876,0
0.9348147035,-0.2291955310,1
1.8747547527,0.0229212860,1
0.8249980970,0.2160289908,0
0.4460429444,-0.5952083617,1
1.0668157365,0.0794397948,0
1.9269871423,0.4021161744,1
0.6258945938,-0.2829962079,1
0.5330439852,-0.2578377020,1
0.2040140988,0.5305184500,1
0.5393412490,0.0299957132,1
0.4751367195,-0.4194602089,1
-1.1825026258,0.1925924392,0
1.4666971192,-0.5593496824,1
1.4222159387,-0.5288073404,1
2.0246134065,0.5249200003,1
0.5905123838,-0.2496566241,1
1.4986758628,-0.8865852587,1
1.9730353061,0.4703617347,1
-1.4426674620,0.5109952950,0
-0.4811861230,0.7609559820,0
0.8512661880,0.5607421851,0
-0.5841991889,0.4773114584,0
1.3101664188,0.3317166493,0
0.7270383663,0.5642485690,0
-0.4690944938,0.1907469758,0
0.0410447756,0.2240568446,1
0.8088806203,-0.7599997452,1
-0.5000519272,0.9489436676,0
0.9106388016,-0.1962900247,1
1.8865911543,0.2637742649,1
1.5571041739,-0.2768337408,1
-0.2975656506,0.9659371919,0
1.9283209937,0.0334106762,1
1.4527172710,-0.1648043556,1
0.2435773030,-0.1069666579,1
0.0020345003,0.1380405123,1
2.4189611460,0.1024633199,1
1.8895352972,-0.1658707308,1
0.0459479704,0.7429886658,0
1.8290782310,-0.4881028201,1
0.1723030705,-0.0315082978,1
-0.0357089631,0.0690843269,1
0.1769817629,0.6707657853,1
1.5642866045,-0.8008332507,1
0.3688029795,0.7273878425,1
0.6710730212,0.7358319507,0
-0.3369862140,0.6136368614,0
0.0835781775,0.3038860553,1
-0.2709263152,1.0189572672,0
2.4176076736,0.3924602515,1
1.4259441536,-0.1523485828,1
1.9763619119,0.8473330454,1
0.2310213975,0.1650800074,1
-0.2531122582,1.1238193829,0
-0.9725192247,0.7426237114,0
0.2958540269,0.6543382967,0
-0.1585531914,0.3386159789,1
1.1291497101,-0.4280980392,1
-0.5024933304,0.7925217732,0
-0.8038509816,0.7995902704,0
2.2408396361,0.2361897921,1
0.7651297247,-0.3456820910,1
0.9795161993,0.5979272227,0
0.8780391725,0.7359995804,0
0.0401070767,0.5284837662,1
-0.9388183554,0.7106965188,0
1.7903742731,-0.2306238151,1
0.7524098412,0.5678861619,0
-0.4914139369,0.3040469919,0
-0.2548802617,-0.1476105480,1
0.4487577713,-0.1032990920,1
0.5865708241,-0.3409919406,1
0.2535474398,0.3176910724,1
0.1827380754,0.1367862990,1
-0.1696723536,1.1140021062,0
0.8794266951,-0.3950733642,1
0.0902571278,0.1628122532,1
-0.5444129711,0.2702169137,0
1.7769525562,-0.4291783842,1
0.5665702268,1.0227310978,0
-0.5057554104,0.6420421959,0
0.1094731789,0.0686344208,1
0.0843485300,0.3660142068,1
0.3806103384,0.5750130719,1
0.8440505031,-0.1043264703,1
2.1058253006,0.2269681341,1
1.9559455938,0.2375882943,1
-0.6485945318,0.6534738718,0
0.1927479839,-0.1463174493,1
2.4317460513,0.3845793235,1
0.7355731696,0.6560765037,0
0.5271578255,-0.4438978493,1
-0.8755728809,-0.0828004941,0
0.0092562127,0.7527211241,0
0.8153999538,-0.6455020752,1
1.5876350828,-0.5787547039,1
-0.6885566643,0.9097018340,0
0.5586498737,0.3566039567,0
0.1239500412,1.0846738437,0
0.8586301691,0.4124464571,0
2.0033561734,-0.1025212540,1
1.5460670236,-0.1910113901,1
0.5508664900,0.4287017875,0
-0.6852079837,0.7882679901,0
0.9876437856,0.1127627638,0
0.3520772337,-0.4602406997,1
0.9435064839,0.5535164494,0
0.1314674380,-0.0229659460,1
-0.0682654037,0.8526786599,0
-0.0582383136,0.7367160283,0
0.4769226316,-0.3054895858,1
1.1451245300,-0.1990258491,0
-0.2088502231,0.8355834148,0
-1.1642117905,0.2121343998,0
1.5789390088,-0.1620843586,1
1.4577070196,-0.4647953050,1
-0.8815313403,1.1029175788,0
-0.1934773806,0.7666723475,0
2.0002764651,-0.1243441733,1
1.2373170466,0.2540914528,0
0.3697408177,-0.1380743839,1
1.7017165705,0.3696139895,1
0.6777485291,0.4738385895,0
0.3286892176,0.4928921517,0
0.5925334629,0.3151866477,0
2.1455240053,0.0479842564,1
1.5098473657,-0.0857983508,1
-0.2866447363,-0.0980269050,1
0.2564876902,-0.2382628801,1
1.5348608555,-0.4864289708,1
0.4727712543,0.1069818435,0
0.0514368388,1.0305281368,0
1.4368961342,-0.4960182469,1
0.9716048381,0.4831639432,0
0.7617170334,-0.5913060920,1
0.7739736589,0.5571497825,0
-0.6443495471,0.7029386546,0
0.8558816356,0.4694812923,0
1.5282144997,-0.2334152946,1
1.4840704979,-0.4579347354,1
0.8063944086,0.6367601995,0
0.8567501611,0.0388599347,0
0.9515816848,-0.2712216815,1
0.5654438792,-0.2815640785,1
1.2785243029,0.2830905428,0
0.6841561175,0.6016896357,0
1.3283491248,-0.3188308498,1
1.1392890863,0.0836989726,0
-0.2944874108,0.7435045049,0
-0.5526474588,0.8126407788,0
0.1198603177,0.7812070801,0
2.3284030717,0.3006395573,1
0.6942339491,1.0887384956,0
1.5132704370,0.0691759322,1
-0.1233413188,0.4962808630,0
-0.8932652600,0.3034708813,0
1.7133021270,0.1886562925,1
-0.6910925902,0.9865867376,0
-0.3375506784,0.7741819137,0
0.2620297268,-0.4943969625,1
1.8341133252,-0.0325596499,1
-1.2455679520,0.5962682871,0
0.6540655012,-0.0026210250,0
-0.2222681260,1.0055036092,0
0.3687330752,0.9563182859,0
-0.8417677862,0.7721117982,0
1.6375283625,-0.0779557996,1
1.7848534623,-0.3722775928,1
-0.0509239889,0.8917806026,0
-0.2608754427,0.9984706792,0
0.9034539635,-0.6192614989,1
1.2857132764,-0.5729763043,1
0.2607929308,0.6342523029,0
1.5707844974,-0.4246250458,1
0.5432566277,-0.4005164179,1
0.8699509659,0.4552770241,0
0.8634967135,0.7054661311,0
1.3030538362,-0.2774029272,1
-0.4832049994,0.8783733878,0
2.0852567422,-0.0171342134,1
0.9762019572,0.2087552905,0
1.3381340566,-0.2751178586,1
2.1653432218,-0.2405887551,1
0.0828442943,0.7453393284,0
-0.5343661797,0.4948438501,0
-1.1982637003,0.0743584459,0
1.0777111669,0.8567172444,0
0.1285905414,-0.3394055932,1
-1.3048989515,0.2511289589,0
-1.0968011286,0.5589727338,0
0.1134702253,0.5562584159,1
1.5646150488,-0.3285905016,1
1.5278576889,-0.4855704238,1
1.8314727065,0.1989521788,1
0.2273452701,-0.0984107865,1
-0.0511151678,-0.2664723530,1
0.0347352361,0.2731058330,0
1.2204364194,-0.7041466897,1
-0.1288297255,1.4376598803,0
0.1283463790,0.5779725519,0
0.7997501951,0.7222776049,0
1.0822973543,0.1443495870,1
0.3450972424,0.7813502987,0
-0.8280016827,0.8200499203,0
-0.0201473253,0.1525057346,1
1.0708543711,-0.3882412576,1
0.3685541923,-0.3232567508,1
1.6102056494,-0.4661418792,1
0.5617384046,-0.6293464290,1
0.4510217381,-0.4324160143,1
1.7840124423,-0.0610544860,1
1.0024880407,0.1913708411,0
0.7140347356,0.7240806867,0
1.4128485320,-0.4249786163,1
0.3752266106,0.8004048131,0
0.4279658648,1.0828111792,0
0.0996955779,-0.1955696024,1
1.0665178041,0.3409846583,0
1.6134315791,0.0383697729,1
-0.1144802559,1.1262352590,0
1.1290801048,0.4123949667,0
-0.4814442419,0.9994845159,0
-0.6931485967,0.7995592423,0
0.4141241929,-0.5639319346,1
-0.1671314674,1.1922448588,0
0.2541150584,-0.3166910497,1
0.3429614756,0.3606954241,0
0.8939430950,0.1441423633,0
-0.3723089185,0.3165977675,1
1.0538614190,0.0972227668,0
-1.0067804699,0.6515658634,0
1.9101622210,0.1483603453,1
0.8349248489,1.2568283622,0
0.4112722459,0.0031987090,1
1.4465861581,-0.5755066144,1
0.7160404784,0.3728370288,0
2.0958170547,0.1463273535,1
1.6738000624,0.2035103480,1
-0.1605928367,0.2096493304,1
1.1398458715,0.2350415780,0
0.2552841579,-0.3007637355,1
0.3097233154,0.7996910745,0
1.2421755517,1.2266421596,0
0.0137740249,0.9577907748,0
-0.1159387488,0.7087271988,0
-0.5226828893,0.8247832065,0
-0.4835843940,0.0764685653,1
1.1172635023,0.6940105239,0
-0.8788896646,-0.0811856995,0
-1.0967549109,0.4622630335,0
0.9940322004,0.1345639167,0
-0.2476303347,0.9590015172,0
0.6304173094,0.9233746525,0
-0.9501105400,0.2394175558,0
1.9701764715,0.3210239555,1
-0.6187328516,0.5219800148,0
0.4956028164,-0.0089610956,1
1.0584593989,1.0677699025,0
0.1706160212,0.1147329678,1
-1.0974013875,-0.1513081510,0
0.9480523799,0.4822110200,0
0.1907401539,1.0969098441,0
-0.9809564989,0.0431696806,0
0.6355340494,-0.4721014791,1
0.5947978227,-0.2297687169,1
0.1418568351,-0.3585854109,1
-1.1279961681,0.3766660868,0
0.5534583536,-0.0835684571,1
1.6332566214,-0.0116611760,1
0.9418925201,-0.8005912351,1
-0.3822523466,0.9378139904,0
0.5300939810,0.3592088581,0
-0.2021331236,0.7965271360,0
1.6896996779,-0.2488176051,1
0.9702572280,0.0610935517,0
-0.7622969778,0.4268760485,0
1.2527998390,-0.4160012149,1
0.7403120783,0.8690952974,0
0.7485778617,-0.3439473207,1
1.0853306653,-0.4515540167,1
1.0675980700,0.6729276443,0
0.5147328059,0.6921759842,0
-0.1170986580,0.4059849918,1
-0.1591964542,0.6942579522,0
0.6520855185,0.7215649840,0
-0.2254956801,0.5130704871,0
0.0574863009,1.1817261366,0
0.8257359769,-0.5306197495,1
0.1883189906,0.9856591632,0
-0.1654598631,0.9241352182,0
1.9921791725,0.5366279128,1
0.3169063917,-0.4204144036,1
1.0913382578,-0.4811618677,1
0.5463954997,0.3442383337,0
0.8406715058,-0.5005056796,1
1.4450939735,-0.3942339292,1
1.0693013900,-0.4580564611,1
0.8028359659,0.9328397697,0
1.3608067056,-0.5219008290,1
0.9833495749,0.0122742598,0
0.4205066063,-0.5128449225,1
0.9374523743,-0.4090400630,1
0.1259463716,0.0835058518,1
-0.1926006621,-0.1196654987,1
0.6021896390,-1.1175106633,1
0.4202284063,-0.0833317121,1
0.6620948393,0.5739841474,0
1.9513130822,-0.5412989011,1
2.1063988233,-0.0245583865,1
1.4885944186,-0.5569801915,1
0.7000121385,0.9208880819,0
0.1709033815,0.9470183009,0
1.5632993926,0.1722365455,1
1.8245459757,0.0554653834,1
-0.2450498702,0.4519782268,1
0.5712513477,0.5389606668,0
0.2047881670,0.0193099919,1
-0.9449048335,0.2025773141,0
-0.1318417521,1.1632442307,0
0.7516192603,0.8636626471,0
1.0792966291,-0.4459929297,1
0.5854214462,-0.5131550213,1
1.0568874378,-0.3259484883,1
0.5866627071,-0.2970773611,1
-0.0959621989,0.3038627674,1
0.3832543706,0.9296562770,0
-0.0566809814,1.0498200654,0
-1.2020384583,0.2249668020,0
0.7494652196,0.4489285342,0
1.0322741948,-0.4951377461,1
0.2014387840,-0.2637720069,1
1.5829070459,-0.4363849089,1
0.2206771869,-0.3645733245,1
-1.1366981923,0.0663068449,0
-0.6781070092,1.1267443789,0
-0.9311980444,0.2526765229,0
-0.1153818131,0.1107919012,1
0.7031605998,-0.4446953453,1
-0.2238198244,1.3164213866,0
0.0900443711,0.7798632995,1
-0.7330434460,-0.2991746113,0
1.7725977991,-0.3776069237,1
-0.0505599237,1.0056449391,0
1.2757409476,-0.7905572804,1
1.6590912555,-0.5568963695,1
0.5313860782,0.9271122342,0
0.5490014105,-0.0672513082,1
1.0417596101,0.3744768823,0
0.1218208129,1.1031942272,0
1.3628630180,0.4054446041,1
-0.7302171308,0.6761072611,0
1.0483633316,0.2627742856,0
-0.2493142148,1.2135989069,0
0.1342310268,0.7669171431,0
2.0477831212,0.2955648764,1
-0.5562624562,0.6461374803,0
0.7020914900,0.2563986977,0
-0.4147266541,0.7634269127,0
0.9683253906,0.1772841453,0
2.2101196141,0.4224378473,1
0.6566613789,-0.3884780514,1
0.2458084590,0.0421075165,1
-1.3107692311,-0.0886643906,0
0.7597464864,-0.6013134485,1
-0.7563308755,0.7912075315,0
1.0745059086,0.1477038730,0
2.1149230426,0.2711213070,1
1.2890041969,-0.6491020681,1
0.1561264206,-0.5240352607,1
-0.9369828757,0.0622299680,0
-0.0421696761,0.0263057059,1
0.7527353612,-0.4923433009,1
-0.3700894673,1.2336696202,0
1.1307694823,0.2340606720,0
0.1143251474,0.7691449922,0
1.6738610830,-0.1598168426,1
0.2029907614,0.6352165440,1
1.7236824184,0.1772328708,1
1.0864313352,-0.2319575101,1
1.4006505276,0.0452028153,1
0.5755831886,-0.5898867271,1
1.7694457499,-0.0197462387,1
0.9932459611,0.6625278845,0
0.3282309138,-0.5769195242,1
0.4292484194,-0.2590544080,1
0.9701886976,0.6477257203,0
0.9683838942,0.5972592665,0
-0.0096786775,0.5946461153,0
0.8039721675,0.1907608433,0
2.0369618400,-0.1709845065,1
0.8279878121,0.5862618363,0
0.8863785641,-0.2775410111,1
0.7048557478,-0.4276352310,1
0.5080380425,0.7074467985,0
1.2149022793,-0.4788645876,1
-0.0451687107,1.5693059017,0
-0.9997300485,0.0277124952,0
-0.0346447279,1.1093293421,0
0.0746042134,1.0361767738,0
0.7749574931,-0.1814240662,1
-1.1425203871,0.4026300037,0
0.8796614706,0.8776276269,0
0.7926227313,-0.2900063233,1
0.5082345454,-0.2682763098,1
2.0338624579,0.0973373370,1
0.3201830268,-0.2724391707,1
-0.1030939763,1.2524133291,0
-0.9198936147,0.4510550348,0
2.1730356439,0.3243995676,1
-0.0606866951,0.9215664553,0
-0.1614921986,0.2896693876,1
-0.9995888192,1.1063973263,0
0.4277114286,-0.4640742491,1
0.1910846012,0.6522067965,1
-1.1919573026,0.1724897228,0
-0.4989512315,0.9603460537,0
-0.0583924676,0.0451317348,1
1.1062013027,0.2700989097,0
-1.2247037233,0.5210665441,0
-0.6927156179,0.6747252526,0
-0.5189691584,1.1697322843,0
0.5614376783,-0.7364904429,1
1.6636955321,-0.1800241122,1
-0.6545768082,1.1015089625,0
1.2314147146,-0.1743605042,1
0.1126074338,-0.0886986807,1
0.6019057420,0.5708573944,0
-1.1781641250,-0.1921776744,0
1.4338806242,-0.2085782132,1
1.0979482094,0.3594851176,0
0.0750846491,0.1998774381,1
1.9948285614,-0.0989978563,1
0.2606323400,-0.5644536053,1
-0.7344345792,0.7829319179,0
2.0288946025,-0.4622089294,1
-0.4065503817,0.6372612400,0
1.9817253908,-0.3721221208,1
0.1277322277,0.2918822468,1
-0.0581617321,0.0031739656,1
0.7626090142,-0.1553101496,0
1.0234534270,-0.3030282053,1
-0.7750151280,0.6537823497,0
0.4678677606,-0.6651968711,1
0.2016629976,1.2229292877,0
1.6260649829,-0.2736347475,1
0.0849303635,0.9157985651,0
1.3952984793,-0.5977638958,1
0.4935734583,0.9864771885,0
1.2221010578,-0.3759009375,1
-0.0225579358,1.0589570531,0
-0.5526414004,0.6187848844,0
0.2641910047,-0.3587836034,1
2.2300763815,0.1701617067,1
-0.0275198060,1.3741504723,0
1.6237176788,-0.4811231749,1
0.2738119982,0.1394194486,1
1.8688690134,-0.1747529549,1
1.5028126073,-0.5617665530,1
0.8581612223,0.2200244558,0
-0.2316538938,0.7455246629,0
0.2348136538,-0.1184064419,1
-0.5080149998,0.6850980377,0
-0.2057569070,0.5267000732,0
-0.5887914257,0.9116746047,0
1.4979590553,0.0486872324,1
0.4522647242,-0.7529448264,1
0.6380041546,-0.2104591022,1
1.0272519081,-0.3400200005,1
0.3294090299,1.1806215067,0
0.9861214760,0.4566134147,0
0.7802732816,0.4464288288,0
0.4674278709,-0.5487840772,1
1.5455635425,-0.2607182234,1
0.1944570931,0.1957033607,1
1.9149366777,-0.2401557318,1
0.4136223192,-0.4968245505,1
0.9238270778,-0.1584819810,1
-0.1368089866,0.9234489716,0
1.1662042327,-0.1353238215,0
1.3666621735,-0.2776642996,1
1.8847272612,-0.3031211836,1
0.0965830672,0.9801036175,0
1.9200916146,0.0161134132,1
0.7365052579,0.8962773660,0
0.8871520291,0.0391648372,0
-1.0685595262,-0.2341193056,0
1.1595213982,0.7598296757,0
-0.7230046428,0.6118299451,0
-1.2665910074,0.1801647706,0
-0.4638364375,0.9312622038,0
0.3615066020,0.3133951475,1
0.5570191009,1.1310502029,0
1.2556530749,0.3498992077,0
0.3963735672,0.6924103405,0
-0.9465556262,0.5177969600,0
0.4979225782,0.7445562903,0
0.4201645604,1.2197916138,0
2.0692789247,0.6465599038,1
0.8895530586,0.2627709784,0
0.1734383861,-0.0568492904,1
-0.7245742166,0.9665658160,0
-0.7724110381,0.3074029087,0
0.2654886961,0.9915768984,0
1.5280525085,-0.2662683647,1
0.6118901313,0.9503829353,0
-1.0788856686,0.1751693587,0
0.6340556997,-0.5678417160,1
1.8779095226,-0.8862868259,1
1.1792326260,-0.0873771056,1
-0.8566739546,0.2093444992,0
0.9006625997,0.5583420925,0
0.5487793411,0.2230868102,1
0.4587653410,-0.2581547866,1
0.2862020335,-0.5476078859,1
0.3320140416,-0.2000325461,1
1.7998530801,-0.0075953631,1
-0.1458328827,0.3134308810,1
0.4395101187,0.3042525562,1
0.2980935450,-0.2333124671,1
-0.1557535924,1.0993980907,0
1.6432795704,-0.0839755282,1
0.4452649644,0.3776410640,0
0.7059173509,0.7630748751,0
0.5284752610,0.9945120599,0
0.3949456775,0.6245172831,0
1.5713880934,0.0351739012,1
2.5663379584,0.2064659085,1
-0.3867542027,0.4785535517,0
-1.1709361776,0.3152522015,0
1.5391682371,0.3615102549,0
1.6843822398,-0.5062293433,1
-0.5274095548,0.6134091106,0
-0.3249850068,1.0083604402,0
0.2385136289,1.1378998415,0
1.7768867586,0.1431932873,1
0.6396138090,0.1407518437,1
-0.8480170391,0.1454866531,0
0.6376169129,-0.0021011656,1
0.2245465415,0.3668398796,1
0.9357560408,0.6487051378,0
-0.9690069253,0.7706097947,0
0.3045180549,0.7690859724,0
1.5312645643,-0.7621773941,1
0.7441637966,0.2549807646,0
0.9973001378,0.1307194232,0
0.9334830828,-0.8630063846,1
-0.0964379670,0.9849560897,0
1.8004483110,-0.3101346047,1
1.6123058015,0.2860612366,1
0.9366042585,0.5206428039,0
1.0740957138,-0.1853770758,1
-0.9797404631,0.4280576420,0
0.8252128146,-0.4093072298,1
2.0723503649,0.5469484083,1
-0.2486148041,1.0504887948,0
-0.5566492663,0.1524538489,0
-0.6248529353,1.2658672250,0
-0.4186102962,0.5553001074,0
0.8989308342,0.7777397263,0
2.4384060165,0.0322488925,1
1.1144118522,0.9619378227,0
1.1865991671,-0.3300713516,1
0.0319180171,-0.0330419372,1
0.6140848628,-0.5854099900,1
0.6229135856,-0.2507170332,0
0.0047199824,-0.0153324999,1
0.0960562907,1.4323659499,0
-0.3062598613,0.7471729141,0
0.4553501123,0.9508340051,0
-0.3554306446,1.0932794187,0
1.8734297617,0.0649848897,1
0.7153095264,0.5723905505,0
0.9592616778,-0.0217678058,0
1.4911526256,-0.7205754449,1
-0.6508801876,-0.0572186875,0
0.3084799146,0.8989573809,0
0.0244214041,-0.0951796805,1
2.0113614376,-0.2138886202,1
-0.8773434734,0.7624158411,0
1.7910209562,-0.2214099236,1
0.5586877610,-0.1142165222,1
1.5700822661,-0.5503190814,1
-0.2513648814,0.8015938992,1
0.5363595831,0.1957329384,0
0.4623585901,-0.4336080174,1
1.4476283790,-0.1186718120,1
-0.0506401598,0.8715878407,0
0.1054313220,-0.2601269275,1
-0.6373572845,0.9497147502,0
0.7298256407,-0.4526367985,1
0.5816262186,0.7776613306,0
1.3343102832,-0.4673150112,1
0.8824723511,0.6011466713,0
-0.1889566669,0.7115088152,0
0.5106751891,0.3858330065,1
-0.2012462729,0.9320555693,0
0.9051443259,0.1424849479,0
1.4126353049,-0.6637655355,1
1.7546613143,0.2026708284,1
-0.0650199605,0.8867210605,0
-0.2058138184,0.5733978059,0
1.2877327981,0.3353442804,0
1.2253281530,0.4116103660,0
0.4581464036,0.8494489794,0
1.8324218189,-0.0239586593,1
1.8607952585,-0.1440000783,1
1.2234963600,0.2235848438,0
1.0423752893,-0.0778783995,0
0.7840396896,-0.6771300152,1
0.7031775096,-0.9731165228,1
0.4217097430,-0.0625696307,1
1.0194772210,-0.7711688385,1
2.1502306375,0.3658973521,1
0.6376571859,-0.7243242801,1
0.7413482446,0.6804517751,0
-0.9073017765,0.2402934853,0
0.6251408349,-0.4387455384,1
1.9625578927,0.0132934304,1
-0.3928901772,0.6991577934,0
1.9830517549,0.1408653965,1
0.0396784602,0.1794438141,1
0.2394723629,0.8462502682,0
0.6277005001,-0.7578180693,1
0.8836379890,0.7847754745,0
1.6350911294,-0.7291523234,1
-0.1200309266,0.1838849417,1
-0.0466716031,-0.4422865747,1
-0.9014467397,0.9716492389,0
0.4701664569,-0.2161159521,1
0.4822249926,0.2128868971,1
-0.2483199302,0.8278566383,0
-0.0384517175,-0.1757165816,1
-0.9076754409,0.1391103563,0
1.1168443488,0.3843825626,0
1.7067310303,-0.2500939116,1
0.8273350417,0.3020114985,0
1.7464695786,0.2450829974,1
1.4521671696,-0.7556037377,1
0.1423728276,0.9994571944,0
0.0642132918,-0.2458892417,1
1.4654795287,-0.3758109731,1
-0.4520330951,0.7430247310,0
1.1074776796,0.8405722501,0
1.9158063303,-0.0247760032,1
0.5115271421,-0.3908601377,1
1.3334331626,-0.3916466835,1
1.6977866354,0.1163857651,1
0.8727143740,-0.7725785684,1
0.7706842550,-0.8125123991,1
0.3330362004,0.2068110502,1
1.4408118864,0.0843328807,1
1.0938723368,-0.0964408560,1
-0.8339760875,0.6595602501,0
-0.4339441624,0.7110020927,0
0.0023043251,-0.3252562062,1
1.0340540102,-0.1023123359,0
-0.0478121379,0.6258725865,0
0.9050345668,0.5337380510,0
-0.3794145649,0.3942214872,0
0.7011857535,0.5260306231,0
0.6531978701,0.8282667724,0
-1.2814918640,0.5341706987,0
0.3204180953,-0.3023188778,1
0.7776930168,-0.5351625145,1
0.2926662519,1.1059488691,0
0.7427537125,-0.1184547263,1
0.1551197022,0.6311561075,0
0.1970777082,0.8133741005,0
-0.3910574087,0.8416924837,0
-0.0616991726,-0.0633542570,1
-0.1230094109,1.0344685118,0
0.5996143840,-0.1969152557,1
0.2383978130,0.9939083313,0
0.7810235544,-0.3680822295,1
0.1471227649,1.0549716231,0
1.3266889366,-0.4000983476,1
1.1040555889,-0.6292084231,1
-0.9660861406,-0.2214479841,0
-0.9802248873,-0.1183265853,0
1.2958263690,-0.3451138676,1
0.8405959650,0.0300469493,0
0.3637977030,0.4738223124,1
1.5354761202,-0.3353139193,1
1.1121189862,-0.7057677839,1
0.2482281283,-0.2761904079,1
-0.0695087089,0.2156431777,1
1.4223783347,-0.0574251009,1
0.0594246529,0.7974164288,1
0.7913079059,0.1754394654,1
-0.2943852791,1.2052188168,0
-0.1812061204,0.7299051572,0
-0.1692036284,1.0055250376,0
-1.1010108285,0.3974949728,0
0.9306991682,0.9583077626,0
1.0699376746,-0.4646985291,1
0.4608358666,0.4513391844,0
0.1467536219,0.7249545278,0
-0.7225886396,0.0878334962,0
-0.8925816947,-0.0488913896,0
-0.9606424124,0.7636653053,0
0.7019034156,0.6943261270,0
-0.0077713002,1.0147317860,0
0.2524437975,1.1070157030,0
0.5988950919,-0.4933017402,1
0.4773708450,0.2707775795,0
1.7549962447,0.2749807838,1
0.4290621156,0.8780705401,0
0.0309837862,1.2388960977,0
1.3416031566,-0.5126588334,1
0.8994304382,0.7840420929,0
1.6000322192,-0.2710630055,1
-1.2126515878,-0.3052227291,0
1.8052454867,-0.2573280998,1
-0.7618770548,0.3273147740,0
-0.0664989938,0.9275970305,0
0.5221294197,-0.6063849446,1
1.6122299494,0.0567937662,1
-0.7664599391,0.4155620971,0
0.1734436406,0.5808407602,0
2.5052011033,-0.0615445703,1
-0.8017600777,0.6025218414,0
2.0230156688,0.0961699013,1
0.8154900667,0.5878847013,0
-1.2949750586,0.6339038902,0
1.2990932728,0.8698600913,0
0.6751343866,-0.1122091141,1
1.0236043448,-0.4986033928,1
1.8255422081,-0.0975698668,1
0.5032276717,0.9166243105,0
1.3565165164,-0.6440432988,1
-0.7715026703,0.3877247240,0
0.9663263008,-0.4284042985,1
1.4474599227,-0.1410359015,1
0.3271051687,-0.0475009918,1
0.9037042006,0.3178674979,0
-1.1483478611,0.1329517672,0
1.7712369464,-0.0327061634,1
0.3245312304,-0.2062206841,1
-0.6170771384,1.0472073843,0
1.4026800643,-0.0038007885,1
0.5569914161,0.9621377653,0
-0.9544662968,0.2125803732,0
-0.4676798223,0.0513105627,1
0.2700167796,0.0931980091,1
0.4490990003,-0.4062812569,1
0.7129333281,-0.0302590774,0
1.6838196623,-0.0973676866,1
1.1543822536,-0.4647203761,1
1.2815400005,-0.4968893343,1
1.0286457125,0.3036889750,0
0.1270906197,1.3673453816,0
-0.7748610635,0.5901413309,0
2.0097472795,0.0018321644,1
1.6163863628,-0.0651666407,1
1.6015102755,-0.5177811843,1
0.2417015297,0.3119295046,1
0.6472353238,-0.2374467463,1
2.1808386695,0.0136502433,1
1.1692605059,0.4845208568,0
0.4068887196,0.1778918646,1
0.7410859148,0.6657415030,0
1.0373894977,0.3924493938,0
0.7070015340,-0.6635377968,1
0.9986984073,-0.6102995020,1
1.5656985995,-0.5632188760,1
0.6869126076,0.3179161014,0
0.5280010098,-0.2396783441,1
2.0613776330,0.5169712153,1
1.1974316512,0.6834367620,0
0.4990566308,0.9085253964,0
-0.6007515573,0.6082313911,0
-0.6435351740,0.5998286649,0
0.8313321876,-0.3861865735,1
0.7116140140,-0.6872382477,1
-0.5167232298,0.6820038233,0
0.1316788980,0.1353473615,1
-1.0395299006,0.1332125297,0
0.8470811412,0.9668071460,0
0.2922606345,0.0307818256,1
0.6011241962,-0.0104527116,1
-0.2172440298,0.6170475840,0
-0.6320756702,0.6600067925,0
0.7749322168,0.8102706986,0
1.6195222404,-0.5954203935,1
2.1421284608,-0.2527120661,1
-0.8711459356,0.2409941306,0
0.2503436896,-0.2005346857,1
-0.1676384792,-0.2088132976,1
0.2501705833,1.2333964444,0
-1.0836799408,0.5818915200,0
0.0471857781,-0.0565144441,1
-0.4923903834,0.4812729138,0
-1.3987789453,0.5000387721,0
-0.6012416311,0.4883523148,0
-0.1102202469,0.8307721754,0
0.9927477301,0.3314607995,0
0.5645289718,1.0023222834,0
-0.2541920890,0.8765394799,0
1.4783916867,-0.7392684017,1
-0.0654702665,0.1686792686,1
0.5754745537,-0.0007977180,0
0.6992225841,0.5153734535,0
-1.0114538538,0.6702220634,0
1.7542464696,0.6364186404,1
-0.3559634818,0.8517325331,0
0.4961809156,-0.4911812991,1
0.8144330684,-0.8658690613,1
-0.5535066741,0.8286846690,0
0.3240552425,0.5819545250,0
1.2560577990,-0.4301064458,1
0.0476055700,0.3557346187,1
1.7706094626,-0.3085868832,1
-0.5185100406,0.6507771740,0
1.6069280250,0.0229859340,1
0.1831929675,0.9718616235,0
-0.5182618515,0.3645810759,0
-0.0060961630,0.5238726683,1
1.0365935388,0.7229020235,0
0.9207167708,0.4382593967,0
-0.2005154856,0.5821333068,0
-0.8280972108,0.0745036477,0
0.5173475073,-0.2405288715,1
0.3758608822,0.7964787467,0
1.8937704048,0.1058697874,1
0.9683881133,-0.3700412987,1
1.6036675584,-0.4153604678,1
1.2753252827,-0.3226660616,1
0.4164959336,1.0244678460,0
1.0434940963,-0.4048112408,1
0.7433668793,0.6183770703,0
0.4548087222,-0.5980760721,1
-0.9380135720,1.3289941341,0
1.0535804803,-0.2277158145,1
-0.2971770569,0.9654189360,0
-1.1791499324,0.1953237949,0
0.6440271042,0.5898613858,0
1.2123830314,-0.4064696226,1
0.3892874065,1.0616564980,0
0.6886717910,0.0571592068,0
1.7020376978,-0.1875969820,1
1.5713991103,-0.7397667622,1
1.7244675205,0.1461091820,1
-0.0170301598,1.4127717914,0
0.6381469555,0.9751013716,0
1.7256536271,-0.0346481418,1
1.4446874914,-0.6129865512,1
-0.4741221785,0.9368038589,0
-1.1100535238,0.2734711344,0
0.6269544777,0.8005512787,0
1.5915892470,-0.1919623785,1
0.9671430662,0.2405195773,0
-0.8405101432,0.5454042844,0
-0.1939799813,0.6753342480,0
0.5055761546,0.1751730518,0
-0.4768007693,0.8402129169,0
-0.0638433981,0.7267189774,1
-0.6071120935,0.4958858504,0
-0.3832251945,0.4206783560,0
-0.0848058023,0.8709504907,0
0.1139022028,0.1421773130,1
0.3257536797,0.0456045391,1
0.9034087169,-0.0720068061,0
1.3956434585,-0.7399573978,1
1.3771965796,-0.2370851830,1
-1.3243335862,0.8325241841,0
-0.5087900536,0.6199421973,0
0.8324169288,-0.3717833088,1
0.3324823156,0.7205710390,0
1.1469934505,0.4730822776,0
0.6039986530,-0.2531209478,1
0.2799790095,-0.1158302649,1
0.8313133034,-0.5887808028,1
1.1390677718,0.5124587922,0
0.1950591357,-0.0183490090,1
2.2036366167,-0.0031653997,1
0.6928440489,0.5221069983,0
0.8732473630,0.1301919512,0
0.4299234404,1.1698554789,0
0.2915004035,1.0616579986,0
0.6986912738,0.7783614772,0
0.1712844760,-0.0276147763,1
1.0285467211,-0.5635281978,1
-0.8203839379,0.6459100873,0
1.6212880569,-0.2347741985,1
0.5508847996,-0.0149436232,0
0.2206654940,0.2275520869,1
0.6359039105,-0.0396505998,1
-0.9462201949,0.3318532620,0
1.6569401505,-0.3794613717,1
0.2882076443,-0.4613379794,1
0.9181161759,0.8860988741,0
0.8861914667,0.3630956661,0
0.6458343957,0.2693761288,0
0.4815621306,-0.1083842694,1
0.0311834431,0.8082855249,0
1.2092553744,0.5133139609,0
1.7005831953,0.2306176134,1
1.7952885920,-0.0271611522,1
1.4302747824,-0.0597168524,1
-0.1886157211,0.2653960262,1
0.3980131584,0.7650868438,0
0.9449942686,0.0077543080,0
0.4752322195,0.1103261447,1
0.9052209466,0.3732615131,0
0.0024586920,-0.3305168069,1
1.9300900909,0.1321390967,1
0.0353708908,0.7581777384,1
-0.0931859559,0.7059424911,1
-0.5076682055,0.9302347262,0
0.3441741875,1.2227427447,0
-0.4344745642,1.1435587190,0
-0.5960039823,0.1781990508,0
-0.4332800957,-0.3515379376,1
-0.0651739591,0.3452266057,1
0.8178650004,-0.4040871711,1
0.0084284562,0.1997289688,1
0.3872544216,-0.3112360792,1
1.8676033599,0.6337277231,1
0.1169520987,0.3784396722,1
0.0822405848,0.7459494696,1
0.6100458062,1.0918065987,0
0.8211491678,-0.7951510016,1
-0.1550851458,0.7566798791,0
-0.7376246553,0.2270503017,0
0.8938594249,-0.1785318796,1
0.7370644325,-0.2584307848,1
-0.6249430209,0.7531412674,0
0.3143439271,0.8221792033,0
0.1530727791,0.2380933831,1
0.6947212369,0.1464582830,0
0.4543232541,-0.2266687122,1
-0.8258971919,-0.0341858173,0
0.1663447675,0.1905487493,1
-0.4896161755,1.0732512810,0
1.7993056054,-0.2978274584,1
-0.4676000619,-0.1590540893,1
-0.0684562040,0.3570746722,1
-0.0354260063,-0.0422516505,1
-0.1222505996,0.8434155240,0
0.5835818531,1.0399235888,0
1.6212894072,-0.5222238403,1
0.4303849336,0.0178998865,1
-0.8731026146,0.7309812570,0
0.3309475831,1.0051971342,0
0.0630672860,-0.6825974409,1
1.8825833831,0.3704342520,1
2.2992313240,0.1421868973,1
0.8050741752,-0.9847178457,1
0.8535117279,0.1536792505,0
-0.8333001772,0.3127681498,0
0.0067363834,0.2855920685,1
0.7630800987,0.5635456635,0
0.9115989373,0.0630966554,0
0.0021555764,0.8862372333,0
0.7820564009,-0.7477584510,1
1.6251144009,-0.3806523862,1
2.3658174784,0.4300727664,1
0.9747187200,0.5037747340,0
1.2236293715,-0.0935796942,0
2.1188881214,0.2595827947,1
1.6663360368,-0.1704305431,1
1.0293261386,0.0751687805,0
0.0324612885,-0.0476623170,1
1.2178792441,-0.5134386168,1
0.1911802960,0.1383741111,1
-0.2233182493,1.2553015221,0
-0.0300626731,-0.1720539236,1
0.5523672392,1.0264657656,0
0.0662052786,0.9482936756,0
1.5557364239,-0.8023535538,1
-1.0655131920,0.5172138712,0
1.6246207403,0.0316930126,1
0.6986191447,-0.3722359734,1
0.1581889633,0.9820391176,0
-0.6126201907,1.0030747163,0
-0.1595556203,-0.0367615970,1
2.0825184495,0.0278603984,1
0.9530365697,0.3402560483,0
-0.0711957169,0.3019619744,1
0.3614881281,1.3811214026,0
1.4026175315,-0.4165073373,1
1.1888277162,-0.2670214869,1
0.1372979033,-0.0208193463,1
1.9337814585,0.0569149035,1
0.9758549851,-0.3167229822,1
-1.0930123213,0.0521500837,0
-0.1606613452,0.8062267031,0
1.4824052169,-0.5253036430,1
1.8355087300,-0.2358345588,1
0.4275177129,0.0653176385,1
-1.0435043725,0.4053363026,0
-0.5024155873,0.9597019364,0
-0.1134135795,1.2094301704,0
1.4796804090,-0.5107686132,1
-0.8452838973,0.0616974578,0
0.6745724522,0.3777778085,0
1.1483056380,-0.4670707833,1
0.4910822794,-0.2921412648,1
0.7227776056,0.0539173074,0
-0.7603339111,0.2333569700,0
0.4965461311,1.4719967622,0
-0.5416375200,0.9884394231,0
0.0539079074,-0.3825883076,1
0.9821266715,0.4679597100,0
-0.0726158660,0.4517120900,1
-0.8938265088,0.2497363994,0
1.7184382931,-0.4728633199,1
1.0591844247,-0.4150131476,1
-1.4766592206,0.3740954858,0
0.7923197158,0.2137718387,0
-0.7880526244,0.9355694624,0
0.2669939759,-0.2912767514,1
0.0570154396,1.1930904590,0
0.2426420809,0.5278798897,0
0.3427826817,0.8441252914,0
1.0884887826,0.3596883830,0
0.6235875881,0.0633312299,0
0.9805935204,-0.7448829003,1
-0.3162478105,0.0937606900,1
-0.2839072887,0.0011018864,1
0.7601376737,-0.5742227079,1
0.8185813842,0.5566288338,0
-0.2292425681,0.2096832089,1
0.1401175918,-0.0414479634,1
-0.1339726816,0.4684947953,1
0.6168767885,-0.6900480468,1
0.0781041196,-0.3198338073,1
-0.8690740593,0.9895406998,0
2.0290781290,-0.0550948826,1
0.8991628306,-0.3229484175,1
-0.6871677607,1.0119510775,0
0.5863386537,-0.4437379709,1
2.1480013095,0.5346321377,1
-0.1196655233,0.1705522871,1
1.2924943901,-0.4330531962,1
-0.8511974159,0.8156464953,0
1.2889928559,-0.3252706628,1
2.1707723314,0.1012479925,1
-0.9981673915,0.4385781216,0
1.1587894812,-0.6257139444,1
0.0231133141,0.6799449251,1
0.1852893035,0.3521597737,1
1.2033771177,0.7133681449,0
-0.1895618594,1.0664339314,0
0.2623147791,1.2553605755,0
-0.0932188516,0.5657232816,1
0.8682250978,-0.2957443923,1
-0.2198363234,0.6213997621,0
0.5308313169,-0.1337468153,1
0.9133945762,0.3834031660,0
0.0147736323,0.0987043789,1
0.4758203559,0.6193527845,0
-0.7824069627,-0.0372748446,0
0.9068547836,0.8986776733,0
1.4500640123,-0.4646544140,1
0.1532280030,0.2088546050,1
0.0649270183,0.9977532917,0
0.4265916980,-0.0823054297,1
2.1106447354,0.2912961629,1
0.2884127312,-0.2498646320,1
1.2473187701,-0.1088782127,1
-0.7779086954,0.5775606045,0
2.1724872297,0.5687604173,1
0.2662795921,0.9747905062,0
1.7420757489,0.1455217430,1
0.2520867753,0.5983353925,0
0.8793488060,0.8027868134,0
0.7095365360,-0.6217365879,1
-0.5795287028,1.0495857506,0
1.6121876405,-0.3655062774,1
-0.0486114744,-0.3825206539,1
1.0028428378,0.5755972455,0
0.3578896265,0.2212201497,1
0.8238752546,0.4883015342,0
-0.2206225946,0.8812556817,0
-0.3077682578,1.3051810289,0
0.9102004996,0.8371264417,0
0.9327878457,0.7164006811,0
-0.2555188601,-0.1328637704,1
0.3081399183,-0.7743234078,1
0.1483468804,-0.0567605380,1
1.1653668028,-0.9258964570,1
0.9915021414,0.6936219651,0
1.2341434886,-0.5372786258,1
0.7481461535,-0.2027427439,1
0.5205770570,-0.0536896109,1
1.5870238094,0.0754349226,1
0.9361192537,0.0169432588,1
1.5000873476,-0.0288816014,1
1.6333314272,-0.4220573131,1
1.7823222559,0.1658686128,1
-1.0947203118,-0.0953052620,0
1.9298647687,0.8797584639,1
0.2829754766,-0.2090926579,1
-0.5337349066,0.4243698736,0
-0.1736691543,0.2462227580,1
0.7492056545,-0.5260625655,1
0.1119439436,0.0584580073,1
-0.6035135991,1.0097038329,0
0.6298289875,-0.3196018106,1
0.3645768287,0.1544496914,1
-0.5395328585,1.0255759484,0
0.7368608403,0.9216569358,0
0.8718994731,-0.7194511695,1
0.5766608325,-0.4087313087,1
0.7186468092,-0.6224657047,1
0.9505234249,-0.0354529768,0
-0.4293312428,0.6030202393,0
-0.8787075882,0.2249123502,0
1.4127521419,-0.1692799237,1
1.1669290320,-0.0201490065,0
0.7567782247,0.5347811837,0
1.0568121595,0.1360838728,0
0.0325948282,0.6234051193,1
-0.7645351358,0.2284842348,0
-0.3713165849,0.9605220345,0
1.2568425762,0.1066304726,0
0.4297346179,-0.1350180540,1
0.4510340814,0.5563633663,1
0.4989740975,-0.0343079570,1
0.2999143088,-0.3940147647,1
1.3850849580,-0.1744697950,1
-1.3642789084,0.8788158469,0
0.8205694910,0.3629111350,0
0.3272426351,-0.1334292599,1
0.2384763524,-0.2445528867,1
1.9472058918,0.5301702097,1
-0.1691787316,-0.2400989193,1
-1.2207987824,-0.3753535878,0
0.4352080625,-0.6319661641,1
0.8877714586,0.4620395445,0
-0.1911505533,0.2664084740,1
0.5411752622,1.1182411624,0
1.0956625332,0.3469127072,0
0.0533170296,1.0722596752,0
0.3254522913,1.0722427086,0
1.1995374840,-0.6236173974,1
-1.0751189265,0.8721768728,0
0.7317179814,-0.4644501140,1
-0.4230546261,0.5237404389,0
0.9262983393,-0.5924343777,1
-1.1333871351,0.6011364805,0
1.4223220520,0.2939467352,1
-0.3767693624,0.9434261223,0
-0.0489944648,1.2506820131,0
-0.1366174368,-0.0115920426,1
1.7178971736,0.0262135210,1
1.6625794603,0.0250741330,1
0.3432525227,0.1526078358,1
-0.5758826319,0.6842456864,0
1.5195749884,-0.1563553493,1
-0.8848912511,0.9265426571,0
-0.4994134410,1.0210004881,0
0.1609962808,-0.0444756731,1
1.8772646382,0.1326473619,1
0.7705917837,0.6102487133,0
0.8463847863,-0.3305466064,1
-0.7677326524,0.8879128644,0
0.3663426730,0.9723900770,0
0.1325023732,0.2356667139,1
1.3798173184,-0.1728552840,1
-0.2231565713,1.0018845570,0
0.7945210626,0.6248978711,0
0.6214641913,0.5579355429,0
-0.6461305533,0.2912337151,0
2.2179127065,0.0334817897,1
0.9141305993,-0.0426783948,1
-0.1059898211,1.2276681297,0
0.5304974811,0.9857306601,0
0.3399696922,-0.1418665650,1
-1.3406826522,0.4879032319,0
0.6294639370,0.9991746823,0
0.1599324037,0.9552864170,0
-0.9169745340,0.5207148668,0
0.6353630816,0.4905298394,0
0.1880258861,0.8126518174,0
0.4366758421,1.1388978786,0
-0.0014872452,1.4107364408,0
1.0367741940,-0.4911151048,1
1.8086443308,0.4189338362,1
0.4856056664,1.2156824668,0
-0.8792071275,0.6519047632,0
-0.1414907214,-0.3590534322,1
0.2322595943,0.4277333291,1
0.3676494121,0.1445085170,1
-0.6366111341,0.6422159604,0
0.9625148145,-0.1766731960,1
-1.3369919708,0.7575192907,0
1.5486955189,-0.2703947702,1
1.1433020432,-0.3207534763,1
-0.2907520929,-0.3844180438,1
0.2747214819,-0.1608655511,1
1.0958342370,-0.5698251360,1
0.6309613201,0.3684245861,0
2.0458354443,-0.0232264150,1
-0.6308222566,1.1020092378,0
-0.3179728860,1.0718466402,0
-0.1715300370,0.4623816708,0
-1.1902453302,0.4932470871,0
1.3065627176,-0.4231675472,1
-0.2880818311,1.0587345005,0
0.7908559850,0.3879093316,0
0.8939666028,-0.8483264335,1
0.7764915514,0.7352332580,0
0.1177492067,1.3171616554,0
0.2254376092,-0.3022625859,1
-1.2360355467,0.4777910443,0
1.6495019902,0.2790267685,1
0.3922419827,-0.0970070117,1
0.5698315865,0.3910207013,0
0.8515008859,-0.4749188720,1
1.9982487863,0.1284229854,1
1.4569831807,-0.4203697936,1
-0.1014363099,1.4443465169,0
1.3488827385,0.4745318256,0
0.3332440294,1.2085902577,0
-0.9807211918,0.3191939350,0
1.9040200448,-0.1756120583,1
1.2616364641,0.3260061889,0
0.9335304826,-0.7459039485,1
-0.1280564817,1.1568636253,0
-0.8178892308,0.0951957134,0
1.0598932252,0.1358831512,0
0.5677382065,-0.1475305783,1
1.3335440299,-0.0878863941,1
0.4091915847,-0.2446002852,1
-0.5251169328,0.3798407731,0
-0.1968962632,0.4776473282,0
-1.0549638619,0.4035330984,0
0.2944863135,0.0723485224,1
1.9502770976,0.3000180430,1
1.9556211955,0.3418967607,1
-1.0299611028,0.3570949734,0
0.5753188115,0.9980765126,0
1.0569387766,-0.5073176693,1
0.4720973551,1.1738172280,0
0.1732372820,1.1497363893,0
2.1269110116,0.4350257799,1
1.4300955949,-0.2062506399,1
1.3350751264,-0.3563515795,1
0.1638622162,0.2078631355,1
1.0842651811,-0.9582549539,1
-0.2978756542,0.3515373865,1
0.6085913950,0.1827095691,1
0.8687401825,0.6777925658,0
0.2962893771,0.7017673214,0
0.1700991912,0.0748825575,1
0.6203149129,0.7727967379,0
1.1519771454,0.0763455273,0
0.9287704078,-0.2600636541,1
0.0091060381,-0.2905132129,1
0.6986791107,-0.5840202589,1
1.7321575325,-0.4244939991,1
1.3332336609,-0.6155066560,1
-0.8064868031,0.6682718970,0
0.2147591386,0.7558814466,0
-0.5416904382,0.4139743493,0
0.4196025965,-0.1474840514,1
-0.3619849278,0.8837254239,0
0.1811677381,0.0025404592,1
0.7084999354,0.7434325641,0
1.0023021905,-0.6981117372,1
-0.8172988162,0.4890876725,0
2.0773175549,0.5836128853,1
0.1005549572,1.3547708722,0
-0.1540237118,0.6371764857,0
-0.7084288510,0.9966392867,0
1.9587097516,0.2985441378,1
0.0238750665,-0.0968729248,1
0.9965196372,1.0797105955,0
0.9927269758,-0.6337564444,1
0.6261518266,0.0182125681,1
0.9656007222,1.1205212990,0
2.2529911065,0.5990376379,1
-0.1608683598,0.9994159873,0
0.0561005322,0.4087926685,1
-0.8604249450,0.0533669504,0
-0.4810329565,0.8403924890,0
1.6919793639,-0.3035993445,1
1.9852311265,0.1170142758,1
0.7082618545,0.1701149186,0
1.2803280716,0.0151706097,1
0.3729353407,1.0019520977,0
1.1827330903,-0.7028921996,1
1.2184505700,-0.4642947366,1
0.1017385649,0.9862350717,0
0.0959157001,0.9245729752,0
0.9838214223,0.8366437175,0
0.2114188580,0.4292562082,1
1.0892927121,-0.4476365385,0
0.8980337762,-0.5219366603,1
-0.8043004878,0.7722722152,0
1.9168265289,-0.1969872534,1
1.5271170157,0.0282363468,1
1.2535877568,-0.1053637374,1
0.5268496429,-0.0158190519,1
-1.3032464783,0.1697418377,0
0.3567129860,-0.4994092931,1
2.0429198439,-0.4114094531,1
-0.2230496801,1.1374553184,0
0.5230417160,0.7195074830,0
0.3330443738,0.8388843853,0
0.2880838002,0.6551786227,0
-0.9703060042,0.2324816690,0
1.9152088330,-0.2188266923,1
0.8448950011,-0.5677171854,1
1.2069124303,-0.3356124415,1
1.6914382749,-0.3886309136,1
0.3504424225,0.4379548804,0
0.6598155940,0.6296505637,0
1.4943625760,-0.4861881979,1
-0.4139172887,0.9765330045,0
0.4620829431,-0.0482543491,1
0.7831431871,-0.5342256025,1
-0.4972020663,0.8328341182,0
0.5043288889,1.1818029105,0
1.7425157825,-0.3145768578,1
0.0666804414,-0.0515067805,1
1.4057592760,-0.5275931778,1
-0.9777844853,0.4489348941,0
0.0510140430,-0.9383576606,1
0.3466228427,-0.3503875754,1
0.8464546514,0.1758497979,0
1.6606531026,0.6116082755,1
0.3646224987,0.9109007794,0
0.5269619220,-0.3090349088,1
0.7720853978,0.8970565658,0
0.2276605612,1.2120837269,0
0.4121582909,0.9345292121,0
-0.2968771863,0.6836648902,0
-0.2696289116,1.1109748362,0
0.4900357158,0.9967365407,0
0.8789167927,0.5358249993,0
0.0566350810,-0.7231030475,1
0.3689029805,0.0301490130,1
0.3105736116,0.0390535253,1
0.4989024312,1.1042402479,0
-0.2037002206,1.0072806074,0
-0.3461328655,0.6374147470,0
-0.6358563167,0.7484722707,0
0.6934202762,-0.5428081939,1
1.6380100165,0.4536491709,1
-0.0866674089,0.5737283062,0
0.4316221030,0.5528163794,0
-1.0770633653,0.5766962545,0
-0.0033561215,1.1568141126,0
1.1188234825,-0.0303169439,0
-0.6727956192,-0.1206258060,0
-0.1978729452,1.0067016299,0
-0.8490074825,0.7027966565,0
1.0370354107,0.2433722196,0
1.6894642706,-0.1443801469,1
-0.7973338041,0.2808990446,0
1.9427724020,-0.1098499821,1
1.8307051861,0.1458317398,1
0.1168697210,1.2139331093,0
1.0445057565,-0.4891677558,1
1.2193071238,-0.1773652951,1
-0.5928085415,0.3300088351,0
1.9530448416,-0.1309640454,1
-0.9911476892,0.0295625209,0
0.7803616263,0.7115701201,0
0.0951526206,0.1461186840,1
1.8998747102,-0.1917377944,1
0.9608627531,-0.8581605802,1
-0.5243523421,0.7411032398,0
1.0648760922,0.3780070768,0
1.6636693698,0.1497367215,1
0.0048384983,0.2807520997,1
1.0455874986,0.3513548873,0
0.8933781548,0.3180831905,0
-0.9520826452,-0.0413050941,0
0.5426002183,-0.6665026347,1
0.7399964959,0.6460966188,0
0.7129210245,0.1168008417,0
1.4465352705,-0.2162416286,1
0.6264408320,-0.4400422513,1
1.0656686411,-0.3938202557,1
1.9122923684,0.4880873752,1
1.7011324305,-0.4252411571,1
-0.0869502289,0.4803994466,1
-0.8909208882,0.0991446350,0
0.2116921586,1.3200689599,0
0.6141988876,-0.0135513714,1
-0.7854711923,0.3398202922,0
0.9035724448,0.4188483478,0
0.4722407935,1.1804515481,0
1.5635257529,-0.1775152188,1
0.9248161181,0.4603724590,0
0.7687393038,0.5398040083,0
0.4299824127,1.1913404121,0
1.5170371793,-0.3582925234,1
0.9834354694,0.4508372553,0
0.2711559233,-0.2853762220,1
0.9768684109,-0.3812093518,0
-0.5062936648,0.6240378085,0
2.0670944470,0.0510892592,1
-0.5270881184,1.0545880174,0
-0.1672045812,0.9687869358,0
0.5262785930,-0.0385744977,1
0.6322624658,-0.1131393875,1
0.4875487675,-0.4350807613,1
1.2766035181,-0.2567929781,1
1.0912495511,-0.1515694772,1
1.8731048417,0.5354092934,1
0.6568272564,-0.3225013290,1
2.0097311530,0.1310690963,1
-0.0371211658,0.2670264687,1
2.1345849397,-0.0775429696,1
-0.2282775390,0.4531031495,1
0.0682748428,0.6492394429,1
1.0686320967,0.5910476907,0
2.1361714881,-0.2175601507,1
0.4411081323,-0.1009109237,1
0.1108693249,-0.0103866632,1
-1.0151613261,0.1548771646,0
-0.8321536425,1.0644501273,0
-0.9211465828,0.3281849597,0
1.6604522738,-0.7003869394,1
1.4748861989,-0.3269471511,1
1.7259170517,-0.5380830460,1
-0.8747963128,0.7224421716,0
1.2369247305,-0.6203104265,1
0.4137489892,1.4167902583,0
0.0490678437,1.0068848228,0
1.6877837947,0.1248152057,1
-0.9403519290,0.8417989241,0
0.9222169942,0.8918784558,0
0.0557563848,0.3633389616,1
1.5898020842,-0.1548093750,1
-0.0518938113,1.1856634191,0
1.0600202208,-0.5700662786,1
1.4863313650,-0.1401180238,1
0.2712174452,-0.6258175550,1
0.0132000948,-0.1889400670,1
-0.6727971358,0.9229883655,0
-0.0697017489,0.6885085793,0
2.0714088502,0.3720532019,1
1.4889626930,-0.1964326768,1
2.0433819526,0.4032469656,1
1.1210338424,-0.3172856388,1
0.9451905253,0.1572310778,0
-0.5324155377,0.9500505388,0
0.8531618394,0.3170324143,0
-0.9769697590,-0.0070557419,0
0.0938260694,0.6970970149,0
0.8148446436,-0.4268075130,1
0.2609919854,1.0350983283,0
0.4511062950,0.9307681801,0
0.3295921548,-0.3830660119,1
2.0056403299,0.8793138437,1
0.1936327572,0.0909829010,1
0.7366131397,0.8425482503,0
-0.3702608022,0.3710071873,0
0.1212090351,1.2421299989,0
1.0988993346,-0.2234001959,0
0.4400633503,-0.2907054773,1
2.0048777951,0.2880347736,1
2.1843693026,0.4148233558,1
-0.7142599229,0.1212191689,0
-0.6015536914,1.3071854045,0
1.6661043530,-0.1163619863,1
0.6560861011,-0.7354376805,1
0.2190981046,0.8539346784,0
0.1839954408,0.8964300488,0
1.5398481052,-0.0721631314,1
0.3782006137,-0.0857353359,1
-1.1659841274,0.5550159755,0
0.1308922874,0.0278888894,1
1.0257891544,0.1438203051,0
0.0691785861,0.7324629724,0
-1.4216464005,-0.2116656491,0
-0.8955535631,0.4150905115,0
0.1549569321,0.7334808368,0
1.8253810771,0.0804698080,1
1.4744506695,-0.2790080623,1
0.7418007300,0.1548982358,0
-0.6568532798,0.3598333908,0
0.1073694235,-0.2528703473,1
0.7623273921,-0.5130746477,1
2.1702939475,0.7355670463,1
0.5634948059,0.3724953662,1
0.3342956533,-0.1878798741,1
-0.0499982836,0.0242861150,1
1.7332470953,-0.5328306889,1
0.5243509551,0.4425950947,0
0.0367141121,0.0756527389,1
0.4797904369,0.3950590249,0
1.8154637996,-0.3470235696,1
1.2232938174,0.4317426530,0
0.3152442945,1.0461897642,0
-0.7913642179,0.6247768227,0
1.5662491395,-0.1457958950,1
-0.0651929064,-0.0326100352,1
0.2550459475,0.3107692986,0
-1.1660840274,0.0357225989,0
0.6733571675,0.5111104125,0
1.0955424294,0.4922408992,0
0.3775480707,0.8969477313,0
1.1402075415,0.1492744999,0
-0.1062093955,0.0416768424,1
-0.1745216989,0.7517675404,0
1.4616512308,0.5604624430,1
0.3008230037,0.3236307045,0
-0.5190171435,0.8026502927,0
1.6457183432,0.0273870324,1
0.8246803432,-0.7673388546,1
-1.1156466372,0.1936449818,0
-0.0747020980,0.2269312458,1
-0.6684405260,0.8904421384,0
0.0817830298,0.4271190681,1
1.9558049175,0.0637399168,1
-0.2359201064,0.4015472602,1
0.0551510225,0.8223468421,0
1.7534517523,0.1924661615,1
1.0481498656,0.8311707814,0
-0.9721579429,0.2910802664,0
0.3470396477,1.1104202969,0
0.5576703932,0.0489966418,1
0.4757685257,0.8872562238,0
1.9566264318,0.1056062172,1
0.1755395737,-0.4549738369,1
1.6447531473,0.4901542968,1
0.7609953263,0.6361854087,0
0.0631874202,-0.0410715620,1
1.7035084272,0.1269314201,1
0.8408462772,0.6742393115,0
1.1143937243,0.2351058935,0
1.5086102673,-0.6629481664,1
-0.1045334049,1.0682748189,0
0.1265758139,-0.0835883075,1
0.2831554961,-0.0150397330,1
0.1577766626,-0.0483213702,1
1.0724742532,0.1261251824,0
-0.2796031502,0.7103371790,0
2.0197579688,0.0952342838,1
1.7068873141,-0.0110323120,1
1.8354284350,-0.4675448180,1
1.7066897314,-0.1407119216,1
0.6441700289,0.4845370633,1
-0.9766535569,0.2638942977,0
-0.8148299386,0.6633086417,0
1.9417854040,-0.0855107590,1
-0.0654709407,1.0390510514,0
0.9471307697,0.6781557288,0
0.7628523219,0.6569753809,0
0.3823088983,0.3271234581,1
0.6390792150,0.5337877810,0
0.3334624266,0.6818192302,0
1.0864179115,-0.5193208866,1
1.9062637000,0.3411442091,1
0.3730629332,0.0803229852,1
-0.5754675370,0.7340286975,0
0.8943216314,0.2586497961,0
0.6978662955,1.1650397712,0
1.6184951047,0.0390795863,1
-1.1855017930,-0.1816741676,0
0.3617737717,1.2691502226,0
0.6862211585,0.5829737928,0
0.2083523712,-0.5933090428,1
0.5736434145,0.8368755511,0
-0.9077502651,0.5806900063,0
1.1939658430,-0.2611913933,1
0.1403909974,-0.0809555061,1
1.2369589039,0.3735959431,0
1.8065885415,-0.4395630844,1
0.3864893487,-0.4820094684,1
0.2990307125,1.0723559115,0
1.3228550592,-0.2001953561,1
-1.0925534723,0.1744718597,0
0.5214885634,0.7664539768,0
1.7859049477,0.3764344467,1
-0.5557529673,0.8773173553,0
-0.8217247629,0.5853316062,0
2.1308348823,-0.0924345482,1
0.0550765244,0.6436687026,0
1.2307148767,0.4646495637,0
1.0919881634,0.9944807079,0
-0.0849018530,-0.8065797359,1
0.2438171102,0.5124504766,0
0.9274189642,-0.4811868593,1
-0.5227330207,0.5102983947,0
-0.1105715341,0.4356381563,1
2.0957977616,0.5234318329,1
1.7373565797,0.2233728377,1
2.3719731710,0.3058359962,1
-0.5842312471,0.8676282905,0
1.3508133718,-0.3563665138,1
1.7555933228,-0.2063003025,1
0.1885947869,-0.2479936960,1
-0.8102594424,0.1479415806,0
1.7408526128,-0.2729650153,1
-0.3459590894,0.4431521947,0
0.0057695282,-0.0264893892,1
2.0413319506,-0.0312265700,1
1.2727434117,-0.3399240676,1
1.6125288391,0.0764342760,1
0.9026434741,-0.6314177966,1
1.2535991643,-0.2295943299,1
-0.4126102732,1.0972982398,0
-0.8588350642,0.3992688261,0
0.6074684431,0.8539019320,0
0.2326459819,1.1568211400,0
0.6198105948,1.0472995966,0
-0.5867256154,1.5645426651,0
-0.3993962790,1.1179405988,0
0.3509337146,1.0309690614,0
2.1623897878,-0.0358274717,1
1.4190791657,-0.2129859236,1
0.1701342753,0.3716835171,1
0.4347553972,-0.5668250433,1
1.5453262076,-0.4662729630,1
0.3743521846,-0.2199752190,1
-1.0159806036,0.6205717172,0
1.3691656858,-0.1713068201,1
0.9789756665,0.6796576109,0
1.2194281381,-0.3160355682,1
-0.7411532017,0.6560636061,0
-0.8720437577,0.2987566784,0
-0.7735903346,0.5196886662,0
0.6947142663,0.7231813129,0
0.0869546840,0.7269195930,0
0.0722572422,-0.1475914624,1
2.0062841547,0.7248366948,1
0.3665025743,0.9954883642,0
0.5471323893,0.7802916250,0
0.1720070946,-0.8959270410,1
-0.0328582536,0.7506466377,1
-0.3332557679,0.4747841772,0
1.7445678871,-0.2499060918,1
1.2905696806,0.0219900416,1
-0.8370022078,0.9287086848,0
2.0043654643,0.7673340273,1
1.0765470426,-0.0943247693,0
-0.0787676570,0.1959768445,1
0.6110647315,-1.1169467328,1
1.4455773317,-0.2387423526,1
-0.1366102961,1.1469376859,0
0.1767370200,0.3828591589,1
0.5391137817,-0.4208111811,1
1.7368550743,0.3338700199,1
-0.0247463962,1.1313580402,0
0.5993667490,0.9866911713,0
1.3196428228,-0.7180386696,1
-0.9438540900,0.6888602420,0
-1.1320585094,0.4296746130,0
1.5877893231,-0.2595366508,1
1.5798048308,0.1270342917,1
0.7801855288,0.0729140068,0
0.0715518415,0.5705253284,0
1.7181777392,-0.0593533443,1
1.6841160294,0.5266964873,1
0.7926553110,0.7206079929,0
0.4854070856,-0.3930498545,1
-0.1765793139,0.8443166344,0
-0.7035240460,0.5706184350,0
-0.6637576650,0.6180970515,0
0.8907217552,1.1503050856,0
-0.8991396195,-0.1939680691,0
0.3989174759,-0.1726398709,1
2.0449350634,0.2695533909,1
0.5579410848,0.6933728902,0
0.3986267721,-0.4885041405,1
1.4151007033,-0.0836690324,1
-0.0815169889,1.3082066040,0
-0.5498329944,0.5672641142,0
1.4473292813,-0.3640827224,1
0.5255826919,0.2470912457,0
1.8374700466,-0.3117586481,1
0.7607152623,-0.7120366230,1
-0.1645039751,0.4560215572,1
0.0836225360,0.6296834056,0
0.4830359519,1.2171651867,0
0.0635147102,-0.0721615963,1
0.2734284198,0.0795253758,1
-0.4201644853,0.7758147497,0
0.3249726089,-0.5232385579,1
1.4965849134,0.5466857847,1
1.1467490043,0.0526239081,0
1.1642037261,-0.2837237975,1
0.3305957427,1.1542544809,0
0.8358453366,0.6091740758,0
0.7856357046,-0.9291368407,1
0.1386603320,-0.2107984190,1
0.3387557673,0.6237630676,1
-1.0474846454,-0.0613775893,0
-0.6623839670,0.6212068136,0
-0.9622593354,0.6737859048,0
-0.8209172706,-0.1941780436,0
1.8538036799,0.3015359379,1
-0.2366935266,0.8800818465,0
0.4533897584,0.4265716847,0
-0.6762212750,0.3732725445,0
1.2618338146,-0.2376399429,1
0.6299925683,0.5257605037,0
1.1963558798,0.2894663415,0
0.3452604883,-0.1958251897,1
-0.0707295686,0.0351315548,1
0.4918054031,1.0776769162,0
0.2906687496,1.1267376449,0
0.5379622540,-0.1303289712,1
1.3692355466,0.2625833362,1
0.4020095211,-0.5678255144,1
-0.8126877988,0.5954499482,0
-0.2634845744,1.0396282967,0
0.1842031766,-0.0046238167,1
0.4412489593,0.0476196949,1
0.4990374466,0.7143308412,0
0.7420452802,0.3714952287,0
0.1663434744,0.0584032297,1
-0.3400903365,1.0647979971,0
1.2767745249,0.3941073506,0
0.2685592958,0.7879371780,0
-0.7772637751,0.3750394638,0
0.7583298317,0.3203801356,0
0.9234167258,0.4992023638,0
1.0178270262,0.1440985833,0
1.5287984293,-0.2776459689,1
-1.0424373841,0.2872299258,0
0.1687416188,-0.7702529810,1
1.3999858317,-0.0959889669,1
0.8102316107,0.4593504942,0
-0.5114420447,0.9959590490,0
0.4118381393,-0.3829637796,1
0.5773116371,0.8775912127,0
1.9741012344,-0.4265371853,1
0.2032456028,0.0991870115,1
1.8680236656,-0.5273651740,1
0.6766833946,0.5975562505,0
0.3943432234,1.1062627762,0
1.0180390179,-0.6675090270,1
1.7495199585,-0.2232502383,1
-0.8920880183,0.0638496459,0
1.3775528934,-0.6067055113,1
0.5810595501,0.3978954098,0
1.4354300086,-0.3504750559,1
0.7383264457,0.2040958150,0
1.2648406765,-0.3126289870,1
-0.8046850944,1.0297428468,0
-0.6194963300,0.9350639714,0
-0.8160345809,0.5955192416,0
1.2969871382,-0.6428360906,1
0.8196448792,0.3499003746,0
-0.7826864163,0.5454992708,0
-0.2083299840,1.1517992399,0
0.9443855993,-0.1696953433,1
-0.1282750113,0.9754933533,0
0.4381073372,-0.0569839513,1
0.5157119633,0.4646907624,0
-0.4958380777,0.9820005251,0
1.2637965974,-0.3924123385,1
-0.6737520378,0.8511095386,0
2.2229104106,0.1603160927,1
-0.2884218287,0.5641788210,0
-0.0584619177,0.2829589753,1
0.6268200114,0.4889305446,0
0.0653950034,0.6052655401,0
0.3840590208,-0.3005198003,1
0.4384322589,0.0353938037,1
1.4841736280,0.5807237506,1
1.4122249258,-0.3328254750,1
1.5007835760,-0.0436353463,1
1.4006953540,-0.5902921847,1
1.8876580095,0.0214517014,1
-0.2103591224,0.7655567374,0
0.5191581394,0.6198269264,0
0.7440463221,-0.2062013482,1
-0.6612716192,1.2489086821,0
0.1889328339,-0.0122939674,1
2.0896843470,-0.5790179444,1
1.6178656579,-0.4309031448,1
-0.0185463386,1.2788452636,0
0.6224617958,-0.6129367679,1
0.8861888663,0.8343765540,0
0.3738421651,1.0739950293,0
0.8223333416,0.0537500720,1
1.0776706163,-0.2083019776,1
0.3417325432,-0.2770972223,1
-0.1038742383,1.0766829208,0
-0.8352812881,0.0802681310,0
0.9221929054,0.8324140927,0
-0.3475963724,0.6783855006,0
-1.1147411527,0.2629512234,0
-0.2015457328,0.6575778332,0
-0.7608595758,0.3096825095,0
1.2699099998,-0.6166044784,1
-0.1266040675,0.5098011623,0
-1.0188168358,0.7267569051,0
0.7026509153,0.6832989954,0
-0.9556199797,0.4789089565,0
0.0459925519,0.8207191399,0
2.0030641440,0.4188778382,1
0.5387807003,0.7052048401,0
-0.0027570924,-0.0150325925,1
2.1585881893,-0.1653352484,1
1.0645677233,0.3005465387,0
0.5200249103,-0.4229163527,1
0.3512555373,0.7685858961,0
1.3692990022,-0.4496192324,1
1.2557123995,-0.3569588681,1
0.6969137764,-0.4785562290,1
2.0780394148,0.1679096225,1
1.3541540194,-0.3202506967,1
0.8284364323,-0.8643747781,1
1.3730304975,-0.3973932609,1
0.2713800964,0.1627957911,1
0.3384738085,0.8437025832,0
0.3446659216,-0.1573108268,1
2.0319313956,-0.2559528193,1
-0.1172748782,0.9938138962,0
-0.5307010123,0.4764351039,0
0.1806992674,0.5367810521,0
0.6983739076,0.4916908369,0
1.1959285631,-0.2714528206,1
1.2631829353,0.2223470183,0
-0.9208547733,0.4694866101,0
1.0752341621,-0.2202649892,1
-0.8892347249,0.2654272826,0
1.1912672888,-0.3025899554,1
0.1265656227,-0.4163065493,1
-0.9193000844,0.8075048275,0
0.9498855523,0.3007637052,0
0.2518205006,-0.1185604149,1
0.7935451482,-0.9312025222,1
-0.2810318466,0.7469696109,0
0.3684923686,0.5755670001,0
0.2075318838,-0.4267307434,1
-0.0734785201,-0.0307396748,1
1.9444782471,0.2275231697,1
1.3303038546,0.6954398157,0
-0.9289404984,0.0398811850,0
0.7604069500,0.5467665313,0
0.8954554257,-0.4106760424,1
-0.9443486918,0.8909109164,0
0.3262093417,-0.2113206807,1
-0.9066641171,0.0432403186,0
1.4351069092,0.1673505050,1
0.4435025810,-0.2776570945,1
0.3577664059,0.5769254413,0
0.3451414866,-0.4378873912,1
1.2089617835,-0.5061427686,1
1.8181865808,-0.1168953171,1
1.3812693468,-0.6572671926,1
0.3126705274,-0.5669888491,1
-0.1139836019,0.2713663734,1
0.8409215099,0.5428666477,0
2.3003617894,0.3487185196,1
1.6803616589,0.0113254053,1
-0.4289732220,0.7536560643,0
-0.4155977516,0.8409735556,0
0.6186435773,0.7149116784,0
-0.0178745194,0.9710449570,0
0.8358046487,-0.6968503903,1
1.7797140720,0.0195650735,1
0.2720570370,-0.0144709378,1
0.0385828840,-0.1597751754,1
0.1276698784,0.1822556224,1
-0.0276384949,-0.0035692010,1
0.4394673538,0.1779068596,0
-0.4028695871,1.3924991525,0
0.4656889589,-0.3844237709,1
0.7701525678,0.2497393567,0
0.1132246713,0.6079211656,0
1.1957072718,-0.9451803209,1
0.1068762169,0.4602471809,0
-1.0466901913,0.6917635365,0
-0.3237520233,0.3514956710,1
1.7009714370,0.1153345393,1
-0.4665587782,0.7511516429,0
0.3826763679,-0.4914663565,1
-0.0501199669,1.1174699461,1
0.2371122107,0.3954097809,1
0.5928241206,-0.3495349325,1
0.1285280256,1.3540612780,0
0.1460822341,-0.0131636906,1
-1.1939628030,0.2955901167,0
1.8495764140,0.2741400403,1
-0.9134896858,0.7258507787,0
1.3528490775,-0.6468308129,1
0.3483532410,-0.1885801806,1
-0.0604141857,0.1236172769,1
0.2331478822,0.3319728008,1
0.0371469282,-0.1412505030,1
-1.0264963415,0.1121328071,0
0.8237953209,-0.3847622801,1
-0.7051532495,0.2232033760,0
-0.7933395371,0.6524191098,0
-0.0467597836,0.5802927044,1
0.7093090181,0.2473696159,0
-0.6896630939,0.6879146523,0
-0.2926637393,0.6316537674,0
0.0924661551,0.0175430662,1
0.4582570512,-0.4904332550,1
-0.0874365163,-0.0606571945,1
1.8605022278,0.3094294441,1
2.0630484929,-0.2275160826,1
0.3549892238,0.0908739721,1
1.4905898258,0.0480006582,1
-1.2073487007,-0.1464757409,0
-0.8861355490,0.7402878895,0
-0.0880741989,1.0743275595,0
0.2727282169,0.3003451771,1
0.5277794898,0.9030181259,0
0.0425984883,0.8827870566,0
0.8462063476,-0.0613678709,1
0.9713267523,0.6092393534,0
1.3306834493,-0.1818266675,1
0.2182932103,1.0523712954,0
0.2359431332,0.2430168523,1
0.2150349223,-0.2279641958,1
1.3605631535,-0.4273027386,1
0.8762165222,0.1999233850,0
0.5181141262,0.9365805551,0
0.0521731881,-0.0974054804,1
-0.0019998638,0.3187777774,1
0.4209578698,-0.0103533568,1
-0.8786004234,0.1108296751,0
-0.1380437042,0.3704531824,1
0.5198666241,0.6388614681,0
-1.1279372289,0.1322998633,0
0.3887956683,1.1942262685,0
0.0841976545,0.1215259695,1
-0.0337445638,-0.0450487457,1
-0.6024917353,0.2010335367,0
0.9178506680,-0.5909283825,1
-0.8834387412,0.4305114184,0
1.1031285973,-0.1947173961,1
0.6280560842,-0.5493692872,1
0.4792898400,0.5051843535,1
1.4640070819,-0.4037060343,1
2.1795080098,0.5672529815,1
0.7441511558,0.4355313164,0
0.7125612698,-0.2053249477,1
0.8503780702,0.3737527711,0
-0.7767980610,0.3796556338,0
0.4827271251,0.4602204197,0
0.5133360146,0.9199880677,0
-0.3261078677,0.5538688495,0
0.2662623111,0.9873698037,0
1.7850479233,0.6005784419,1
0.2814029010,0.7888624213,0
0.6007891331,0.8799495087,0
-1.0047648374,0.3920183950,0
1.2598198497,-0.5914427098,1
0.7671034570,0.7488680914,0
0.2343140266,0.0601573951,1
1.7384891700,-0.2500427643,1
-0.4340342600,1.0238004046,0
-0.1242597887,0.3074312946,1
1.4972160865,0.3828213583,1
0.3395104691,0.7738923914,0
0.2984298381,-0.4191538336,1
1.3494594966,-0.0403764031,1
-0.1331049043,1.6075752077,0
0.3882025723,1.0055313416,0
1.0596396993,-0.6028278513,1
-1.3074781727,0.1254011542,0
1.3626170888,-0.4330399930,1
0.5315537979,0.4077274655,0
1.9677122084,-0.2087414256,1
-0.4274635698,0.8606869275,0
0.6357144869,-0.2000427429,1
1.1071217532,-0.0215238440,1
1.3820043929,0.0123603315,0
-0.0796438847,0.3414424291,1
1.7174725809,0.1572001484,1
1.9367910686,-0.1643751834,1
0.5214766192,-0.2418408862,1
-0.2677780753,-0.0595698195,1
0.9870490313,-0.0839018386,0
0.3248011544,0.1772986831,1
1.9325347974,0.1645622631,1
0.3523501932,-0.1358720431,1
0.4031349752,0.4633618042,0
-0.2787194832,1.0635457854,0
0.6240851228,0.5839186768,0
1.0966485559,0.2161306559,0
1.3208496343,0.4462878716,0
0.9419748854,0.6101973405,0
0.7523980861,0.4188484814,0
-0.2282622265,0.8064195094,0
0.0473066807,0.8992286903,0
-1.0068968705,0.3441835382,0
1.0020459743,0.3649270456,0
2.1460422388,0.5751646981,1
1.2038322831,-0.1490047235,1
1.6069677080,0.1159926233,1
0.6748256856,0.6415193503,0
-0.0590507066,0.2966322137,1
2.1286251333,-0.2358322130,1
2.0412554981,0.0380260740,1
0.4253530607,0.0363825911,1
-1.6171930856,0.2143118716,0
1.0025953112,-0.5179630169,1
0.7950884998,-0.0084781393,1
1.7407395260,-0.3712598526,1
0.2879674139,0.0325971016,1
1.6678655333,0.4894286269,1
0.3036279268,0.1539110715,1
-0.9298399728,-0.2538432765,0
0.4035557011,-0.1944537054,1
-0.5040724242,0.6836483143,0
-0.9786960013,0.9217622027,0
0.7716551061,-0.2550013808,1
1.7785061213,-0.7519182580,1
2.2021856364,0.2541309343,1
1.7900207381,-0.6198309132,1
-0.6573278822,0.7281565758,0
-0.0832446770,0.7210350548,0
0.2054541266,-0.3218828602,1
-0.7901566350,0.4971238281,0
-0.4958893565,0.8184534403,0
0.6249077955,0.2245229630,0
1.0644365210,0.0687104522,0
1.2353847334,-0.2915222568,1
1.0122940266,0.3843990636,0
-0.1100712637,1.1912022971,0
0.9801362059,0.8211565918,0
-1.1152868811,0.3388152286,0
1.6306411119,-0.3049341708,1
-0.0752990105,0.3341879844,1
-0.1242335505,-0.1421974051,1
1.5177633354,-0.1614688293,1
0.1666374695,0.2969628466,1
0.5753179168,0.6374230023,0
1.5017812086,-0.6148329024,1
0.4859922929,0.5813591448,0
2.0686987534,-0.2526580101,1
1.2103319464,-0.5847894047,1
1.0834231522,-0.1057401971,1
0.7403200167,0.5424085036,0
1.3953840311,0.4809041862,0
2.0333706910,0.2866932768,1
0.8553944559,-0.5922809635,1
1.8743058105,0.1812063175,1
-0.1575645739,0.4569061470,1
0.9429846110,0.2165225886,0
-0.0921311372,0.9865007471,0
-0.0091290261,0.5136656039,1
0.0242523618,0.8302933755,0
1.5643731427,-0.3289115409,1
-0.1391758024,1.1692990025,0
0.1318983697,-0.0253475186,1
0.4462209222,1.0336047664,0
1.3449897457,0.5731777072,0
0.2206085065,0.6403571612,1
-1.1058774334,-0.0733556165,0
0.6172667306,0.5648131078,0
1.2550903800,-0.0517165499,1
0.4013275885,-0.3801399393,1
-0.4813636752,0.9934073897,0
0.1628714264,0.5281085426,1
1.1892552781,0.6394503860,0
0.7126228628,-0.6047711928,1
0.9784865324,-0.4065325042,1
2.1300039715,-0.3623375211,1
0.3569129560,-0.7441120081,1
0.5147075707,0.7076426645,0
2.0542965673,0.5722811232,1
0.5631585476,1.0763109571,0
-1.0819208972,-0.1516754929,0
-0.0617502637,0.8275335896,0
0.7362945479,0.0624020034,0
1.9295019063,0.1232314318,1
-0.6912009834,0.5343864683,0
1.4745769629,0.1864038213,1
1.1480849443,-0.5293968662,1
-0.1889070017,0.9377076857,0
-0.0449060288,0.8287098488,0
0.4390008667,0.0036534129,1
0.1827662590,-0.5881478275,1
0.4536180967,0.8671076812,0
-0.9648262461,0.3461763732,0
-0.3326060330,0.9557069122,0
1.6829097706,-0.0495583238,1
0.5803213918,-0.0650175280,1
1.6326353776,-0.4573629838,1
0.8815203113,-0.7583932223,1
0.3046491290,0.0132132699,1
0.3686292580,0.3151167818,1
2.1275845712,0.0758451912,1
1.8635384163,0.3360918040,1
-0.0068111033,1.1019401892,0
0.6357223571,0.7775941760,0
0.9185361116,0.5871734942,0
-0.6297144103,0.5040383055,0
1.4481026235,-0.2181051222,1
0.1117529601,-0.3008756865,1
-1.0568050117,-0.3269247694,0
0.3930956504,0.1378977575,1
-0.7273871171,0.0809668530,0
1.2113373161,-0.2372553749,1
0.8356100887,-0.4177642661,1
0.1686466109,0.0704495241,1
1.6363877578,-0.5048168917,1
1.5821587885,-0.4039255581,1
0.4694537768,-0.1705171108,1
0.8544122030,-0.6960687078,1
0.6969373032,-0.4422587907,1
-0.0643646171,-0.3782185314,1
1.9284906773,0.2521905394,1
1.9963003460,-0.1314286824,1
0.2672672618,0.0022386970,1
1.0362843146,0.7104140373,0
-0.2371742439,1.1693488407,0
-0.9172628537,-0.0134590494,0
-1.1479919772,0.1389550188,0
2.0206911535,-0.2132686492,1
0.2403370912,1.3287501548,0
0.4055584779,0.4867951668,1
1.2638844228,-0.6727830300,1
0.9943448950,0.4564965767,0
1.0574220192,-0.6358544114,1
-1.1594288342,0.3793561904,0
0.7123398836,0.8081412308,0
0.6873915118,0.1974126061,0
0.1707790117,-0.4611091627,1
0.2259441087,0.5680744654,1
1.8296690711,-0.4484725052,1
2.1393535316,0.2079418565,1
-0.4049151551,0.9396719049,0
0.4888147850,0.7639991813,0
2.2186728116,-0.0657163436,1
1.0104173377,0.6981716718,0
1.7651981641,-0.3118654357,1
0.2081373762,-0.4380196524,1
-0.0638511478,0.4196891565,1
1.8121226999,-0.3183491052,1
-0.0947821931,-0.1109240185,1
1.0962896836,-0.4883493117,1
0.7910130260,1.0759107285,0
0.2520387746,0.0275394117,1
1.2409537613,-0.6205672619,1
1.4776562879,-0.4047522744,1
-0.8056871410,0.7904994108,0
0.6656115613,-0.1890901120,1
-0.0567843907,1.0100944591,0
1.9627513416,0.0029555818,1
0.4866798380,-0.3592864360,1
-0.5992712715,0.4376597336,0
-0.7187540863,0.0505534754,0
1.4939151476,-0.2543368431,1
0.2028574973,0.6134211578,1
1.2881146119,-0.3380543026,1
0.1785593841,1.3929593185,0
-0.0920952300,1.0169993236,0
-0.9579173986,0.5532068574,0
-0.7531270613,0.7390505096,0
0.8272547027,-0.3960335438,1
-0.6034959339,0.7466581281,0
1.0425104849,-0.5556460716,1
0.0566934578,1.2577600290,0
1.0321677624,-0.0536091692,1
0.2627186617,0.6436365298,1
-0.0250755539,0.1698439918,1
0.8048785337,-0.2634325513,1
-1.0910919497,0.4829719157,0
0.5664846142,-0.3547048150,1
1.5561336918,0.2625211878,1
1.7172692747,-0.3446336268,1
1.8392152420,0.2980547111,1
0.0086623525,0.2509386894,1
-0.8024803592,0.2865406831,0
1.1270340470,0.2115357197,0
1.1156942785,0.9073037598,0
1.9688285952,-0.3127642046,1
-0.0711254202,1.3831734791,0
-0.1173671270,0.1630607422,1
-0.1525748570,0.5975671772,1
0.4452939498,-0.5482989663,1
-0.4334073298,0.9168015287,0
0.4614928434,0.8945597470,0
2.0210002604,-0.0368157104,1
0.8651135550,0.2496513818,0
-0.0004611916,0.5082580747,0
0.1438305248,0.4923917909,1
0.2038324570,1.0693052189,0
-1.2783931745,-0.0788147491,0
-0.6809426035,0.4398234044,0
0.3427607309,0.8463720613,0
0.1198010753,1.1107168382,0
1.1386164319,-0.5851716311,1
1.5090790159,-1.0308112901,1
0.1717522437,0.9775621981,0
1.4184048781,-0.3032213320,1
0.9886455099,0.1749129777,0
1.5594410993,-0.1846992219,1
0.8233807514,0.5617276215,0
0.4422541808,-0.1687074727,1
1.4890032269,0.0619810144,1
0.4866847417,0.5469443203,0
1.3934960277,-0.4795834197,1
-0.8137313536,0.3649200842,0
0.9980025959,-0.2867875922,1
-0.5409011178,0.8573817538,0
1.7476524214,-0.2870538819,1
0.7796157676,0.5284914264,0
-0.4164363404,0.4116319123,0
1.2295033091,-0.2417857766,1
0.2266532174,1.0556902421,0
-0.5639431664,0.4767293904,0
-1.1865513074,0.1734158304,0
0.1864260149,0.0489698899,1
0.8700495276,0.4911011060,0
0.4294878520,-0.1952920409,1
-0.4067060031,0.7142034125,0
1.4448499637,-0.1917965163,1
-0.4623975554,0.9905190098,0
-1.2056423173,-0.1467311326,0
0.8897535779,0.3638378049,0
0.1031356621,0.5813631245,0
0.9353334397,-0.3150899140,1
-0.3040570205,0.4976018735,0
-0.7786384139,0.0594625309,0
0.2581275434,0.9731738016,0
1.4302397057,-0.2221237134,1
0.7097123535,-0.9196652277,1
-0.8784992375,0.6042194866,0
1.8119446446,0.1540885755,1
0.7367244287,-0.3978606113,1
1.3249294735,-0.5554026500,1
0.6656438308,-0.4604784598,0
1.0121994534,0.6812103637,0
-0.8846462490,0.4899040418,0
0.3964532982,0.0037512104,1
0.5913183074,1.1210855994,0
0.0575318337,0.0217502959,1
-0.0619791677,0.7755048109,0
1.0347493214,-0.4717362646,1
1.6103614720,0.5907146863,1
2.1004043509,0.3047886796,1
0.1348182770,0.1886959847,1
0.4041883836,1.1193339924,0
1.9172703521,-0.0367487072,1
0.9437753259,-0.1860711969,1
1.1574991434,-0.4385379173,1
1.8839765506,0.1514768446,1
1.9556264012,0.0334996761,1
-0.3590199554,0.9184132861,0
1.0896747389,0.3268249961,0
0.3868682491,0.7131416913,0
-1.0662025475,0.5505359803,0
0.6819991368,0.3298296757,0
0.8581903647,0.1390710861,0
0.8127084985,0.6684173540,0
-0.1876635284,0.6158851204,1
1.7778100759,-0.1492368355,1
-0.8359259911,0.1959061535,0
-0.1318553376,0.4823991464,0
2.0385082503,-0.5439425329,1
-0.0513322580,0.0380990354,1
0.6829101649,-0.7060918416,1
1.3960862221,-0.6201702177,1
-0.7408645765,-0.0595209060,0
-1.0083904826,0.1558075122,0
0.1755308995,0.3743307737,1
2.1153372651,0.0786631505,1
1.6492801988,-0.6337221785,1
1.1136212291,-0.2224183939,1
0.5852579020,-0.7985050257,1
1.3439645120,-0.6288593057,1
0.1420009961,-0.0289295206,1
0.0565406444,1.2242954935,0
-0.3171007288,1.1386485586,0
-0.1673499787,0.5093169419,1
1.6518539340,-0.3529881463,1
0.4760737251,0.1377592904,1
1.7886847135,0.3906826597,1
-0.0689236800,1.0158167979,0
0.6987388473,-0.4787964070,1
-1.3306607224,0.2209333390,0
-0.2150177201,0.8595312873,0
0.2241357569,0.3222520013,1
1.7138158296,0.1710994517,1
1.7710523464,-0.2198871770,1
0.3667051167,-0.2432970626,1
1.8655327986,-0.5292767954,1
-0.2348446005,0.6677308146,0
1.5066908186,0.1522877866,1
1.7892081179,-0.5754700768,1
-1.1956035044,-0.0551205735,0
0.3378220394,0.1618721131,1
0.3126004845,-0.4703484909,1
1.3699600251,0.4136905880,0
0.3902930604,0.3630057985,0
0.4698392934,1.0846307814,0
2.1916169679,-0.2116648454,1
0.0744396792,0.3144817215,1
1.2497793424,-0.3887950448,1
0.2959832007,1.0628031070,0
0.9623446427,0.5371751844,0
-0.7934037066,1.0902886968,0
0.2855847395,-0.3601454627,1
-0.6371994380,0.7651539257,0
2.3955430932,0.1636120386,1
0.7443368839,-0.7339322406,1
0.9412665525,-0.6739309274,1
-0.6872378801,0.8359829694,0
1.2374345401,-0.1510112438,1
1.1224530525,0.2508812136,0
-0.0985565633,0.1160354636,1
0.8924764041,-0.3176211659,1
0.2422771050,-0.1311906909,1
2.0317112896,0.2331704670,1
1.2168964942,0.0407541245,0
0.0940959141,0.7760330594,0
0.2932740927,0.2686810985,1
1.0380006966,-0.3348263946,1
1.1359545921,0.3262972121,0
0.4576685539,0.8242636090,1
0.0104688854,0.3617906517,1
0.5934476380,0.2353447097,0
0.6455711887,-0.3677460975,1
1.9252718679,0.0452630183,1
-0.9660837974,1.0576640504,0
-0.8378282682,0.5643700326,0
1.7477660149,0.0608445954,1
-0.5658129980,1.4939084932,0
-0.0113890552,0.9084393434,0
-0.8725763548,0.9947145130,0
-0.3648571077,0.9511131481,0
0.7909071060,0.5910953131,0
1.3290576897,0.0437390574,0
0.1173690319,0.2694726737,1
0.3265660470,-0.1720260464,1
0.1899343742,-0.2953645715,1
0.0860499545,0.1074040273,1
-0.8591977695,0.6700149562,0
-0.3214331101,0.9800956754,0
-0.7128773561,0.6772721017,0
1.9586491705,0.5502824995,1
0.4377334631,-0.2135840478,1
-0.4423156797,0.6701007753,0
0.1720701338,0.3148525542,1
1.7388303774,0.2147949316,1
0.5310940094,-0.1128865195,1
0.0745192880,0.8914033171,0
-0.7450367612,0.4749681372,0
1.6754238922,-0.6025913080,1
0.8698975690,0.4420645626,0
1.4980096081,0.0685719592,1
1.2098224871,0.4319769606,0
2.0121236191,0.0769849748,1
-0.7820490128,0.5495581440,0
-0.9840018386,0.9393433591,0
2.0527003159,-0.0419698932,1
1.8838410213,0.0359424101,1
-0.0341171583,-0.1603816076,1
2.1054515474,-0.3986677974,1
1.6836146993,0.3305688948,1
-1.3399764318,0.5580358130,0
1.5637415653,-0.5478726882,1
0.5563607596,1.0036683831,0
0.6345833776,0.7633380219,0
1.5531029543,-0.2978609395,1
0.9544569956,0.3096637057,0
0.9380921490,-0.3168895606,1
-0.8387484987,0.0978409020,0
2.1667833748,-0.0571297312,1
0.6230947095,1.2139178730,0
1.3863620386,-0.5055315401,1
0.5652766321,0.0317225810,1
0.1498024205,0.6128453663,0
0.1053033392,-0.1143860476,1
1.0174355738,0.1860867544,0
0.2598604867,0.9303552518,0
1.5862673044,0.3034040757,1
0.3984841162,-0.0723577360,1
0.4237190343,0.0025742565,1
-0.3537670456,0.8174209287,0
1.6070588074,0.3284926236,1
-0.1358839637,0.7793319050,1
0.5303090978,-0.3145206695,1
1.1267765170,0.6531736936,0
0.8826211151,1.0826408781,0
0.3832418551,-0.6097101541,1
-0.3277867224,0.9206659972,0
0.0042970181,0.6198111142,0
-0.3293794627,1.0697983762,0
0.6910451597,-0.4933139828,1
-1.2232733989,-0.0394096571,0
0.3635781787,0.7069027455,0
0.5266911897,0.7107005629,0
1.4242240048,-0.4955486626,1
-0.6490462452,0.3919830802,0
0.6702618194,-0.4081244762,1
-0.9667759245,0.1638689425,0
0.1010697354,1.0556069367,0
-0.5909277171,1.0418777939,0
-1.4386905390,0.3845825450,0
0.6452324794,-0.2839343364,1
-0.5924617089,0.5788925256,0
-0.7169363023,0.6537469962,0
0.8110785397,-0.3233032810,1
1.6535501022,-0.3779149708,1
-0.8317352742,0.4192962299,0
-0.5453826257,0.4696891936,0
-0.8805161303,0.3703778344,0
0.5285906604,-0.0717110039,1
1.8120105960,0.2254544457,1
-0.6927058408,0.0126845892,0
-0.5409559866,0.8482543888,0
-0.3887689097,1.3327670990,0
1.6303764434,0.0140399426,1
0.6021516471,1.1991595748,0
-0.4243000572,1.0815360344,0
0.8647271386,-0.7167786790,1
0.3364570658,-0.5736336420,1
-0.9345342102,-0.0285640998,0
-0.3051010857,0.3726000762,1
-1.0581292764,0.4719973325,0
0.1207815046,1.1477724784,0
-1.0039419804,0.4041343648,0
-0.3127426091,0.9352294223,0
1.1238661149,0.2395829743,0
0.5185359832,0.2796742948,0
-0.1601501504,0.4555466446,1
0.8036163643,0.5932112630,0
1.6431160029,-0.5091752282,1
0.4022807668,0.8904482167,0
1.0203514681,0.5043088109,0
-1.2004429584,0.3614404224,0
0.9256799789,0.6385053169,0
1.9407776744,0.0231635721,1
1.7213534818,-0.0527050649,1
0.6412305912,0.7795949108,0
0.2272476758,0.7763507949,0
1.0858491169,-0.8013662023,1
0.2556565048,0.0015438633,1
0.6889499383,0.6778277489,0
1.7910240617,0.5759829532,1
1.9874687253,0.5183720356,1
0.3211675817,-0.2460140605,1
0.1778284694,-0.4420484298,1
0.7648764321,0.0860733251,0
0.9155800729,0.4720916431,0
0.3761703648,-0.1504377305,1
-1.1693989428,0.4138100974,0
0.0479493146,0.1214471686,1
0.6876931892,-0.3569779542,1
1.8579805187,0.0546838118,1
-0.0460849953,-0.0884551536,1
-0.6604414797,1.0735411911,0
0.4700752671,0.3180558718,1
0.1188442142,0.1846470262,1
-0.9930776108,0.4876898316,0
0.8646885704,-0.0895072650,0
-1.0884420306,0.1008444474,0
1.3019027772,-0.4217421659,1
1.4178160879,-0.1652851582,1
-1.0062016131,0.1130470189,0
0.8028824928,1.0139365035,0
0.8301684041,-0.6952944454,1
0.1567119108,0.3290144727,1
-0.9300022845,0.1494280744,0
-1.1032906309,0.2557861524,0
1.0888475289,-0.7097705720,1
0.4905209128,0.6037085389,0
-0.8414375196,0.5284179473,0
2.0845007504,0.3821464545,1
1.8297621525,0.7539242161,1
-0.1802827258,0.3729254975,1
0.7773733352,-0.8349781337,1
-0.1842523846,0.3894883354,1
1.5401912643,-0.3497625560,1
1.3595804614,0.0916435129,1
0.1420483026,0.6836728496,0
1.6635196587,-0.3482514751,1
-1.1166883206,0.2042847506,0
1.3833831495,-0.3311386204,1
2.1268284896,0.3458382884,1
1.6278027036,-0.4583873908,1
-0.8407738561,0.1846666044,0
0.9759362964,-0.5344713288,1
0.5780647722,1.0743423315,0
-0.7378527505,0.6047536203,0
0.3261814292,1.2792245970,0
0.5362230348,0.0218373090,1
0.4453030382,-0.2090239789,1
1.8720940022,0.5065922754,1
1.5755929996,-0.1231244489,1
-0.1503535384,0.4926265195,1
0.5286522762,0.5637608781,0
1.7985732690,-0.0369740556,1
-0.9591581829,0.3804596529,0
1.1072865736,0.3601768971,0
0.1409265211,0.5426301708,1
0.2084246313,1.2756132036,0
0.4489109660,-0.5327731330,1
1.0723623754,-0.0256470188,0
-0.3691062843,0.9041612756,0
-0.6482335743,1.0137260106,0
0.7175206284,-0.4537044550,1
1.9870216539,0.5073935936,1
-1.1561730373,0.2332370948,0
0.9100804987,1.0331976741,0
1.7762856045,0.0835898142,1
1.7241214334,-0.0906906579,1
0.8164000462,0.6298765335,0
-0.0028427458,0.5152709564,1
1.2585559650,-0.2777027140,1
0.2232790513,-0.0398979880,1
0.5542788057,0.8496737590,0
-0.7220838815,0.9895071043,0
1.8645200121,0.0316392502,1
0.3953098765,1.0484952645,0
1.0600703001,-0.4713444970,1
1.8507220130,-0.0752835402,1
0.7191269988,0.0230339873,1
1.1645268396,-0.5788485535,1
1.1253558514,-0.4681994690,1
0.0820099781,0.2419271660,1
-0.8078894059,0.0225960626,0
0.5867958343,0.9618330187,0
0.8857459940,0.2200381664,0
0.6981530635,0.2101754440,1
-0.8419374023,0.7994623434,0
0.0053385661,0.7905461083,0
-0.7176647960,0.8547418972,0
-0.9422105569,0.3039106901,0
-1.0222587039,0.6956595837,0
-1.2073166955,0.2697242409,0
1.7428917204,-0.5410114001,1
-0.1565568629,0.9184619977,0
1.4946273805,-0.2365556777,1
-0.3650659245,1.0874065609,0
-0.3849172997,1.0705565688,0
0.7194210402,1.0490302397,0
1.5645476651,-0.3029214414,1
0.9570404578,0.2279447318,0
0.7168247361,-0.1450502855,0
-0.6849039173,0.2917362210,0
0.7672635173,-0.8893260683,1
0.8997699597,0.4330739130,0
-1.1344448255,0.0161537408,0
-0.7884384154,0.5437434626,0
-0.3788978535,0.2867223209,1
0.3949971900,-0.2757529099,1
-0.5630400161,0.6446183304,0
0.7694351523,0.3887529992,0
0.5572881378,-0.5310617920,1
-0.8744282078,0.6549119570,0
1.7118644101,0.1255713053,1
-1.0352756298,0.6356502051,0
0.9167621117,-0.4162874053,1
0.8962091919,-0.3418238057,1
2.0559423190,0.4185353681,1
0.5145170006,0.5816290261,0
0.1040748128,-0.0745057249,1
-0.5352569680,0.6564422455,0
-1.2611488508,0.2795072853,0
-0.9722885139,0.1287551996,0
-0.3973970699,1.1724028014,0
-0.4586260612,0.9338620524,0
0.7004269155,0.1963930811,0
0.7667554031,0.3310996357,0
0.5880144671,0.7716879872,0
1.8927170040,-0.2491991178,1
0.3183420338,-0.3697629745,1
0.3817235303,0.9081926556,0
0.8919043913,-0.1703447784,0
-0.7716924118,0.4687530243,0
1.6444808041,0.1062207605,1
0.6194700648,0.0007043940,0
2.2483982927,-0.0356423900,1
-0.9866617912,0.6045306149,0
-0.9526357219,0.5392708412,0
0.0066181523,0.7696165668,0
0.9366392925,-0.0564437575,0
-1.0086527915,0.4781704191,0
-0.1461278343,0.8553221203,0
-0.7885692658,0.8507861350,0
0.7201776181,0.6654903398,0
-0.0054962061,0.0746916627,1
-0.1750163397,0.4871465558,1
0.1700303500,-0.1625366792,1
0.7757067583,1.0108234534,0
1.9654053340,-0.0556210145,1
1.7049781918,-0.1555300731,1
-0.5376562945,0.7358342924,0
0.7027874284,0.6630908208,0
1.8995443433,0.0494261957,1
0.3267484168,-0.3167299164,1
1.4223655764,-0.4460603063,1
-0.7850999051,0.8286162590,0
-1.0785686644,0.2263625501,0
0.9730585280,0.1151385518,0
-0.6116160885,0.0058650776,0
0.6086738826,0.8313806482,0
-0.6719862576,0.5108512895,0
1.7629952462,0.3227095484,1
-0.1261997038,1.2852983424,0
0.1503683717,1.1573489610,0
1.9577717090,-0.2209780584,1
1.8952433923,0.2412603958,1
-0.3278968720,0.8136161384,0
-1.0010068576,-0.2306133556,0
0.2303937011,-0.1793817134,1
1.8590660205,0.3098442466,1
0.7171087300,-0.3121422542,1
0.5687509002,-0.7827754120,1
1.3962651494,-0.6108631472,1
2.2354403945,0.4584928678,1
0.4329847329,0.3713146427,1
1.3597848590,-0.4045618047,1
0.5002054951,0.9693844486,0
1.0689698764,-0.2876369629,1
0.3235731037,0.9749202819,0
0.7552351502,0.3711743440,0
0.4968004361,1.0822171471,0
-0.4769042201,0.5984522445,1
2.0712492178,0.3677453740,1
0.4999103438,1.1392598016,0
0.9267324843,-0.5629835209,1
0.9226025037,0.8236593475,0
1.0762670133,-0.2699310912,1
1.0716059986,-0.2575062029,1
0.3389210883,1.0425242634,0
-0.1177417332,0.4480622350,0
1.3128334831,-0.9006858126,1
0.9451477690,0.8485014092,0
0.3292752662,-0.2542981886,1
1.0207611089,0.3940571093,0
0.3350630244,1.1030372120,0
0.9750509688,-0.5765284791,1
-0.3705736579,0.5307106614,0
-0.9945671338,0.5379095977,0
0.3841115529,0.6718967746,0
0.8846071384,-0.5662890745,1
1.9073034950,0.1716628046,1
1.2711977531,-0.6849217392,1
1.7465497438,0.3427431827,1
-0.6927821694,1.1572713234,0
0.1984474614,1.2388025079,0
2.0829217219,0.2455323396,1
2.2214127698,0.4551787015,1
0.8646164170,-0.0642626140,0
-0.2651077348,0.7960017922,0
-1.1634258799,-0.0921519321,0
0.2441340941,0.7651334024,0
-1.2795231689,-0.2645034178,0
-0.4169830832,1.0089105273,0
1.7499263066,-0.1001796955,1
1.1687631174,0.1771312768,0
1.9017165454,-0.0220682543,1
-0.0414812773,0.0229533161,1
0.1228302862,-0.0325294778,1
0.6937290114,0.3369302348,0
1.1363135030,0.3193602090,0
0.3815120941,-0.2446339630,1
2.0848165659,0.1419500082,1
1.0469567990,-0.1724238731,1
-0.5874106358,1.1516777182,0
0.4367984770,0.1556062077,1
1.1375440726,1.0414295727,0
0.5825377040,0.7971482191,0
-0.9315258764,0.7018980043,0
1.4552516612,-0.2647458400,1
-0.4764789046,0.1792412397,1
0.5989366108,0.9457657399,0
0.8195740826,-0.3985864903,1
0.7376337561,-0.6197701102,1
1.6036803138,0.2831960017,1
0.3895882095,0.9600677712,0
1.9060152304,0.3419411034,1
-0.7788596398,0.7076120119,0
1.0337901359,0.2097569830,0
0.1543508242,1.1159598843,0
0.6360863290,0.7249208552,0
1.9420069754,0.4942974621,1
2.0725025079,0.5605823845,1
-1.0838460837,0.2703307128,0
-1.0478881116,0.1932591619,0
1.4439552757,-0.0523374386,1
1.3151843562,-0.4220854870,1
0.0973391338,-0.1563957187,1
0.9268627289,0.4138010654,0
0.9988136883,0.3639153853,0
1.1611913093,-0.2967119016,1
-0.8242784332,0.7020104515,0
1.5364819704,-0.5571686251,1
0.5844495879,0.6511679640,0
-0.8048698608,0.9360162513,0
0.0685931200,0.7620429115,0
0.2349926140,-0.1093234482,1
0.0965482194,0.4065273536,1
-0.4110276198,1.0424015964,0
0.1897572619,0.7639791009,1
-0.0796356839,0.4204869718,1
1.3310247438,0.5574140990,0
0.5767471528,-0.1870889568,1
0.1147674796,0.2439672069,1
0.1727667271,-0.1515689286,1
-1.2315938319,0.3364689454,0
1.1144768702,0.0299263620,0
1.1473105140,0.2068829960,0
0.8656191603,0.2761604730,0
-0.7997333881,0.7164261774,0
1.8204645444,0.6560388390,1
0.4325505756,0.7605016792,0
0.9263098394,-0.3323560926,1
0.1487714505,0.2720217501,1
-0.5750211705,0.1025794192,0
-0.9451947207,0.9125115619,0
-0.9893424469,0.0952940630,0
0.3137470255,0.6392644901,0
1.6692924338,-0.0376951324,1
-0.1295081283,0.5538482995,1
1.9520615472,0.9071382548,1
1.3710581218,0.1188111104,1
-0.7034668867,0.7005883624,0
0.3206454169,-0.3803024684,1
0.3280055063,0.8469044681,0
0.0187262375,0.5516682037,1
-0.3727724388,0.5334942172,1
1.2363355162,-0.3897232042,1
1.6967189341,-0.2388975034,1
1.7379691026,0.1953022368,1
-0.6783160681,0.5525600425,0
-0.6369966374,0.2009816004,0
-0.3626791313,0.7937809803,0
0.5502260750,0.6981400345,0
-1.1663131375,0.4753305988,0
1.2369605423,-0.2278591572,1
0.4975137551,0.6629661474,0
1.4768957098,0.6128809219,1
0.1115946707,1.2662190826,0
0.4174241589,-0.6644700050,1
-0.3384581083,1.0551174599,0
-0.9938767876,0.6932904848,0
1.1930960951,-0.0894168484,1
-0.1212983012,0.2621477249,1
1.1219234864,-0.5992159061,1
0.1696245000,1.0025438967,0
0.5899698947,0.4472221910,0
-0.6574460399,0.8511727133,0
0.4959930798,-0.3667495251,1
-0.4702108430,0.8224750997,0
1.9260656411,0.0292723210,1
1.0077761557,-0.3839813628,0
0.6252226667,1.1569798969,0
-0.3874942341,-0.3585055684,1
1.4958725470,0.0313802660,1
1.1673787257,0.6449432244,0
1.5633132835,-0.1342449925,1
-1.1859376682,0.0888223223,0
0.0808846319,0.8014115913,0
0.4762881292,-0.3723615021,1
2.3801294341,0.4249237232,1
-0.9967261986,-0.1973750391,0
0.4677136192,-0.1946995643,1
0.9360125882,0.0831002629,0
0.5637263314,-0.1096517168,1
-0.0571427506,0.8654207170,0
1.3955990070,-0.3401361722,1
1.3177648326,-0.4533944064,1
1.2516971840,-0.7114671659,1
-0.2517589523,0.9558070620,0
0.5831293962,0.5868245980,0
1.9136027611,-0.0949636793,1
0.5041694510,-0.2827632079,1
-1.3096113550,-0.1196888406,0
1.4877743326,-0.0426873463,1
0.2100209586,0.0995235565,1
0.6477758507,0.8250955344,0
0.2396684943,0.9642884138,0
0.3663256348,1.1211119176,0
0.8255841366,0.2466202458,0
-0.0749196742,0.1087224436,1
2.0268667499,0.6393291798,1
2.0237174309,-0.2067755724,1
-0.1328763860,0.8407076045,0
-0.5982081781,0.8707063120,0
2.1851603138,0.2908027517,1
0.4776968253,-0.4910504531,1
0.9118096295,-0.3534577744,1
1.6497056583,-0.1740090681,1
-0.5301341773,0.9498861824,0
0.6370020073,0.0060155721,0
1.7566687698,0.3257871891,1
-0.9204087069,0.1260041025,0
-1.1028412106,0.3080146831,0
0.1866368846,0.0337837709,1
-0.2916147516,1.3193492419,0
-0.1274712372,0.3330944107,1
-0.9389391871,0.8875959264,0
1.4246509273,0.1550228178,0
1.8505598146,0.1420125983,1
-1.1418131854,0.0603329476,0
0.3277411126,1.1772553477,0
0.5547997670,-0.2571411903,1
0.2928247468,-0.4717935161,1
1.9258239703,-0.2106176361,1
1.4736516401,-0.5019571556,1
0.5938485358,-0.2357035786,1
0.7682006614,0.5055938854,0
2.0508173219,0.5149254789,1
-0.0912860650,0.7816127183,0
0.5394902333,0.7546246368,0
-0.2957964151,0.9982776512,0
-1.1400779830,0.4000465104,0
0.7715835078,0.1125390160,0
1.9838900956,0.2456831113,1
-1.1033457902,0.2896250359,0
0.4618471667,-0.3839275455,1
2.1668094536,0.0899901123,1
0.6939530299,0.9060075141,0
1.5969666078,-0.1414929565,1
0.3860701259,1.1513396895,0
0.4767179197,1.1202088188,0
1.9581242342,-0.1023902004,1
1.0664858876,0.9122750608,0
1.7818580570,0.0982137108,1
-0.3217961246,0.7764924030,0
1.3604300860,-0.3293270502,1
1.4135459347,0.1642967065,0
0.8833115610,0.3803859837,0
-0.4919465600,0.9151469967,0
0.6566611475,0.3577850790,0
-0.4397429238,0.5646592534,1
1.6184419882,0.2182719768,1
-0.6725236304,0.4949052408,0
1.6533364595,0.0777110842,1
0.7852905650,-0.4988716977,1
0.2941764623,0.6769438991,0
0.9264753585,-0.3420798884,1
-0.1726128770,0.4349552156,1
-1.0493451847,0.7872423886,0
1.1796922468,-0.3362702777,1
1.9743892366,0.3233686954,1
-1.0961240621,-0.4525519817,0
0.9754214932,-0.2480176816,1
1.0159468545,0.3636775877,0
-0.3929229915,1.0001657451,0
1.8162125774,0.2659806406,1
-0.3551236283,0.7220326146,0
-0.1782538268,0.5564147855,0
-0.1340573487,0.6656589399,0
-0.1171419338,1.1975097053,0
1.5718181509,-0.2522149810,1
0.4257612709,-0.2058651153,1
-1.2577760994,0.2537167691,0
1.9316010269,-0.0760784684,1
0.1555748387,-0.2139775046,1
-0.4598590688,0.7599725560,0
1.4111030376,0.4418541910,0
1.0944178232,0.4827098368,0
0.5151912450,-0.4035750123,1
2.1328999470,0.0506527933,1
1.0937584842,-1.0579498348,1
1.7358784516,0.0886879081,1
0.7762864694,-0.7283929801,1
-0.2442178358,0.3512991700,1
0.4846506017,-0.4273805845,1
0.3564037106,-0.4625787270,1
-0.7340828734,0.1193599603,0
-0.1203603401,0.0923271853,1
0.8484633052,-0.7477887084,1
1.7627993682,-0.1179142038,1
-0.1727027179,-0.0285558623,1
-0.6204003828,0.6482197877,0
0.4027463643,0.2083816770,1
1.8754131782,-0.1359815366,1
0.0495085517,-0.4457124330,1
-0.2804334147,1.1571651292,0
-0.0113274872,0.1644902723,1
1.4348852956,-0.6043918807,1
1.9018992118,-0.2135054989,1
1.1703342312,0.0151362760,0
-0.7736458402,0.8294336698,0
-0.1524672199,1.1517541346,0
1.1748778803,0.1958234310,0
0.0405763509,0.7677461723,0
1.9001843605,0.0155490352,1
0.5107352652,0.5568873772,0
0.5825075821,-0.2644360827,1
1.7783788362,-0.4033631428,1
0.4387991017,-0.7393305385,1
1.3120263188,-0.0790818843,0
0.0072198373,0.7255859090,1
1.9882984902,0.2083178043,1
0.9553521458,-0.7750681392,1
1.4796796282,0.0773293700,1
1.0250482498,0.1272431190,0
-0.4641879068,-0.2170204649,1
-0.4604016933,0.8371912866,0
1.0446125229,-0.4217030546,1
0.5694034113,1.2001067187,0
0.7782211138,0.7406037892,0
0.7224916942,0.8533383100,0
1.2589636268,0.0206020767,0
-0.8979397781,-0.1722507575,0
0.0945906037,-0.0192697415,1
0.2514091455,0.0821221658,1
-0.3935729275,0.9840170244,0
-1.1093014604,0.4354187263,0
0.2032491322,1.3127121203,0
0.1488261987,-0.1156908352,1
0.1928304983,-0.1624825294,1
1.1007213335,-0.8490052740,1
-0.1378685469,1.0193620377,0
0.9214720695,-0.2900746833,1
0.0476669547,0.1815563578,1
-0.8083223429,0.5264093815,0
2.2163704477,0.3384648709,1
0.5280412313,0.2692142623,0
1.6206063486,-0.6419801121,1
-0.6042641074,0.6681586252,0
1.6762823727,-0.7463283807,1
-0.6001949075,0.6462122053,0
-0.1281047014,0.4846724367,1
-0.0449119448,0.8299642020,0
0.1198128135,-0.1084990834,1
0.0128857867,0.5548400502,1
0.7699776066,0.7456033236,0
0.7912855869,-0.0084188815,0
1.5738327437,-0.4210096728,1
-0.1742042168,-0.0281764359,1
1.6932439884,0.4615735637,1
1.7592075637,-0.3716743183,1
0.3338042819,1.1486941417,0
2.2456409295,0.4345786372,1
0.5149429043,1.0553849407,0
0.1532403496,0.0762967340,1
0.3461320947,-0.1832212429,1
-0.8532601428,0.6618312748,0
-0.6817045888,0.8852302901,0
0.8932613609,0.7524914586,0
0.5595982417,0.5920688392,0
0.5973183910,0.0356934913,1
0.5922143338,-0.3059105885,1
0.6289810138,-0.5926426808,1
0.1299899480,0.0892882505,1
0.2121201714,-0.0974062814,1
0.6582304993,-0.0781530470,0
1.2849655349,-0.0292895743,0
0.8272897084,0.5899121072,0
1.3075179542,-0.5389316515,1
1.7610174286,-0.5568276210,1
0.8855405416,0.1599201050,0
-0.6292444339,0.7283203989,0
1.7081541085,-0.2314995560,1
2.2781720457,0.8031057389,1
1.9607872079,0.3114121861,1
0.3215817021,0.8149865687,0
1.8447169944,-0.2746964070,1
-0.7470497035,0.6975116524,0
0.1134849137,0.4513235202,0
-0.1373942099,1.1494309392,0
2.1243856621,-0.1175433955,1
1.5376936251,0.1167377550,1
-0.9915874682,0.6949835118,0
1.6167419409,-0.7204087871,1
0.8321533022,0.5419741156,0
-0.6957825719,0.8218911610,0
-0.5738430285,1.2521803126,0
0.8280111653,-0.3017013448,1
-1.1038017718,0.3502322833,0
-0.3841145783,0.2887880926,0
0.1263642991,1.2044549510,0
0.0731901364,0.5753526834,1
-0.3467853470,0.4366051081,1
-1.4544319919,0.5462891556,0
1.4969441976,-0.2170317483,1
0.0640823396,0.1509713281,1
0.6591189007,-0.6782356589,1
0.9092302393,-0.0083750820,0
-0.1594749883,0.4508258678,1
-0.6828471645,0.6001536396,0
1.7252399140,-0.6101434294,1
-0.2289015659,0.9733126344,0
-1.3357084692,-0.1446703544,0
1.1469811304,0.4258061812,0
0.6124585067,0.8014325728,0
0.3189129341,0.9661400291,0
-1.2779279847,0.3751506590,0
0.7326016660,1.1883802450,0
1.7812106930,-0.3564307818,1
-0.8783974595,0.7317310962,0
-0.7658898106,0.3882461140,0
1.7936329344,0.6796056573,1
1.2541475721,0.7319376958,0
0.6475567775,-0.4738541532,1
1.4934580781,-0.2546610404,1
0.5615876795,-0.5479269383,1
-0.0643322623,0.4983801914,0
2.1280998226,-0.1500246036,1
1.5736455040,-0.1872870588,1
0.6795168325,0.9431180829,0
1.8582761311,0.2187611883,1
-0.1397381652,0.9544202777,0
1.1825497444,-0.5909774628,1
1.1134380612,-0.6286807625,1
0.8039010189,1.1344417292,0
0.4534006505,0.0649253909,1
1.6480551681,-0.2104778969,1
1.6949266004,0.5501050441,1
0.3896295871,0.7208629671,0
1.3256811046,0.1174391417,1
1.2022007624,-0.3889109679,1
0.5331368692,-0.4110493476,1
-0.1630810536,0.8831142686,0
0.5041967744,-0.3900678966,1
-0.7357807058,0.5430472998,0
-0.3185762364,0.6868200831,0
-0.4711312460,0.5416798858,0
2.0421878876,0.2990745818,1
0.8456648970,-0.2701480634,1
1.8305852240,0.2793499499,1
0.9051747607,-0.5772288525,1
-0.9008015436,0.4933097086,0
-0.1388176383,0.0571330084,1
-0.1031802361,0.3945223059,1
-0.5856977740,1.2044496630,0
0.7343842541,-0.1420516439,1
-0.7932553265,0.4133098961,0
-0.5960855446,0.9869127492,0
-0.6813012529,0.5295599521,0
-1.1432102162,0.8738729297,0
1.1678007801,0.1899390026,0
1.6212149181,-0.3898567243,1
0.9598162291,0.4919171790,0
0.7883663037,1.0891189596,0
1.0005653411,1.0600413682,0
-0.4849323258,0.5145277370,0
-0.6991552016,0.3723268664,0
-0.3350664677,0.9379781410,0
1.3812406237,0.2586964609,0
-1.1985264098,-0.0847751570,0
-0.0660546427,0.9684365606,0
1.6197071836,-0.1759268179,1
-0.0381510485,-0.4390027199,1
-0.6000064728,0.2388547363,0
-0.7228624877,0.5828823654,0
0.1014903334,0.8315773275,0
0.6067357044,-0.2353728650,1
0.2934202633,0.8643047378,0
1.0939935057,-0.6762848773,1
1.6336309195,-0.5970968923,1
1.8703313293,-0.1974142829,1
1.2092515981,0.7853624458,0
1.0613186289,-0.5112515431,1
1.8826586794,0.3881663785,1
-1.0575500400,0.6246344609,0
0.7060818111,0.6841579829,0
0.9743766739,0.7335392596,0
-0.3349119742,1.3434933923,0
-0.4042795855,0.9931612424,0
1.5435392156,-0.4973831815,1
0.9640757390,-0.7320626247,1
-1.1837510133,0.5111434394,0
1.4435481949,0.1149434623,1
-0.8704747961,0.4211774458,0
0.4305252882,0.9641296794,0
-0.0232285181,0.3072926640,1
0.4843345765,1.0082017844,0
1.8622147836,0.5592061789,1
-1.5193318784,0.1229483272,0
2.2025490585,0.0349249560,1
-0.4869841948,0.4283794905,0
0.2279737146,0.0767886434,1
-0.8004743023,0.6085470738,0
0.0643815826,0.3777495916,1
-0.9708067899,-0.1996235273,0
1.6090275506,-0.1475915813,1
-0.7629844535,0.7651004629,0
1.0335780958,0.5739117616,0
2.0460870863,-0.3868567994,1
0.7315218847,0.5456349512,0
0.5760544719,-0.3564388882,1
0.7702092290,0.6368502423,0
-0.8485732223,-0.0788079790,0
-0.6845792011,0.5962083364,0
-0.6496079632,1.0967196564,0
-0.5520101300,0.4068315118,0
0.8782964727,-0.5064488295,1
-1.3507650670,0.3931745707,0
1.4335145260,-0.2348373983,1
2.1584371323,0.4840687689,1
0.9363737217,-0.1995876823,0
-0.0206326506,-0.2357499927,1
0.5372823934,0.5535001863,0
1.0223149304,-0.5072908666,1
0.6101542171,0.4518977306,0
-0.4585834350,0.5327634144,0
0.9212456429,-0.3215799250,1
0.9758046765,-0.3901851400,1
-0.8481125481,-0.1518580319,0
0.4761063440,-0.7061608232,1
-1.1316899499,0.2976477182,0
0.1574172951,-0.1304882173,1
1.3910818037,-0.4947996486,1
-0.0638591080,1.1653280130,0
2.2845669146,-0.2704330377,1
2.0727086901,0.6403395128,1
2.2120732025,0.6089854536,1
0.4579237886,0.7888238042,0
0.3654124096,0.6124689017,1
2.1866481148,0.5412107797,1
0.1966877840,1.1761360217,0
1.5814901372,0.7018204312,1
0.2736633782,0.3596747809,1
0.6858191660,0.3687788250,0
0.9689609373,-0.2675480553,1
1.8632314965,0.1777859948,1
0.4957963620,-0.4773897054,1
0.8951510667,-0.5987330385,1
0.3468560202,-0.6816630547,1
0.6557524797,0.9719326784,0
0.9336802591,-0.3574054895,1
-0.8164250757,0.7423476795,0
2.1000077193,0.5331890983,1
1.8632516995,-0.0005441162,1
-1.3208489098,0.3087061897,0
0.3873464299,0.5254732643,0
0.6430748826,0.6125696995,0
0.8343976871,-0.6829416626,1
0.4142487539,1.2067807587,0
-0.1052069089,0.5059660020,1
0.7425868135,-0.2253724176,1
-0.0128254954,0.7097546150,0
-0.1817004751,0.3316369218,1
0.5757280349,-0.1345726934,1
0.5560456475,0.8062578048,0
0.0249467068,1.0594200527,0
1.0042614704,0.3894469643,0
0.9740226798,-0.5872727600,1
0.9578422076,-0.4169785184,1
0.6271464227,1.1600438845,0
1.5809349837,-0.2419860877,1
1.4270403443,-0.0876511661,1
-0.7321374713,0.3224688466,0
1.4543929162,-0.6663620686,1
-0.9427853704,0.0509289868,0
1.6977275461,0.0093711187,1
-0.8832279664,0.4664897196,0
1.0042253862,-0.3617531279,1
-0.6783769681,0.6345936579,0
0.2244473118,-0.0508935322,1
-0.6407730407,0.2796163180,0
0.9873286780,-0.7484058102,1
0.2417045619,0.2938038128,1
1.4296468016,-0.0857000763,1
0.1088537342,0.7815567787,0
-0.9395268899,0.6477514867,0
0.3237782636,0.6790238736,0
0.9098740901,0.1354334527,0
0.8271382633,-0.5563035311,1
0.1977491290,0.7686831083,0
-0.2830401598,0.5793408813,0
1.3356106102,0.1478875769,0
-0.8363993391,0.8802118869,0
-0.1954549669,0.9693597388,0
-0.9776188562,0.5502713571,0
-0.3299515803,0.4734653398,0
0.2196859053,-0.2580265631,1
1.2372255692,-0.5079300962,1
0.7753148157,0.7478526337,0
-1.1427615640,0.6900384786,0
1.0786508787,-0.5994580784,1
0.8647530401,-0.2728367972,1
-0.4693765083,0.9463879392,0
0.2427091448,-0.0283575875,1
-0.1146979977,1.1219262648,0
1.2832784318,0.7966029526,0
-0.5946689018,1.1232584928,0
-0.0474315242,1.2820053833,0
1.9386800746,0.1599710293,1
-0.3936681947,0.8227626292,0
-0.8744821007,0.3290157857,0
0.4133352823,1.0250113719,0
1.0258620697,0.5907878713,0
1.9703547635,0.3739209315,1
0.4583809619,-0.4457198544,1
0.4995796002,0.0688485044,1
-0.8245141635,0.0873350926,0
0.8648273085,-0.4348512555,1
-0.6906240779,0.5362123948,0
0.7937614614,-0.4790120960,1
0.7422299386,-0.6706567912,1
0.0018326742,1.2499897905,0
0.3834881227,0.1755837079,1
0.4192497567,-0.1447222958,1
-0.1881075769,0.3961172819,1
0.0557836041,0.9113100407,0
1.9532172340,0.2641047272,1
-0.7579805351,0.8021742875,0
0.9864033299,-0.0547545070,0
0.3922993359,-0.3890383829,1
-0.8135770112,0.2843947904,0
0.6686489143,-0.3846339715,1
0.1160091016,0.8414802700,0
0.8252092812,0.6366684533,0
-1.2023290967,0.3510601415,0
1.0776225806,0.1807864965,0
0.5764205870,-0.3564340078,1
0.3557634857,0.0568364841,1
-0.6163557101,0.8790672572,0
-0.1809519298,0.9449265599,0
0.9839599430,-0.2578814866,0
-0.5522053904,1.0462030269,0
0.0539050287,-0.0640387393,1
1.1242541865,0.2121304264,0
2.0369567234,0.1443896010,1
1.2640306792,0.5408552900,0
0.1119731467,0.9475860656,0
1.6931499640,0.1355781639,1
-0.4379494210,0.3802383670,0
0.5782777368,0.9249456532,0
0.8600675675,0.5202474507,0
-0.5161116054,0.2155999994,0
0.6180739709,-0.3125854917,1
1.4034139038,-0.4672609174,1
0.3501781796,0.8108612702,0
-0.5535016907,0.5890346096,0
1.7367752993,-0.3505515450,1
1.8035855789,0.2140560951,1
1.1246237945,-0.6984403483,1
0.0624613505,1.3090748615,0
-0.8278066155,0.4097274869,0
0.7894729548,0.2871817258,0
0.0245883404,0.1141993056,1
0.1308233633,-0.3917643648,1
0.4534543696,1.2213753064,0
0.8419523608,0.4636902741,0
0.4179680019,-0.6047363442,1
-0.5643803518,-0.0905514635,0
-0.8887579975,0.3826028054,0
1.0783164705,0.3291492697,0
-1.1479435762,0.5241551108,0
-0.6348560692,0.3470867454,0
0.2786818832,0.6912482043,0
1.5954238378,-0.0124993592,1
1.8797208024,-0.1654420844,1
2.1272477358,0.0931210870,1
1.3449411893,-0.4074021729,1
0.8596100203,0.6797545877,0
0.7161700944,0.3762704842,0
-1.0302956749,0.2064690136,0
0.4389469309,1.1302455451,0
1.4831120174,-0.2980659044,1
2.1148424663,0.5199126836,1
2.2269970821,0.1151409050,1
0.2461678586,1.0058238463,0
1.4835105309,-0.4770453031,1
-0.3539277104,0.7424215440,0
-0.3693723029,0.9818534801,0
-0.0883638452,1.1874014883,0
0.3101917736,0.0929498916,1
-0.2508415416,0.9636099490,0
0.2669257169,0.7484169987,0
-0.9032579504,0.5138072987,0
1.9178254767,0.4338555772,1
0.7254407407,-0.3799031764,1
1.4850560647,0.2733382953,1
0.2571600202,1.2220368260,0
-0.9994979755,0.5743646485,0
0.5187474456,0.6291563565,0
1.5852945922,-0.0370874398,1
2.3827028181,0.3250988364,1
-0.2129273481,0.0889705031,1
0.7924225657,0.7168931421,0
0.7822839082,0.6844048153,0
2.4459401672,0.4466616043,1
0.5395264715,0.7631981661,0
0.7643761469,0.1003644090,0
1.9159747724,0.5993228077,1
0.6241837316,0.8580442835,0
-0.4403503366,0.9574796080,0
1.1189120161,-0.3174524074,1
-0.4381567058,0.8376817985,0
-0.6335105878,0.6341630659,0
1.4136045152,-0.2240770114,1
0.6724410653,-0.4794731766,1
1.6684291840,-0.0450988741,1
0.4903401405,-0.4534454657,1
0.1865966398,-0.0540039616,1
1.1842656435,-0.5011568368,1
-0.6726245533,0.9876442402,0
-0.1020189599,0.3846092465,0
1.7414255770,0.1834875686,1
-0.7065932810,0.1186375319,0
2.1340163999,0.5829602691,1
0.0633943917,1.0867686046,0
0.8517614736,0.1652418382,0
1.6270392227,0.0265390385,1
1.5707212277,-0.2688626258,1
-0.7440805846,0.8497879841,0
-0.9460179410,-0.0907022127,0
0.0677961002,-0.3137772789,1
0.7222054820,-0.0118188239,0
-0.6632420990,0.9665334520,0
0.8557560891,-0.0429221233,0
0.8779301838,0.5957499222,0
0.6140183987,-0.2689414903,1
1.7674424427,-0.0944495231,1
0.4781928827,0.9818639573,0
0.2923732202,1.2243513689,0
0.5541551788,-0.2369252971,1
-0.5335454186,-0.0866309529,1
-0.2115794331,0.6913196724,0
0.8947446582,-0.1956867480,0
-0.1379328871,1.1622124460,0
1.4076112823,-0.3034343876,1
-0.0358913694,1.3725899482,0
0.1544095648,-0.3591724804,1
1.1202828368,-0.0935567121,0
0.2778482380,1.0016295069,0
0.9014981492,0.8155686080,0
0.1682990519,1.2840659531,0
0.6958665283,0.8545661398,0
0.1696661124,-0.6236752937,1
-0.8617130022,-0.0283175364,0
1.6630765064,-0.2961882436,1
-0.7330621522,0.4464550097,0
0.5315986873,1.1955817986,0
0.2712880064,0.9579254416,0
1.1974148892,0.7048581572,0
0.0060123355,0.4008485147,1
0.8048244162,-0.5635331294,1
0.1737079774,0.4032489567,1
1.7986596356,-0.2073003481,1
0.7264094238,0.4478245532,0
1.0273448378,0.3200008934,0
1.1058014613,-0.6196903174,1
2.0672141240,0.2496139875,1
0.4084853152,0.4457180790,1
-0.6554501633,0.8353431295,0
1.6760503868,0.0018582392,1
1.3431777533,-0.4761285684,1
1.5695282780,0.0232869044,1
1.4133696679,-0.5716216780,1
1.7298830504,-0.5174266617,1
0.2801422028,0.9079731801,0
0.8374399492,-0.7508654773,1
0.3371391485,-0.3815560498,1
0.1822107452,0.8808009742,0
0.8354841843,0.3964941711,0
-0.2324461950,0.7615131380,0
0.2915866229,0.0395163231,1
0.0276577444,0.7718910049,0
1.0986410456,0.4491748004,0
2.3124550901,-0.4077229540,1
2.0664291584,-0.2228831519,1
1.4000182935,-0.3292804683,1
-0.0583606655,1.6002788235,0
0.7704447869,0.2105152922,0
-1.0783137827,0.2571091950,0
0.0486180913,1.0025403777,0
-0.6354760408,0.3059852028,0
0.8201905573,0.6700705865,0
-1.1021962166,0.6876775335,0
-0.1610012418,0.3807699346,1
-0.9316964511,0.4242550960,0
0.0004068307,0.0357860992,1
0.7841632429,0.7262518784,0
1.1406700594,-0.5010605920,1
1.0953752580,-0.4536907397,1
-1.0792921193,0.3195806385,0
-0.9623479710,0.1934862423,0
0.3963165649,0.2973319009,0
0.0600039228,0.7579808028,0
-0.4249195920,0.8987553203,0
-1.1535556645,0.5392659934,0
-0.0750645958,1.3274653658,0
0.7416310991,-0.5448252829,1
-0.0030124521,0.4270278370,1
-0.0331808832,1.1001557243,0
1.7790742453,-0.2160726001,1
-0.6973429479,0.8025259379,0
-1.0328639285,0.7253463154,0
0.8879857111,-0.8485228629,1
0.3562732235,-0.2867439576,1
0.2864001202,0.2378003560,1
-0.9657464247,1.2014303092,0
-0.2673953661,0.2480047228,1
-1.0966590035,0.2244424176,0
-0.1794425605,1.2317956067,0
-1.3247025924,0.4316160812,0
0.9163770132,-0.4405097939,1
-0.4709219126,1.0773640842,0
0.8145983799,-0.4515418991,1
0.5809361575,1.0141938019,0
-0.1300487781,0.0637460554,1
-0.1600589581,0.8489103201,0
-0.1246436728,0.7916214664,0
-0.4884480268,0.8380611486,0
0.1895374050,0.0177075420,1
1.5756951331,0.1409057297,1
-0.3846756923,0.9154747357,0
0.9610606949,0.7729226276,0
-1.1177244683,0.4240543453,0
-0.6852497162,0.8486533864,0
-0.4693072212,0.7085848497,0
1.6096039469,0.2141687104,1
1.0625282812,0.4601160230,0
1.5656316736,-0.5611276627,1
0.0095418521,0.8684676751,0
0.8861033702,0.4904753076,0
1.7138841123,0.3565158162,1
0.6379019433,0.5890981870,0
-0.3697090535,0.9019845921,0
-0.2423840352,1.1788646573,0
1.3378776235,-0.5848625646,1
1.5582876836,0.3996788294,1
-1.0827713824,0.3105500886,0
1.2752911115,-0.5707493803,1
-1.2213844557,0.2508613810,0
-0.2830804225,1.0822669134,0
1.9787264050,0.3513118141,1
0.6320259965,-0.3692118526,1
0.7649968219,0.4883815321,0
-1.0160475734,0.3676399134,0
1.9986917340,0.7480099102,1
1.7223351253,-0.3859182278,1
-0.7620795354,1.0544051157,0
1.2260880063,0.3423561715,0
-0.8845023443,-0.1372630499,0
0.2539264836,-0.2635668909,1
0.4917464406,-0.5020742529,1
-0.3568650435,1.1049107805,0
-1.0498119834,0.3718124259,0
0.7149426915,1.2398863166,0
1.9671535389,-0.0726372870,1
1.8340118280,0.2072271004,1
-0.4106425700,0.7179889255,0
0.5984511893,-0.7361101992,1
-0.0586862228,1.0772797171,0
1.9012915824,0.6489747220,1
-0.8469912426,0.1580387907,0
1.4705427340,-0.5291953729,1
1.2083593122,-0.0170898851,1
1.2357619039,-0.6091536597,1
0.8902497386,0.7489650251,0
-0.7634101068,0.4068823030,0
0.4114116584,0.7060783311,0
-0.0088244274,1.2954022349,0
1.5448723671,-0.3337068252,1
2.0876894396,0.2411367304,1
1.7053459665,-0.2125224116,1
0.4177349015,0.3057614481,1
0.0122832614,1.0242325236,0
-0.4054390927,0.6714269097,1
0.0827071641,-0.2669748384,1
0.8555191597,0.0694018930,0
-1.1375542367,0.8447593870,0
1.9239273927,-0.3037029397,1
1.9001118997,0.0423662811,1
-0.1772553620,0.0993885140,1
0.3252701468,-0.8674792978,1
-1.1717500540,0.5527875634,0
-0.5278997895,1.1884371930,0
1.9348000890,0.5188791314,1
-1.1152101613,1.0232092210,0
0.7507342372,0.8223063779,0
-0.6787650867,0.0455191927,0
2.2339458222,-0.1436057777,1
0.3372327071,-0.2383107066,1
0.1686302053,0.6969747995,0
0.1862879575,-0.0483156726,1
0.9156002668,0.3465120869,0
0.6367569450,-0.6131743769,1
1.0542143845,-0.0268960833,0
1.2342504517,-0.2957017172,1
0.5944546128,0.9677730828,0
1.0735771390,-0.6530398901,1
-0.2396997879,0.1596174437,1
0.2466105456,0.0632132502,1
0.4520586386,0.5968309801,0
-0.0636316569,-0.0982776304,1
2.1232602194,-0.1108793680,1
0.6460136347,-0.5469804710,1
0.6352401928,0.8360501352,0
-0.4354301937,0.9127397380,0
-0.6639085131,0.9227604760,0
1.4643288101,-0.3509852570,1
0.4472581261,0.5682889785,0
0.3237673709,-0.4281583015,1
0.7462314342,0.9858175653,0
2.0271885556,-0.3537073050,1
-0.5612360829,0.5699041381,0
0.0741629379,1.2256855354,0
-0.3403662754,0.9913365153,0
1.2059567449,-0.2647077577,1
-1.0332389356,-0.2513730924,0
0.8563218830,-0.3608534437,1
1.1991616055,-0.4479491267,1
1.6185858848,-0.1535981582,1
0.6460544690,0.6272687409,0
-0.2719074250,1.1048623874,0
1.1298216418,0.2404528576,1
0.7765750876,-0.0290334044,0
0.9020444045,-0.7736522765,1
2.1986162377,-0.4136018719,1
0.9747695571,-0.3550203187,1
0.2221160620,0.7583387078,0
0.1717447830,1.0975918304,0
0.6225185405,0.5557123790,0
-0.8143612565,1.3240123578,0
1.2788262657,0.0540820054,0
0.0976722130,0.1143704932,1
0.2672589533,0.2007710848,0
1.5856631777,-0.5588789613,1
0.8075287817,0.5027026276,0
1.8034159796,0.6515253970,1
1.1489987632,0.4530436753,0
1.9421795778,0.2190439513,1
0.6337097917,0.7071508705,0
-0.6404235334,1.1522401142,0
-0.8427073766,0.1495461809,0
1.5189949034,-0.6569884934,1
0.1423376451,0.8492429811,0
0.4692331673,1.0610361453,0
1.5415710349,-0.4051315953,1
-0.9311548867,0.2410646467,0
0.0670590525,0.4449628159,1
0.8791920187,0.5281654178,0
1.5584055681,-0.8925934086,1
1.1124173037,0.9873854150,0
0.9862219312,0.5281365567,0
0.9187561780,0.2867823506,0
-0.4824880607,0.9176179809,0
0.3764487536,1.0717775643,0
1.1097470865,0.0563386100,0
0.1995536013,1.3180586851,0
0.2888361157,1.0544296450,0
-1.0877458776,0.4578754551,0
-0.0004872678,0.3484717943,1
-1.0119284238,0.3657449239,0
1.3949097184,-0.1197140200,1
-0.4255359825,1.0608405437,0
0.4103845554,-0.6601306132,1
1.4898979130,0.3046604992,1
1.9713511100,-0.7411003348,1
1.9672805128,0.0401806958,1
0.2959874782,-0.1186759812,1
0.3021667343,-0.4918177298,1
0.2627994670,-0.4502387905,1
-1.0001983925,0.5801874197,0
1.6738418777,-0.6288001249,1
1.2097497684,-0.9319261505,1
-1.1392752716,0.6817405236,0
0.3218164300,0.0939231925,1
0.3769154921,1.1673483755,0
1.6926213748,-0.1485838635,1
1.0069170189,0.4349016468,0
0.1582517315,-0.5429126047,1
1.0496320930,0.4096643571,0
1.0154827358,0.2428658703,0
1.8155660959,0.3070921846,1
1.1788828170,0.2663243519,0
-0.6401984237,1.1329523467,0
0.1593163257,1.0670445550,0
0.6101600746,-0.5157262005,1
-0.4979283177,1.1968668816,0
0.3674722735,1.2315640558,0
0.8936635634,-0.6786793983,1
1.6565110751,-0.4847577981,1
0.1496123109,0.7981492916,0
-0.8028081165,0.5809545688,0
0.2586310350,1.0077351034,0
-0.7661617277,1.4533778790,0
2.1892016646,-0.1645685524,1
0.0961815433,0.1977127791,1
-0.0348806985,0.8978798236,0
0.2048555765,0.2689722314,1
1.7805058689,0.0022310577,1
1.7504564605,0.3482180346,1
0.1901169506,-0.1712119810,1
1.2049262843,0.4531294343,0
0.6017860058,1.1308473235,0
1.1087646725,-0.5421749938,1
0.9376448219,-0.2159458414,1
1.0536599497,-0.6509821225,1
0.1458445367,-0.0463859199,1
2.0828528737,-0.2196854075,1
-1.1545804381,0.3010887183,0
0.8194539940,-0.3865843383,1
1.1620439297,-0.6535710172,1
0.0539723738,0.2796478195,1
1.5243727370,-0.5038326356,1
2.0541205826,0.3362323073,1
0.8492895558,-0.4017274280,1
0.0082294976,0.0111897800,1
1.0026650226,-0.5652028439,1
-0.7837820691,-0.3634693498,0
-0.2945079040,1.1198815071,0
1.6773774471,-0.3702294006,1
0.2367665269,1.2110399823,0
0.1658085138,0.9094101753,0
-1.1592237553,0.2668435802,0
0.6003207436,0.6657324236,0
0.6253713095,-0.1867582447,1
-0.6645560956,0.4758622219,0
-0.3526057734,0.3846463691,1
0.4855310965,0.9769689263,0
0.0360564917,1.2328860782,0
1.1229514735,-0.2511912692,1
0.4185050313,1.3067188938,0
0.7143709562,-0.2301839319,1
0.0737028971,0.1257034864,1
-0.6514501184,1.1324793230,0
1.3205651647,-0.2957849837,1
0.3117351657,1.4443276985,0
0.2767763759,-0.1393410319,1
0.0245034986,0.3058966588,1
-1.0455962995,0.7216422720,0
1.6417460702,0.0149655981,1
-0.3258284675,0.6491893357,0
0.8771176021,0.3393738591,0
1.0760984410,0.1082742476,1
0.0859175869,0.3440921723,1
-0.8599805758,0.3962217846,0
1.5156315694,-0.3472910591,1
-0.8514295800,0.6127426338,0
-0.0051691832,-0.3208688142,1
-0.3749460802,0.2952280433,1
0.5113528733,0.6273763887,0
0.4530563877,0.6850139388,0
-0.1000485380,1.0391704522,0
-1.2041874002,-0.0117761550,0
0.0164301435,0.2592028559,1
-0.6095815885,-0.0461782597,0
0.3225316382,0.4984527013,0
-0.7828756109,0.5395754023,0
1.3657078338,-0.0364407258,1
0.6005472517,-0.7198789692,1
1.6967712321,-0.5770421198,1
-1.0315758564,1.0162544037,0
0.4578515163,0.3736568001,0
1.6165245137,-0.4586358739,1
0.2256425994,0.1739163482,1
1.7320718927,-0.0237885768,1
2.4518629693,0.1887610349,1
1.4752409118,-0.0153635555,0
0.2598240004,-0.2196271954,1
-0.9605167149,0.5766619255,0
1.7636967019,0.2159870075,1
0.5447526866,0.5190181400,0
0.9286237438,0.6283775565,0
-0.8782001628,-0.0608715418,0
1.9360972127,0.0660124546,1
0.3212429578,0.4228458172,1
0.0111746812,0.8834559435,0
-0.3027842866,-0.2620730249,1
0.9181254056,-0.3975338086,1
0.8881061615,-0.0675388071,1
0.2354233749,-0.4480045675,1
1.1607787774,0.0304623758,0
0.4808523353,-0.7365895232,1
0.4867039885,-0.1662273210,1
0.3892334044,0.7780752342,0
-0.0622764967,0.0728062342,1
0.6595560551,-0.1204614895,1
1.0760566138,0.1139426641,0
1.0988723381,-0.6803052891,1
1.0019271379,0.8175606203,0
-0.8442847199,0.3990137189,0
0.8490069961,0.5445603907,0
0.8154299358,0.7604840882,0
2.2809933465,-0.0950308797,1
-0.9796319408,0.5436116541,0
0.9704988018,-0.6741179772,1
1.6638875793,-0.3211597847,1
-0.3962359419,0.9858289153,0
0.5928546610,0.6243615088,0
-1.1413023136,0.2385960787,0
1.7100639806,-0.2202604161,1
0.0023428374,-0.1686517517,1
0.3146889770,0.8256779110,0
1.5372747149,-0.3330912282,1
1.2492853898,-1.0080038958,1
0.5900271393,0.9615492165,0
0.8789369067,0.7092218367,0
-0.7253470763,0.3993666316,0
0.7027891894,1.4885096854,0
-0.0730814767,0.7607175241,1
1.4771487672,-0.5396585567,1
0.7138872879,-0.6073053102,1
0.7188037611,0.7153478647,0
1.7230727159,0.1050845627,1
1.7934700738,-0.4814876272,1
0.0294258417,-0.0109938172,1
0.0914565213,0.8000756623,0
1.9934103753,-0.1270188067,1
0.7822364972,0.1776739399,0
0.8159281519,-0.4626923985,1
0.6622382424,0.1038475535,0
0.2886891201,-0.1555590027,1
1.3281261411,-0.2659527610,1
0.8074061578,0.1458445627,0
1.9817140612,0.5103602598,1
1.8660645749,-0.0911153659,1
0.7477415420,0.5993092784,0
2.2134075748,0.3963526198,1
0.7140409115,0.4010961301,0
1.7201781498,-0.0689848850,1
-0.8769557006,0.4559701366,0
1.9219211402,0.1703684967,1
0.3471822943,0.7521355853,0
0.7818526694,0.8385121457,0
-0.0970388959,0.8711066379,0
0.0241893989,-0.3095873292,1
2.2328120066,0.4538161929,1
0.2919728342,0.8308498633,0
1.8209190762,-0.4968879982,1
1.9473824724,0.2521639294,1
1.6570404856,-0.3738768509,1
1.5106078648,-0.1539186643,1
0.3056572654,-0.0354733856,1
2.2288054356,-0.2884047311,1
0.5537950096,-0.3135083800,1
1.9702823774,0.5292156689,1
-1.2378057732,0.5300497421,0
-0.0771758643,0.5927082264,1
-0.4516146042,1.2323187979,0
-0.0469632372,-0.3547279604,1
0.3965306081,-0.1191546790,1
-0.7311622371,0.8657336080,0
1.5280517932,-0.4395589393,1
0.7312182519,1.1075730822,0
1.8040901341,-0.0118851766,1
1.7835027321,0.4032038812,1
-0.9511407717,0.1214938801,0
0.2612416740,-0.0914290624,1
0.5568151816,0.8198685128,0
0.7332535515,0.9325807763,0
-0.5867486948,1.0943604402,0
-0.8495154655,0.3989313109,0
1.5530546007,0.1828642437,1
0.2856916366,-0.4464163667,1
1.3244577770,-0.4563424362,1
1.8700543056,-0.0802981951,1
0.3793023596,-0.1883876041,1
1.0000151042,0.4959197397,0
1.0158040729,-0.7479448976,1
-1.0455895697,0.3380312167,0
-1.0649165749,0.2267603840,0
0.7710547511,0.6985653550,0
1.3238127495,-0.3358428253,1
1.2506260987,-0.5502616439,1
1.6448326383,-0.7847716574,1
1.2245613695,-0.7005150002,1
-1.0773027105,-0.2748056894,0
-0.6281329113,1.1515968068,0
1.1411190900,-0.4342466453,1
0.5903807543,1.0924417875,0
0.7375536676,0.5193354504,0
0.6770488420,0.4644850111,0
-0.9152337648,0.5418213172,0
0.6081329646,0.7149676693,0
0.3262092872,0.9092171382,0
1.2695970015,0.0386841982,0
1.0468977535,0.0823288236,0
1.1952469848,-0.6855017325,1
0.4685959407,0.7262269449,0
0.7702215286,0.7670256970,0
-0.2279485202,0.9894903266,0
-0.9169335755,0.5204321507,0
-0.7884180148,0.5016614729,0
1.0651266574,0.2244356720,0
1.7400417413,-0.2187480186,1
-0.0375848414,0.0094821477,1
-0.6274769701,0.4478453232,0
-0.8934832684,0.6553559382,0
1.0560887976,-0.4142778592,1
-1.4358342963,0.6732059266,0
1.3073976038,-0.8921265788,1
0.3766374331,-0.4381057634,1
-0.7643249599,0.8970371505,0
0.1924456752,0.2070701151,1
1.8411387764,-0.0357593527,1
1.5606001566,-0.0953713560,1
0.7937749346,-0.2071184287,0
0.8165821652,-0.4702579297,1
0.1220900155,1.1385903061,0
0.0188258090,0.3219539836,1
1.0261668911,0.3960316988,0
1.9636481051,0.1735961443,1
0.3569558769,0.6152356036,0
0.3633929801,-0.5327673612,1
1.7191884206,0.0629579484,1
0.3534097489,0.4434026188,1
0.7698849222,0.9377663710,0
-0.7316015129,0.7099876911,0
0.7335572096,-0.2206955515,1
-0.6609467409,1.0841494906,0
1.6808937140,-0.0997853054,1
1.8542321177,-0.4793762052,1
1.3980732355,-0.5284729141,1
0.5416467804,-0.2417267029,1
0.3372413736,0.7475225201,0
0.6555654515,0.7829598305,0
1.6103484060,-0.2228905977,1
-0.8202921486,0.5099995736,0
0.5505644691,0.4412606396,1
0.6578701060,-0.3429189897,1
0.4299501688,-0.1237100046,1
0.2785097097,1.3293795712,0
-0.2669860946,0.9212913410,0
-0.4032957518,0.8215884605,0
-0.8585657281,0.2466396097,0
1.9180117204,-0.4739019378,1
-1.0067468409,0.5947107748,0
0.1389361304,0.3927762279,1
0.5046649595,-0.7060525433,1
-0.1130762197,0.0481001458,1
1.3013204902,-0.6125694970,1
-0.5050265972,0.5814294012,0
-1.2747319660,-0.0000823910,0
-0.2792687924,0.7302013547,0
1.4708667915,-0.5647233135,1
0.5405873686,0.7290085189,0
-0.7578822342,0.4677041821,0
-0.8328594123,1.0782089106,0
0.2921230229,0.9991089942,0
0.1537914288,0.2468362185,1
0.6268754942,-0.3911866224,1
1.0737385840,-0.2277492848,0
1.0315757798,-0.0484816903,0
-1.0020559726,0.6467494644,0
0.8226321346,1.2192144410,0
1.1164285817,0.3271043233,0
-0.2163294825,0.8475583751,0
-0.1382291769,1.4729875178,0
0.5563033952,0.1888286133,0
-0.8393815143,0.5506555211,0
0.3571590132,1.0966912125,0
1.6749509748,-0.4815374242,1
0.2137472373,0.0857662646,1
-0.0794064165,0.2198089497,1
0.2141937559,0.2022132572,1
0.6356162101,-0.0795724903,1
-0.4839694988,1.0115362125,0
-0.1032647606,0.7731206743,0
1.6602127877,0.4282342365,1
0.1090064733,-0.2305382244,1
0.2102161540,0.8357076723,0
-0.0000617263,-0.2111002815,1
0.4825114319,-0.3042115688,1
0.2747978983,1.2243377937,0
0.0002207284,0.5527800438,1
0.9807531152,-0.2216241499,0
0.1420795201,1.0772733429,0
-1.2178914199,0.1417830483,0
-0.6944585140,0.7190437750,0
0.0267849382,1.0470128934,0
0.0262107454,-0.2182773369,1
0.6032602956,0.8975149552,0
-0.2424745194,0.9876465474,0
-0.3252978571,0.8701225556,0
0.3200398031,0.9793541012,0
0.8197558493,0.6317350683,0
2.0565609450,-0.0821511281,1
0.8446594541,-0.8088789052,1
1.4663650217,-0.2932324635,1
1.1961603546,-0.5957116511,1
-0.0091656595,1.1415164862,0
0.5282828257,-0.2401390716,1
0.4451311717,-0.3206448056,1
2.1236118814,0.6709123435,1
0.8975303365,0.4315192593,0
1.8297353332,-0.2551746663,1
0.7981653628,0.0735795188,0
1.7866360586,-0.7114023095,1
0.1657021850,1.1273121414,0
-0.4081795226,1.3703679195,0
0.6256333447,-0.3497905462,1
-0.9140097763,0.0759101424,0
0.5750795657,0.5216128398,0
0.1503682624,0.2821665443,1
0.9512425549,0.1090746282,0
1.2611914883,0.4338311791,0
-0.2094274572,0.8727519217,0
0.3811397400,-0.2109341157,1
-1.0557647605,0.2900744789,0
0.9528338457,0.6377513753,0
0.8412963943,-0.6205094155,1
0.8196408833,-0.3720982990,1
-1.0742977902,0.4028119406,0
0.4088345010,-0.3307332747,1
-0.6793170794,0.9503287574,0
0.8427714506,-0.4792269071,1
0.2534902986,0.9266826334,0
-0.6993355961,0.8551977982,0
1.0794513983,-0.4250605073,1
0.5950519293,-0.3233402903,1
2.1460701969,0.0278666404,1
-0.6450700242,0.9035023391,0
2.0211026090,0.3489972379,1
0.6915806093,-0.5063014434,1
1.2793647119,-0.1075011795,1
-0.0688407660,1.0937601262,0
-0.4158350690,-0.0692575053,1
-0.0996271458,0.9073936646,0
-0.0726458946,1.0948327619,0
-0.7617571949,0.8140039752,0
0.0874700196,0.3234867852,1
0.9597738386,0.1453319921,0
1.7239176048,-0.2191652760,1
1.7886490034,-0.4288535814,1
2.0260288096,-0.3230429487,1
0.2436337840,-0.3203266479,1
0.7912747272,-0.1734854732,1
1.8516988528,0.2193262892,1
1.7984792039,0.1321524005,1
-0.9539210648,0.5164993208,0
-0.7206804603,0.3345929811,0
1.3596793601,-0.5816216818,1
0.9501620402,-0.5704994373,1
0.5777539473,0.5606593434,0
0.6025056092,-0.3965203952,1
-0.0155992635,1.0078376290,0
1.6468617796,0.3228836888,1
0.1595190269,0.3382413642,1
1.6852867339,-0.3400394409,1
-0.1380532269,-0.3055856748,1
0.7016953096,0.3732090372,0
-0.0783613129,0.2059860533,1
-1.1272576754,0.0700456957,0
0.8706462184,-0.1212269060,1
2.0082225971,-0.0773314384,1
0.1527722733,0.1422144109,1
-0.7143663964,0.8581190495,0
0.6766357637,0.6173012426,0
2.1767053324,-0.2762337801,1
1.6608247247,0.1155229186,1
0.2595639279,-0.1819717268,1
0.0035216487,0.0799019714,1
0.1685308166,0.0147958567,1
-0.9884714660,0.1134178587,0
1.4948584862,-0.2647736611,1
0.8655435591,0.1531478991,0
-1.0800784918,0.4167549831,0
0.3984795646,0.5320922473,0
-0.8443686482,0.2094013173,0
-0.3486819293,0.9670882496,0
0.2124332593,-0.1866024662,1
-0.9617806535,0.7117805953,0
1.5346420248,-0.0489819667,1
-0.0962921047,0.1715673111,1
0.7452043517,-0.5599070664,1
-1.0729207849,0.0730518648,0
1.8016075415,0.4170542997,1
0.3832372892,1.2366132958,0
0.9457865355,0.7436740221,0
0.4565898179,0.9374298891,0
2.2207952222,0.3520795198,1
0.8353512375,-0.6379649473,1
-0.3637936396,1.0882954359,0
0.3178951811,0.9369098533,0
0.2529849435,-0.0187759726,1
0.6685258598,-0.4946872537,1
0.2826425565,0.5192183476,0
-1.0721104341,0.2819039391,0
1.5468039424,-0.5202892807,1
-1.2133662963,-0.0944877727,0
0.8291285158,0.6086076645,0
0.3405924328,-0.3179102874,1
1.3550906672,-0.7590889299,1
1.4655609863,-0.8779807070,1
1.0416401843,0.1309921531,0
0.2357851559,-0.2849761706,1
-0.7435191663,0.6951467024,0
0.8923072286,0.7671736014,0
-0.0857886969,0.5283480603,1
0.7178092047,-0.3410426315,1
0.0337975097,-0.0778750509,1
0.5987784537,0.6210540810,0
-0.8461719069,1.0084949923,0
1.4273328294,-0.4307870333,1
0.3852764248,-0.1117700782,1
-0.0607336514,0.7143336451,1
0.8328271021,-0.3093751068,1
1.7060052736,-0.1528068295,1
0.5897217206,0.8831770699,0
1.4775434431,-0.6438569248,1
0.3110502575,0.5076510241,0
-0.0956063180,1.0854045830,0
0.3382547150,-0.3224143477,1
0.8799272693,-0.4793726597,1
0.0786503589,0.5921312944,0
0.7091584445,-0.3188528135,1
1.6752452894,-0.4581463861,1
1.1612441491,-0.3156652055,1
0.2473917684,0.1203197996,1
0.0416240094,0.2336848472,1
0.9251825990,-0.4016373968,0
1.8896158811,0.4820678572,1
1.6522820612,-0.3963717282,1
1.0426489845,0.3840115937,0
0.6330754685,0.5957545368,0
0.7018844922,0.7538054729,0
1.6186838058,-0.1837800811,1
-0.4864218921,0.7646136168,0
0.2914066865,-0.4712350048,1
0.4207784689,-0.3198591305,1
-0.5531713857,0.6911077641,0
-1.0547144059,0.1125958864,0
0.2793099976,0.2883858543,1
0.6985141109,0.9681607159,0
-0.1120688778,0.4506318469,1
-0.7463876839,0.6300064888,0
0.3332342673,0.5506045010,1
-0.0680627768,1.0625839472,0
1.5147803649,-0.4879922747,1
2.2969593094,-0.1938530390,1
-0.5208384983,0.8267909643,0
2.0554078632,0.2902352669,1
0.8030479019,0.1086119582,0
0.5111835807,0.8427291006,0
0.2551367748,0.0992664634,1
0.3004977071,0.8681097813,0
0.2076886652,0.2963667189,1
0.7102702837,-0.1320349030,1
1.4313716905,-0.1237647794,1
-0.3620784997,0.7198366897,0
0.1006221003,1.0776331287,0
0.7258812720,0.8334935259,0
-0.3345113385,1.1201414105,0
-0.6964646127,-0.1693642381,0
0.6917033382,0.9533544020,0
1.2741000219,-0.6656830307,1
0.8062261794,0.6390163445,0
-1.0017172030,0.1477743962,0
-0.6109553672,0.9950049221,0
-0.5159031142,0.8746020782,0
1.0977167875,0.6381483672,0
0.4552181287,-0.3953905551,1
0.6391276149,1.0231300232,0
1.1089057551,-0.5389967448,1
2.0588281373,-0.0411889416,1
0.9302851785,-0.1650630786,0
0.1549368930,-0.0788132468,1
1.1947714612,-0.3093039064,1
-0.5292942019,0.5268905592,0
0.8665195813,0.2879472627,0
1.1938914608,-0.6271307669,1
-0.3524652850,0.6652491247,0
0.2485775687,-0.1420746431,1
-0.2055377190,1.1090203873,0
0.4262772671,0.9856042589,0
0.4536337955,-0.1270241358,1
1.0425554375,-0.5949356325,1
1.8710157408,0.2375149207,1
1.2087473945,-0.4937505356,1
-0.6095757800,0.4672213224,0
1.7097132658,0.0974062715,1
0.2453731873,0.5795291855,0
1.9681693306,0.1739358665,1
0.1918533796,-0.5129763150,1
-0.7548886594,0.7929571357,0
0.9919255747,0.4729587132,0
1.7809109708,-0.4746970643,1
1.2890280644,-0.7504614384,1
0.2366298284,0.9758337201,0
0.1772429156,0.9235260631,0
1.5720319809,-0.3702525276,1
0.1796537450,0.6994012610,0
2.0056402888,0.2018125994,1
1.2611229381,-0.6809625312,1
0.6556855906,0.7009089132,0
-0.5193473220,0.6861798707,0
1.1383559981,-0.2744750512,1
0.2341814787,0.1087288312,1
0.6120701477,1.1409081428,0
0.8034896961,-0.3400397356,1
-0.5448885899,0.8165413157,0
1.7985194304,0.1103003397,1
0.5033584248,0.9096846595,0
0.7635508006,1.0068593950,0
-0.7037958434,0.4646166720,0
0.5842899107,-0.7176950963,1
-0.2428506953,1.0525222553,0
1.8022963045,-0.2513839423,1
0.5134597755,-0.3510150308,1
-1.1392784927,-0.1233002895,0
0.7863119585,-0.5176689885,1
0.8258140354,0.0584462791,0
0.6030234642,0.7354189836,0
-0.5050371217,0.9699670978,0
-0.8989492357,0.3358954273,0
-0.2006724542,0.9795365850,0
0.4729878159,0.7928323013,0
1.2916449434,-0.1230066942,1
1.3304759775,0.8382339179,0
2.1965403900,0.3480106942,1
0.4904747325,0.4643333721,0
-1.0968913271,-0.3446070968,0
0.7650350741,1.0256994821,0
-0.8119289958,0.4940573084,0
-0.5482675282,0.8952047140,0
1.7567051468,0.0847734855,1
-0.5382918194,0.9371072330,0
-0.0122291319,-0.1340715957,1
0.0452087413,0.2411681545,1
-0.3294310841,0.8579303844,0
0.1487876684,1.3724867089,0
1.1302230602,-0.5058175424,1
0.1056061592,0.7134906232,1
1.3192853141,0.3437167170,0
0.5811226090,0.9115695333,0
-0.7731376636,0.4911630482,0
0.9906639542,-0.6290735509,1
1.6529083744,0.6434165312,1
-0.8792903754,0.3905569583,0
-0.8572529983,0.9844865903,0
0.5865844772,-0.4545634170,1
0.4655805740,0.7306672135,0
-0.2511305200,0.9862261354,0
1.0664558284,-0.6335703841,1
0.2134707235,0.9740534029,0
1.6137011914,0.2057424449,1
0.7210331600,-0.4590298635,1
1.1634349122,0.5171874897,0
0.0735727218,0.6852798560,0
0.8574027930,0.7223601941,0
0.4239549416,-0.3040506687,1
1.7753468347,-0.2361617236,1
0.1241261709,0.7879988810,0
-0.8718113921,0.7129644757,0
0.2355895724,0.6333964163,0
1.6403311237,-0.3562069885,1
-0.5897801094,0.6902831859,0
1.4758525856,-0.3505335538,1
0.0800171058,0.5748093060,0
0.1065379747,0.1515096644,1
-0.2636427565,0.3221271429,1
0.0454073203,1.0060901497,0
0.3696136741,1.0712288913,0
0.2221676617,-0.1947810814,1
-1.1393154442,0.1137672531,0
-1.0178276860,-0.1573942563,0
0.9222317647,-0.3394442179,1
1.5429916321,-0.3706872612,1
1.5692911626,-0.3703636183,1
1.2971969314,-0.4638942523,1
0.5478657682,0.6513085813,0
1.1583719631,1.0260573078,0
-0.6848407133,0.6775850340,0
0.0432660306,-0.2131171123,1
0.5216523454,0.5734369671,0
1.6204015126,-0.2623001473,1
-1.2222775173,0.1978309632,0
1.9713840270,0.5501057589,1
1.0036263287,0.7521503698,0
1.1333527163,-0.0172527831,1
-0.0950967635,-0.1063770701,1
1.9630330890,0.2386546331,1
0.6619620634,0.6688092601,0
0.5196763767,-0.0416142062,1
-1.0165559053,0.3258769524,0
0.9701254030,-1.2285783278,1
1.5622981700,0.0472124737,1
1.9834546339,0.6866641978,1
0.4598305931,-0.0048065338,1
0.4429395639,0.9282133826,0
0.7537897600,0.2844270413,0
2.3408978878,-0.2352219315,1
1.8368793949,-0.0902942928,1
0.3319342341,-0.5949141748,1
0.8023942087,-0.5447317435,1
-0.3356397363,0.7434338610,0
-0.6520135168,0.9674511859,0
0.6363856785,-0.3798066790,1
-0.1072686870,0.3931052387,1
-0.0149264941,0.8193218929,0
0.8772487202,-0.5584742183,1
1.9206986898,-0.0931304185,1
0.3373745824,0.3297499679,1
0.9673434037,-0.3742314942,1
2.1454913124,-0.0922160866,1
0.8811997809,0.5203738314,0
-0.5106883184,1.2435397177,0
0.4791071450,-0.3750888835,1
-1.0236637466,1.2490851186,0
0.6674219109,-0.4541530636,1
1.2060941067,0.1731129242,0
0.9347054930,-0.5279604653,1
1.6916036088,-0.5128760382,1
-0.3993047745,0.2357313492,1
0.0927368252,-0.1899465979,1
-0.1084803590,-0.1240278910,1
1.4556855997,-0.5755417677,1
1.3786223368,-0.4650382789,1
-0.7891142467,0.6749552225,0
-0.8322547606,0.5855870142,0
-0.1697836843,0.7955887051,0
1.2621819329,0.4144844080,0
2.0613529982,0.5187918914,1
1.7220059664,0.1284018504,1
0.5771382837,-0.6268234382,1
2.0892145721,-0.3711811830,1
1.4773345914,-0.2593608634,1
-0.2512548967,1.0235030531,0
0.6711366174,-0.6199885435,1
-0.5164900330,0.6781574143,0
0.5266545818,-0.4501432164,1
1.2711745557,-0.5132129703,1
0.2341619567,0.7350425206,0
1.9157104602,0.6769234294,1
0.3062824007,-0.2347886521,1
1.9109993399,0.3852308445,1
-0.1308532259,1.2259021200,0
-1.0349609305,0.6619986724,0
-1.0452073626,0.6464969544,0
0.5388323941,-0.4964303231,1
-0.1117575839,1.0385414434,0
1.8022679581,0.1981557208,1
-0.6310749379,1.0014630756,0
0.8984994264,0.5649871672,0
0.1771188054,-0.2434755383,1
-0.2060743017,0.0970043822,1
1.3457975992,-0.4883916046,1
-0.2335471484,1.2807504827,0
-0.8518235759,0.1422266312,0
-0.7831723412,0.9846147538,0
2.1253546351,0.6991967507,1
-0.5388668513,0.6666796422,0
1.8750802177,0.1501358407,1
1.8794200165,0.2366341486,1
1.3038417395,-0.3733429231,1
0.1129614235,0.9551847785,0
-0.8143066419,0.7612164178,0
1.1213555071,0.4665391346,0
1.0273066830,0.2314688373,0
-1.1833204944,0.2479293325,0
-0.9116711558,-0.2128154323,0
0.9812372647,0.3972565390,0
0.6484759862,-0.2575687642,1
1.0674527857,0.4673292073,0
-0.5931247717,1.2760798992,0
0.0150723255,0.8311319967,0
0.2243552334,0.9666476087,0
0.9887951480,0.0059844370,0
0.9701953495,-0.4375404246,1
-0.9209115190,0.8044866348,0
1.9155384967,-0.2497094043,1
0.6961671125,-0.4360144960,1
0.5801348801,-0.0385114879,0
0.9051029149,0.5779626485,0
0.9658512205,0.9018797401,0
-0.4215770088,0.9238862158,0
0.2839308679,0.3930504671,0
-0.2505008995,0.0579827601,1
0.1572682119,0.9254012656,0
1.7801932644,-0.6458178167,1
-1.1045502302,-0.1630805543,0
-0.9145021014,0.4010770129,0
0.0819999280,-0.0769426653,1
1.9508799358,0.2210536168,1
-0.0658943591,0.2413340118,1
-0.1150456385,1.0721477462,0
0.7127066230,0.3058804452,0
0.8168483816,-0.0337657502,1
0.2905225216,0.4098071744,0
-1.1917760608,0.5549678618,0
0.6011179569,0.3467085744,0
-1.2006129629,0.4347556578,0
-1.1264896238,-0.1059698397,0
0.4361536337,1.0724897469,0
-0.8258485944,0.8113192447,0
0.8504162582,-0.8681152504,1
0.8938782869,0.3973527922,0
1.5222278603,0.1230933525,1
0.9408160159,0.4838012449,0
0.4853218653,1.2333390429,0
0.1545879731,-0.0889291074,1
1.8012306184,0.2857801971,1
1.7347555924,-0.1701897330,1
0.8209170747,0.8402913750,0
1.0008685586,-0.5340742864,1
0.2430527393,0.3977315837,1
0.4898560539,0.4449417315,0
0.2080569013,0.1843791408,1
1.1930676176,-0.4469306658,1
0.1348006460,0.9145391940,0
-1.0522718757,0.2809278856,0
0.8372281405,-0.6247358361,1
0.2853096512,-0.1762925341,1
1.1266024785,0.3212231872,0
0.9094448765,0.5757250210,0
0.6024501752,-0.4052468436,1
-0.0274659558,0.5305548996,0
0.0385246506,0.9787731906,0
-0.1498662701,0.8390402735,0
-0.4279240234,1.1581968381,0
0.5021420321,-0.2455730176,1
0.1538035101,0.0426100364,1
1.1256167786,0.1373063635,0
0.5148448245,0.5119416288,0
1.5536978201,-0.1408288559,1
-0.7559579901,0.0715711562,0
1.0967371476,0.2606753005,0
-1.0967687164,0.4235312145,0
-0.7314582732,-0.0733832351,0
0.9010063883,0.5503164379,0
-0.6250334178,0.8172816376,0
-0.6735218912,0.9914138083,0
1.6593495177,-0.4668646772,1
1.3026502430,-0.5342757192,1
1.2332746647,-0.7350365134,1
1.3525095563,0.2359708809,0
-0.2737389675,0.8024811593,0
0.1172891821,0.9373980772,0
-0.0314765209,0.7094354202,0
0.5116187025,-0.1839368990,1
0.2530062539,-0.0501305158,1
-0.5962145590,0.4032225871,0
-0.2886294903,1.0340803369,0
1.8863178839,0.0014771388,1
1.3751313440,-0.3128758043,1
0.3536832631,-0.0541784469,1
-0.4928225543,0.7231176054,0
0.3725199706,0.6802361797,0
-0.9610832240,0.2074262345,0
0.6818693042,-0.0511270183,1
0.8991456320,0.6981233369,0
1.8847193319,0.4356690465,1
1.5520463271,-0.3978184710,1
-0.1428886143,1.0742762675,0
0.7231019245,0.5811216581,0
0.2848345986,-0.8106999280,1
0.3347061344,-0.4549958154,1
-0.0967653322,0.7765154547,0
0.1402332065,0.1464419450,1
0.4043203051,0.8257214608,0
0.3327695148,-0.2785779443,1
-0.7901095767,0.7764978673,0
-0.8776695232,0.1794749676,0
0.1321717163,-0.0905135065,1
1.8462607795,0.2005767179,1
1.7117087547,-0.5028419787,1
1.4814516184,0.1996220317,1
-0.1715260975,0.5101383391,1
0.5107902263,1.0607016760,0
1.6632921699,0.4038764492,1
-0.4884956513,1.1049237696,0
-0.7509716171,-0.0058582907,0
0.7802958710,0.3590984742,0
0.7595794078,-0.3778509868,1
1.5991519895,0.2032567580,1
-0.8168480877,0.6247421840,0
0.4048088745,0.3382412582,1
0.9251278344,0.4278985404,0
0.9231928629,-0.1062289529,1
-0.4296973048,0.6816112806,0
0.2865727715,0.2182213418,1
1.4399081179,-0.3463629327,1
0.2240059408,0.7080970195,0
0.5792277468,1.0208884862,0
0.1231212641,0.0494362279,1
1.0656026365,-0.6428470651,1
0.6696479577,0.1031133726,0
-1.1730741821,0.1361855002,0
0.1606216816,0.0961683526,1
0.8509665234,-0.7246580894,1
0.3597796080,0.2312570826,1
-0.3403302490,-0.0466412838,1
-0.1852427069,0.7722525913,0
1.7534755518,0.2222569061,1
1.6350896125,-0.1935798996,1
0.1594594993,0.0834145367,1
0.4148702529,-0.0946936834,1
0.4647525822,0.2654209506,1
0.1528315235,1.3087814259,0
0.7381286682,-0.8011917944,1
1.9817993643,-0.1080263921,1
1.2825082412,-0.3062561924,1
0.8418463355,-0.0853983638,0
-0.5806641975,0.0916737846,0
1.0898620261,-0.2566641814,1
-0.6179526561,1.3841694725,0
1.5336344582,-0.1578286056,1
-0.2650392464,0.5423467264,0
1.1704131958,-0.0790077425,0
0.7365671018,0.3070964704,0
0.8013564395,0.6955987841,0
0.2463727967,0.0772001307,1
1.0138097784,0.3103886098,0
1.0170689538,0.6259715212,0
-0.7773977649,-0.0347456333,0
0.6697212134,-0.0832261860,0
1.5492109475,-0.6895855813,1
0.5745611092,0.3570489806,0
0.5297812390,-0.8472567061,1
1.3793370421,0.2432974349,0
1.9224694239,0.3466226514,1
1.5444033354,-0.3664145989,1
1.7240462429,-0.3040739240,1
0.7113035467,0.6009159874,0
0.5269178589,-0.1278137491,1
0.6041632922,0.8444921273,0
-0.3202503753,1.0722258753,0
-1.0591544417,0.7204438671,0
0.4624262842,-0.6172991584,1
0.4560100749,0.7499238006,0
1.2173915335,-0.5529617126,1
0.1267233541,0.8999483302,0
0.4192313375,0.0197117956,1
0.2413214702,0.4590733419,1
0.6435138064,-0.6003058548,1
0.5940719965,0.9739376649,0
0.1138512448,0.3135752782,1
0.8814093132,0.5766616962,0
-0.3531681378,1.2202995548,0
0.6165381546,0.1106608649,0
-0.1383261130,0.0886358802,1
0.3477249091,-0.4759503179,1
0.7121384854,-0.3342189594,1
0.9560877570,-0.3750479814,1
0.5148430081,-0.7300736764,1
-0.4540433483,1.0711628013,0
2.0020967475,0.2384469788,1
0.4141018377,0.8895700783,0
-0.3474162107,0.9545232072,0
1.0391741292,-0.2463008579,1
2.0156570450,0.1521487331,1
0.2999018402,0.2749483149,1
-0.7783248077,1.0189299696,0
0.4795171591,0.9630385238,0
0.2024468628,-0.4850127271,1
0.3320184702,-0.0728979282,1
0.1259711066,-0.2672346995,1
2.1936007324,0.3881975616,1
0.1280094728,0.4181644085,1
-0.5245999034,0.2522136357,0
0.8950689418,-0.3707074310,1
0.8848039469,-0.2803562937,1
0.1943773112,0.3255348430,1
0.3785617731,0.9227975286,0
0.7893040551,0.7799450471,0
0.4417094628,0.9341955662,0
0.7067372755,0.7428181455,0
1.0524613950,0.6005735403,0
1.5641087062,-0.1852729672,1
1.1603279610,-0.7050973220,1
1.4491722010,-0.1261955541,1
0.8409849951,-0.2077820544,1
0.7320273938,0.6474841531,0
-1.2665064620,0.1837000297,0
1.4096513331,0.1759880299,1
-0.1119616664,-0.1535997113,1
1.6535923869,0.1014473227,1
0.8622645971,0.8406587642,0
0.2617058555,-0.3486941034,1
-0.7861037494,0.1256793312,0
1.8320691361,-0.1336320232,1
-0.7234189618,0.9908510824,0
0.9199194429,-0.8337132180,1
-0.5075133792,1.0946528535,0
-0.2087851032,0.6506258557,0
0.1978010343,0.1819508465,1
1.7558715872,-0.1093082273,1
-0.1386476176,1.1410244018,0
0.2979743572,-0.2246781372,1
0.4993035623,0.0403600756,1
2.1240721436,0.6537981557,1
0.7129989668,0.6636472528,0
0.1259740086,0.3315207477,1
-0.1725847892,1.2830664427,0
1.9803130304,-0.4857096842,1
0.1832116208,-0.5032468972,1
-0.1539654929,0.8249505089,0
-0.4403861899,0.9372573370,0
0.5629936651,-0.4664948115,1
0.6030900716,-0.4520504955,1
0.5203733414,0.5252426163,0
0.2278448870,0.9096813625,0
-0.0179489532,1.0256090430,0
-1.0545236426,0.0856162513,0
0.0077747097,-0.0242367209,1
1.0768285901,-0.4990343819,1
1.1730371698,-0.2564180069,1
-0.9299618239,0.0180326256,0
0.7435999590,-0.6022072573,1
-0.4011035718,0.3936955519,0
0.4078279438,-0.0784455495,1
-1.0510509367,0.2006745359,0
0.0298446589,0.9414553361,0
0.5734709496,0.1974908775,0
-1.2424561674,0.5984240168,0
1.6706725210,0.2823550422,1
0.5253198953,-0.1581147595,1
-0.8625001962,0.3494299608,0
0.8354274354,-0.2084206578,0
0.9594146493,0.6005281701,0
-0.1987049060,0.4731135056,1
-0.8197453347,0.1406799268,0
-0.6559182338,0.3303808194,0
-0.6340422793,0.7149869150,0
1.0128781689,0.8621079469,0
0.2585110349,0.8763972576,0
1.3638092863,0.3053350752,0
-1.1277854926,0.2102983356,0
0.2425182731,0.8129344171,0
0.2052531657,-0.6464246188,1
-1.0503817532,-0.2299316971,0
-0.0782440630,0.7851933677,1
0.4473496988,-0.5216569023,1
1.2917857942,-0.1293094483,1
1.1007369786,-0.3941057119,1
1.5281160499,-0.4065029392,1
-0.1212723138,0.6663835746,0
-1.1171549986,0.5926212323,0
0.1648671482,0.0199869381,1
0.2177356050,-0.3215544123,1
-0.4387440551,0.9005275470,0
0.5808646052,-0.3519402053,1
-0.0244926403,0.9788897166,0
1.6576946615,-0.3368580414,1
-0.3723475286,0.7650152750,0
0.5820278293,-0.4931666266,1
0.9719253658,0.2206753559,0
1.6416753434,-0.4322298343,1
0.6935917109,-0.3372752603,1
0.9665386578,-0.3833235870,1
1.6393329112,-0.2625674535,1
1.1997059884,-0.0108790560,1
1.0717029997,0.1187823640,0
0.3510893618,0.7687476709,0
-0.1543047533,1.0317018441,0
1.1253542499,-0.5844617401,1
0.5528698471,0.3041203103,1
-0.1191460082,1.0216772321,0
0.8961617533,0.4581093773,0
-0.3153685542,1.4339347852,0
1.9575511625,0.1853332850,1
0.2001394829,0.0745016826,1
0.0586781215,0.4611763305,1
-0.8394499886,0.7218820302,0
-0.7854854554,0.5135827730,0
0.8061847669,1.1070580841,0
0.3389897919,0.9522922034,0
2.3017442103,0.1031413875,1
-0.7793321865,0.6413612559,0
0.2493872575,0.8932913129,0
0.7579281210,0.3145890804,0
0.0777703755,-0.3580641171,1
0.2170132300,-0.3159856719,1
1.4356223313,0.2535000886,1
1.1915168540,-0.3342739015,1
-0.9858879067,0.0953074615,0
-0.2839604333,0.6664965290,0
0.8848278506,0.1572901953,0
0.8808245323,-0.6116673384,1
0.6258334483,0.6549895064,0
0.5847286213,0.5973982405,0
1.2883349712,0.8137166946,0
-0.4581316150,0.7079188003,0
-0.1264405056,1.1097182336,0
0.8823787894,-0.0573895656,1
0.2321793210,0.5897344669,0
0.3836989605,-0.2227596688,1
-0.0921262642,-0.1151219174,1
1.6133918250,-0.0038184301,1
0.3335143925,1.0130988181,0
0.7744053383,0.7700623626,0
-0.8035031892,0.6140934156,0
0.9793284357,0.4431823665,0
1.6106461123,0.0192700514,1
0.5678916095,0.9162195159,0
0.9182417430,0.3770129551,0
1.1694202613,0.1525780797,0
-1.1526113102,0.4342295355,0
1.1580836127,0.2660890581,0
0.0338663811,-0.1949895817,1
-0.0370688595,-0.1365410435,1
0.4456819728,0.9817686138,0
1.5914528628,-0.3708453127,1
1.3491433299,-0.2497288160,0
1.7721646065,0.1349147936,1
0.8917252481,0.5343779002,0
0.2200753092,0.0524040196,1
-0.9818236766,0.2239350694,0
-0.1385320544,0.1489246896,1
-0.5692698684,0.2614098556,0
0.5671854197,-0.9093857640,1
-0.9614012326,0.6353335199,0
0.1864928431,1.2518555089,0
0.4802119124,1.0500647204,0
-0.3722695349,1.2591739593,0
-0.5955302133,0.6396675646,0
0.8750132096,0.4769986223,0
2.0013153031,0.4247809014,1
-0.9200342082,0.7055019977,0
0.5364528266,0.3992945102,0
-0.7617862541,0.4810261409,0
1.2101650269,0.4778237587,0
0.5994729208,0.5907946748,0
-1.2634931398,0.2735261736,0
-1.2618363159,0.0993713093,0
-0.7524763750,0.9610579615,0
1.4752979350,-0.0593266408,1
2.1181357727,0.6364306027,1
-0.0498108511,1.2031843442,0
-0.8304275200,0.3513089189,0
0.6120665903,0.8163173018,0
-0.8164807908,0.4384228453,0
2.0146348508,0.4732227359,1
-0.1791461043,0.4177300061,1
0.6857585527,0.6161989029,0
-0.8074646951,1.0096545574,0
1.4134877812,-0.4928784980,1
1.3571645696,-0.8278864095,1
1.9071277553,-0.3473079813,1
0.2337371781,-0.2488568913,1
0.2077257566,-0.0679395338,1
1.4157776598,-0.5885770341,1
0.3529400964,-0.7250498136,1
0.8288639801,-0.6545094791,1
-0.6232965462,0.4602522456,0
0.3782028141,-0.2365686019,1
-1.1175187311,0.5237391773,0
0.8141944937,0.4618876576,0
-0.0227177766,0.9334152692,0
1.3399352974,-0.4387271612,1
0.4417371028,1.0511474115,0
2.0213088406,0.2501920696,1
2.2552761747,0.2123155894,1
-0.1749895346,1.1412826600,0
0.6329032849,0.7438712139,0
0.1736768037,1.0317199042,0
-0.3360928955,1.1471715012,0
0.6227944082,-0.5266979487,1
1.6304409042,0.1663761349,1
0.0753883264,0.4219415865,1
0.6490075559,0.7987825279,0
-0.9581263492,-0.0111361610,0
0.8950394463,-0.9763725680,1
-0.3006965958,0.2490519090,1
0.1053118512,-0.3436038998,1
0.8407973943,-0.2381896481,1
0.8214252455,0.6840287254,0
0.8306080891,-0.2845292753,1
-0.2028910673,0.9944489244,0
1.5203734700,0.1329329909,1
-0.9310055622,0.7412801518,0
1.8646340944,0.4469832443,1
0.4035733047,0.9266412064,0
1.4323069372,-0.5166637085,1
-0.3826403225,0.9480106962,0
-0.6647361519,0.5539272781,0
1.7230948438,0.2877885819,1
0.3810053625,-0.4933176945,1
-0.9493517129,0.2006000748,0
2.3033678265,0.3997805588,1
-0.8979796444,0.8428307432,0
0.5273984642,0.1846494317,0
-0.5542218051,0.6914320930,0
-0.0504783748,1.0416529573,0
0.1688974035,-0.0553377821,1
-0.6293709306,0.4613232170,0
0.6424488816,0.7724027029,0
-0.1091988940,1.2370061244,0
0.3210740134,-0.2122398526,1
0.4549926355,1.1028952792,0
1.1016513432,-0.4214757152,1
0.3156434952,-0.6188647239,1
-0.6619207136,1.0386327303,0
-0.1618426109,0.7678854766,0
0.1630051657,-0.2862499079,1
-0.9108056547,-0.3935960807,0
0.6294125389,0.0178154674,1
1.0102923151,-0.7399905894,1
2.2251798438,0.2295893267,1
0.9721422877,0.3453024588,0
1.7345729250,0.8938805345,1
-0.6572889483,0.9327884754,0
1.2607295365,-0.4609664753,1
-0.6158811619,0.7442997178,0
1.6974111491,-0.5103714293,1
0.7359444567,0.3420501666,0
0.0662904208,0.9643981226,0
1.6243424964,-0.3271684835,1
-0.6745465960,0.8770759797,0
0.9764513310,-0.5811377737,1
0.9944833207,-0.9591344496,1
1.4174237676,-0.0973297236,1
0.6567767575,0.4565550501,0
0.2617509805,1.0242991284,0
-0.6431662820,1.0258713237,0
0.3158752260,0.5308284241,0
0.6289035673,0.8924343547,0
0.2095877745,0.1772940836,1
0.4967946863,0.8292172430,0
-0.8678926270,0.5949503199,0
1.1521041301,-0.0434469373,0
0.5538979031,-0.0281495728,0
0.1785644241,1.2054285589,0
0.7914818669,-0.3651212537,1
-0.5439057956,0.4610193742,0
-0.1345398337,0.3436187474,1
-0.4030330932,0.6851441650,0
1.0160955896,-0.6705957635,1
0.0627660961,0.0729697147,1
0.9129857999,-0.2132692841,1
0.5556906204,1.1021577060,0
1.4665495785,-0.7601471509,1
1.4549580688,-0.5320908651,1
1.7607334039,0.3828873920,1
-0.8780371888,0.5622803863,0
0.5225180991,-0.1152740476,1
1.2953520189,-0.2345698118,1
-0.5505894932,1.1181894428,0
0.2385649626,-0.3778965843,1
1.9289722433,-0.1093707883,1
-0.4255914916,0.9750285684,0
0.2971203001,1.0030477046,0
1.4300558070,-0.5798678389,1
1.7005771756,-0.1936806397,1
-0.4134071545,0.9238498145,0
0.5536378230,-0.4980708615,1
-1.1909896122,0.0547503303,0
0.4744472506,-0.1789961420,1
-0.8817969561,0.4640231492,0
0.4269893202,-0.6014615040,1
0.7076496450,-0.9748313867,1
-0.3616572847,0.9240856944,0
1.7185131934,-0.7885920516,1
-0.3649399805,0.8610366628,0
1.6003158343,-0.3115076174,1
0.1597142221,-0.4074805811,1
0.7570645501,0.5398328579,0
-0.4949415503,0.4830008327,0
-0.9572828808,0.9969134299,0
0.6013492777,0.4108144494,0
0.7908956386,-0.5512163914,1
-1.2133929935,0.3890749853,0
0.4829518051,0.8697722436,0
0.9040263470,-0.4112746487,1
1.2461414321,-0.0537167470,1
0.5586674588,0.9751435867,0
0.2684402722,1.2049704192,0
0.4388410012,-0.1019600733,1
-0.1918848141,0.9592497446,0
1.8777187668,-0.3045711993,1
0.9374177059,0.3621478176,0
0.7527912666,0.8554055050,0
0.5049759211,0.5334738919,0
0.5923841465,0.8609690189,0
0.8056016765,0.2486040551,0
0.8938945202,0.0685560394,0
1.3091520807,-0.2597883577,1
1.5153984801,-0.2378923195,1
0.0584702068,-0.5229417588,1
1.1844177444,-0.3403787304,1
0.2801457520,0.0386160344,1
0.8071899981,1.0027108798,0
2.1098217977,0.2039758310,1
-1.1880706857,0.0160694323,0
1.9670615302,0.2639977131,1
1.9994679254,0.3469873206,1
1.1066995014,0.2021523770,0
1.0853391953,0.3082855832,0
-1.2172125873,0.2668716558,0
0.7827004594,0.8042940357,0
-0.2732462065,1.1153427982,0
0.8449628093,0.9752101894,0
0.3564139612,-0.0030973013,1
0.7753607896,0.3214219962,0
-0.5184669999,1.2848272598,0
1.1546589899,0.2313078859,0
1.0226692479,-0.4180182482,1
0.9113085651,-0.3273235185,0
-0.8970031277,-0.0739202061,0
0.8821218410,-0.5181829047,1
0.0254558637,0.1169722092,1
-0.4461364723,0.5745492821,0
0.7665072723,-0.5262250933,1
1.8058446304,0.1349577524,1
0.2591210449,-0.0054162937,0
-0.2828339698,-0.2430813825,1
0.7362159032,-0.2387912576,1
0.1999405928,0.5525398612,1
0.4847654048,-0.6010150980,1
-1.1275002556,0.2010738408,0
2.1732106644,0.0945705844,1
0.9696742677,-0.8002042312,1
0.8239855433,-0.3428167982,1
-0.2222224324,0.6112698960,1
1.7971699236,0.1809171740,1
0.0765238299,-0.3275315564,1
-0.0985106008,0.6605863398,0
1.1709726729,-0.6899421962,1
0.2666697719,-0.3634147925,1
0.8543811945,0.0846953843,0
0.2786763208,0.7820523328,0
-1.0309568273,0.4771993128,0
0.2257228584,-0.5579327746,1
1.5802927329,-0.3150030468,1
0.0486461932,0.6755674844,0
-0.0436922874,1.0097863963,0
0.7708816038,1.1518696730,0
1.6046000388,0.4015365751,1
1.0273449301,-0.7334859028,1
1.6310329456,0.0053790349,1
-0.1359385320,1.2792494628,0
0.8883308188,0.1802049126,0
0.3861136603,0.9113361012,0
2.2345631680,0.5523224779,1
0.0264263760,1.2255282938,0
-0.4563598449,0.9926828851,0
0.4832556948,-0.5029110471,1
1.6739601048,-0.4453373662,1
0.5195452489,0.2231540113,1
1.7178629798,-0.0745677998,1
1.0111728410,0.4104922045,0
-0.1190938256,0.3010207786,1
0.9902103046,-0.1066166430,0
1.0610048750,-0.7066426349,1
0.1520671587,0.9235620960,0
-0.7952310113,0.2862444211,0
1.0086605492,-0.5522458443,1
0.8553363023,-0.3470547307,1
1.0809819084,-0.5623296787,1
0.3104940648,0.1257916158,1
1.1743237601,-0.4154209159,1
-0.5027860652,0.8063528405,0
-0.0146832262,0.1839472383,1
-0.5518805393,0.6100448134,0
0.1500663977,1.1071716700,0
0.6908694016,0.4181660141,0
2.2534336429,-0.2352154292,1
-0.7813574848,0.9679461937,0
0.5836159307,-0.4119163487,1
0.1382336695,-0.5639173986,1
0.8590994455,0.7910219376,0
0.2154381495,-0.5705944683,1
0.2664224211,0.7736315564,0
-0.7198286290,-0.0427081865,0
1.2851508870,-0.0865349185,1
-0.2089692690,0.9521152596,0
0.1818266988,1.1009314273,0
1.3478571499,-0.7253229724,1
1.2399723584,0.5489960767,0
-0.0746298114,0.1130355298,1
1.3405625688,-0.2814552841,1
0.3849673177,0.6325030431,0
0.9502563508,-1.1282205654,1
-0.0962613247,0.2893560621,0
-0.3617472628,1.2288268824,0
-0.3121903959,0.8487774618,0
0.0434279484,0.4926611766,1
0.1419886792,0.7691416238,0
0.9970102841,-0.5723152195,1
1.7698535787,-0.0522824792,1
1.8703925250,0.2329580007,1
1.3025586920,-0.4199243707,1
1.2130871879,0.6239188153,0
0.6031781556,-0.5451362506,1
1.5607648012,-0.4003084296,1
0.9958747204,-0.0313683879,0
-0.3299784546,1.2906659855,0
-0.7517642881,0.4241227190,0
0.5681204840,0.7030492937,0
-1.0578053808,0.7752108655,0
-0.7572733918,0.8222946217,0
-0.3439267650,1.1137736210,0
2.2447822250,0.1319769758,1
1.5733174584,0.1241151044,1
-0.0144322611,0.8602927244,0
1.6556086157,-0.1180638163,1
0.5341211579,-0.4044656942,1
0.5066539231,-0.1581712166,1
-1.0255411300,0.4210054583,0
1.3440124374,-0.2683495116,1
0.3874162831,-0.4333309396,1
2.1038462336,-0.0332151808,1
-0.0413464863,0.4954855427,0
1.0706357578,0.4002210346,0
-0.6306514777,0.7692012963,0
1.8488653669,-0.0565247055,1
0.9796748100,0.6175413263,0
0.5067195529,0.8399817488,0
-0.7532712774,0.6923124580,0
1.6873998712,0.5730707272,1
0.1509910367,0.2912170568,1
1.2923228549,0.6215597190,0
0.0520651173,-0.6603517877,1
0.1514416307,0.9338778123,0
0.5319606707,0.9506775396,0
1.4600434848,-0.2489332167,1
0.5370592169,0.7341722352,0
0.3106655228,0.3274361164,0
-0.3794354544,1.2441326321,0
0.5851125002,0.8020955260,0
0.9048450091,0.0876016814,0
1.1856378665,0.3046740691,0
0.8496768280,-0.0316225364,0
0.1342534003,0.9408087028,0
0.6359727446,-0.2784776776,1
0.9003134602,-0.4971064407,1
0.1203952196,0.9075323043,0
-1.1107393863,0.0315678704,0
0.0806122114,0.5740075321,0
0.4949512571,0.6650100788,0
0.8215313903,0.7374857270,0
0.0236813798,0.8423336366,0
1.8171895544,-0.2558652900,1
0.6726477316,0.5143586778,0
-0.6084770020,0.5651854294,0
-0.1597233714,0.6015212324,1
-0.2222411081,0.8529914261,0
0.6245432201,-0.1315622677,1
-1.1198620768,0.3954542780,0
0.9109621288,-0.3050356855,1
1.3119501322,-0.3955078413,1
0.3111969779,0.1690838963,1
1.8079522881,0.0129022554,1
0.2234649742,0.6243690795,0
1.9697681615,0.4879583214,1
0.1395291781,0.0648612235,1
-0.0642745702,1.2359547495,0
0.3356098387,-0.4751086548,1
0.0679799745,1.4023031782,0
0.1128647786,0.4009781508,1
1.6582224968,0.3327151570,1
1.0119887119,-0.3124153431,1
0.8512915374,-0.5590283261,1
-0.6620648602,0.2133323232,0
-0.8224477462,0.5424358923,0
-0.9371702146,0.4316665345,0
-0.4319863609,1.0045096397,0
0.0022341753,0.8083987704,0
1.2239313488,-0.7459417614,1
0.1568604021,0.2669368596,1
-0.7592995866,0.3717902876,0
-0.9787703560,0.5926639244,0
-0.4987551219,0.7065023088,0
-0.0411906050,-0.1453586389,1
0.4827026725,0.1825528201,1
1.8893129299,-0.0170745208,1
-0.1969462618,0.8843144169,0
0.2536077401,0.9912544607,0
-0.7005581339,0.7927296093,0
0.1477241546,1.0886127505,0
0.9841517332,0.6643339923,0
-0.1963597986,1.0432513202,0
0.6705476227,-0.5647840127,1
0.5295920529,1.0367234638,0
-0.9478273493,0.7825775140,0
1.0576704130,-0.4062061671,1
0.6082941025,0.4100967566,0
-1.0011218199,0.4116664904,0
1.3228243570,-0.5479285966,1
0.2174409618,0.2462435284,1
2.0354880077,-0.0339189426,1
-0.4742361379,0.6403234802,0
0.7878225458,1.0923558382,0
1.5818089654,0.0811759862,1
0.3741357469,0.8191456694,0
2.1802662826,-0.0044237227,1
1.2962402149,-0.5117000087,1
-0.6731094433,0.5229728982,0
0.7339183201,0.9773214591,0
0.4775207586,-0.4392519469,1
-0.3363780463,0.9151015914,0
-0.1560541271,-0.0776193405,1
0.4173926988,-0.4082120862,1
0.1506463736,-0.1605143611,1
1.0727513929,0.2649314012,0
0.4218027447,-0.1747399606,1
1.7541265005,-0.3315148224,1
1.1168693332,-0.0895224649,1
1.5632713062,-0.9817641311,1
0.8661237409,-0.5451810392,1
0.0063563505,0.6516993005,0
0.1832154656,-0.2682736808,1
1.4857938025,-0.4023112760,1
0.0127503587,-0.3824512810,1
0.4191485774,0.7372579176,0
0.8136588076,0.4286233094,0
0.5525370064,0.8395470356,0
0.8156721128,0.5103360019,0
0.0807061370,0.1446670245,1
1.1529815738,-0.0709500752,0
0.8289038250,0.4343590459,0
1.6417377361,-0.1485677748,1
-1.0855902988,0.4683206635,0
0.6532424856,-0.5978542447,1
-0.5239413318,0.5290769513,0
0.3726350803,0.7300812387,0
2.0472979574,0.2373829374,1
1.5253025162,-0.3304542846,1
1.7742418129,0.0197269235,1
-0.4350545862,0.8276532782,0
0.5297697841,0.3518136074,0
-0.5520540893,0.9464462170,0
0.4135088765,-0.4655703481,1
0.0531080402,0.9590885999,0
-0.1381942023,0.9779949298,0
-0.9323289363,0.3880711586,0
1.7590370492,0.1920416473,1
-1.1083699294,0.3165963130,0
0.7123083796,1.3229400849,0
-0.7827327291,1.0416357009,0
2.0372388136,-0.0704119235,1
-0.7438863273,0.8021218029,0
1.4641438113,-0.1483120345,1
0.5286818141,-0.2725825799,1
0.8004459065,1.0967543717,0
0.0534559102,1.2388302075,0
-0.6785741416,0.1197085387,0
2.0507505258,0.4839459840,1
0.5393822822,-0.0146582930,1
0.9427501532,0.7314423864,0
1.0540919963,-0.6216850973,1
-0.1395161602,1.4367915414,0
0.8847549747,0.3920332920,0
-0.7415900143,0.7407200799,0
-0.2584697267,0.2949385569,1
0.9482752676,-0.4268872751,1
-0.9865949565,-0.0986676225,0
-0.6852933591,0.9617882187,0
0.9351117235,0.8825966913,0
-0.3370179780,0.8451973693,0
-0.2933623382,0.9722731985,0
1.2881489945,-0.2456458328,1
-0.8681870087,0.4571480653,0
-0.4125640308,0.5498339416,1
-0.8722127183,0.1872914146,0
1.5681332188,-0.3759684726,1
1.8674075152,0.4423083985,1
-1.0472164581,0.7650445349,0
-0.0978612758,0.8245601148,0
-0.2255669186,0.9765537125,0
-0.7761414803,0.4563647398,0
-0.9999241713,0.1096162294,0
1.1561742148,-0.5504812670,1
-0.0138601869,1.3398950127,0
0.3978922975,0.7984979836,0
0.3370969762,0.0247490744,1
-0.5656362453,1.0819941080,0
1.3370537478,-0.4857960789,1
0.7372017569,-0.6163849041,1
0.3547537411,-0.5154340517,1
1.7030391894,-0.1563731379,1
-0.3784672602,0.6290946573,0
1.2591306889,0.0326071324,0
0.3813788060,-0.3054897773,1
0.8953235398,-0.8051208680,1
0.2319515181,0.7482919104,0
0.3928226941,1.3578550970,0
1.7972108031,-0.0274903925,1
-1.1254611281,0.1411473078,0
0.9025812741,0.1805785831,0
1.0184531436,0.4736233699,0
-0.7217832303,0.2964390373,0
0.5527263746,-0.5504985289,1
1.2518340965,-0.4353143763,1
1.2291796570,0.2747596250,0
-0.2961280629,1.0978760389,0
0.6737944933,-0.4575337421,1
-0.4931787438,1.0116779308,0
0.0958273085,1.1161340312,0
0.8433529041,0.5502843056,0
-0.0869440841,0.7816553375,0
0.0100578585,-0.1219063943,1
1.8130925803,-0.1504022222,1
-0.4665625486,0.7645602164,0
-0.8987312661,0.4245600800,0
-0.2289513847,0.5903618888,1
-1.0353013473,1.0687634393,0
1.6121335178,0.0200680285,1
-0.8700098722,0.8068411706,0
0.0262680584,1.0589107446,0
-0.3353383014,0.8082088307,0
0.2800378442,1.0062214003,0
0.9733068001,0.6110537001,0
-0.7744889572,0.4870437646,0
0.7917191533,-0.3764112106,1
-0.7594413505,0.4386822198,0
2.2119491967,0.4929016662,1
2.2402841601,0.4794127914,1
1.1150542798,0.5506685520,0
0.8467199468,0.6115162970,0
2.2246031976,0.1708411854,1
-0.0802565886,0.7453428747,0
1.7461867319,-0.0670882988,1
-0.3858843752,0.6920298889,0
1.0766777744,0.2762325310,0
-0.6327956162,0.9728166009,0
0.0274383654,-0.1597823695,1
0.8332799056,1.0228548646,0
1.7573266525,-0.2463408637,1
-0.2063438974,0.9012820663,0
0.4069652660,1.0835942971,0
-0.0762109012,0.1543295710,1
-0.8430161965,0.1992619328,0
-0.1509009050,0.6678098165,0
0.3293140535,-0.3580678062,1
-0.8196897579,0.7303696210,0
2.0751715488,-0.7588825429,1
1.4470354807,0.5098379422,0
1.0106019267,0.0507773057,0
0.5962663924,-0.4567249045,1
0.1885968397,0.9964934426,0
-0.0798424294,1.0544493297,0
1.8310987537,0.2955083444,1
-0.5520723134,1.1462373173,0
2.0303853463,0.9348507981,1
0.1263324389,0.4868542043,1
0.6288039419,-0.5305334947,1
0.6464345920,0.6658440824,0
-0.1440869005,0.3015523539,1
-0.9198769247,0.6749202949,0
1.1812850216,-0.7537951946,1
2.1562833256,0.1809464911,1
-0.5812425668,0.7415689421,0
0.9240118380,-0.9136825751,1
0.8442500898,0.7225301009,0
-0.7470870421,0.1701257058,0
0.7958730867,0.5413645530,0
0.1056080187,-0.3737826115,1
1.7678593490,-0.2048258268,1
0.4914334284,0.2350194706,0
-0.1075652404,0.2667464429,1
0.0997043020,0.5103336228,1
-1.4143190285,0.2176491739,0
-0.0989512722,0.2913821570,1
1.1247788947,0.4168657253,0
0.9530852008,-0.4755957295,1
1.0203182542,-0.4419614726,1
-0.7131289666,0.9550199120,0
1.2488145296,0.7989910639,0
-0.5683418119,0.0833317828,0
-0.7587557144,0.3386800923,0
-0.1441195820,0.9325065936,0
0.4154359279,-0.2727343952,1
0.7393671671,-0.4126345865,1
-0.2190873651,-0.4004554863,1
1.0073734664,-0.0854323449,0
0.5311193124,-0.4099045192,1
0.1134375910,-0.0131778489,1
2.0886320578,0.1889714151,1
1.9224627123,0.3445984277,1
0.6396233216,0.2871444963,0
0.6971426116,-0.5443962341,1
0.0889490322,0.0956083423,1
0.7993687781,-0.0679681300,0
0.4478005382,0.6141072422,0
1.5887724557,-0.3334341164,1
0.2909267483,0.8893108313,0
1.8636257700,0.4400942864,1
-0.8134676446,0.3746210890,0
2.0986445643,0.0237389065,1
0.6361189159,1.1419040135,0
1.2656955100,-0.5975626746,1
-0.4349510828,0.7292740308,0
-0.7928448361,0.6769259508,0
0.8965311197,-0.2841142721,1
0.2602020917,0.4982697100,1
-0.8793010009,-0.0663119427,0
0.2804450192,-0.0317205762,1
0.0887268695,-0.1007500296,1
0.3368995550,1.0728530017,0
-0.2537098675,0.5395371351,0
0.5867226898,-0.3312584457,1
-1.1528808677,0.2447774195,0
0.7678902051,0.7489548453,0
1.6833738643,-0.3499896587,1
0.9081788913,-0.6531502230,1
0.7287576849,0.3779531211,0
0.8387039163,0.2123008642,0
1.2468913663,-0.7709065088,1
-0.4230268691,0.9410618036,0
1.0501113300,0.3789788899,0
-0.5980567470,0.9148736925,0
1.9409247961,0.0485228819,1
1.8092487994,-0.4517251396,1
1.3213301196,-0.2287631917,0
1.2157088085,0.0963759616,0
1.1210136234,0.1155366587,1
0.7780461734,0.5070883733,0
0.2499635228,0.5333803756,1
0.0671540400,0.0150145443,1
0.5994468992,-0.1848812623,1
0.2642777744,0.8848798258,0
0.8543093639,-0.4960739155,1
1.5072235461,-0.3085144007,1
1.7539568910,0.1761082413,1
1.3872513761,-0.0940179888,1
1.0479956349,0.4748124022,0
-0.5315805767,0.4084893778,0
0.2522313276,0.0188537833,1
0.4276836251,0.2311838899,1
-0.9543227151,-0.0410691488,0
0.9854639184,-0.6030262349,1
2.1654164616,0.4866544804,1
2.1710153478,-0.5600742913,1
-0.0158437386,0.8523260872,0
1.7413652390,0.0587819262,1
1.6815446495,0.5244563732,1
0.9176599415,-0.0141376182,0
1.5388594732,0.2123975066,1
0.8183630680,-0.7999059675,1
-0.5882711928,1.0167109349,0
-1.2524581114,-0.0292324967,0
0.9069016784,0.6352347094,0
-0.6281181921,1.1106146512,0
-0.9322355421,0.0553000515,0
0.7679285301,0.1949331317,1
-0.9391504369,0.7991435249,0
1.1434181302,-0.7992336955,1
-0.0973926994,0.6447785626,1
1.8544092423,0.5619781872,1
0.1680239611,-0.5507369562,1
-0.2051040785,0.4334949780,0
-0.2132591010,0.7667147579,0
-0.0689606921,0.9885279452,0
1.9598200269,0.2151192966,1
-0.2476636007,0.9867469918,0
0.5113702713,-0.5355490778,1
2.0014085572,-0.0804799670,1
0.4776902271,0.3502930217,1
0.7579326695,0.5564232226,0
0.9691593929,-0.2894537272,1
-0.0411112147,0.1078086866,1
-0.5276829915,0.8068639071,0
1.5960883674,-0.4185027174,1
0.4234289810,1.0698482577,0
1.1503559527,-0.5586560268,1
0.5173673210,-0.1565647427,1
1.8455895950,-0.2801913117,1
1.6609897840,-0.5520399895,1
0.6420536044,0.4996216740,0
0.6333430597,0.7833124174,0
-0.4259120263,0.9611908782,0
-0.1126712605,0.8496175918,0
0.4271730110,0.0004281247,1
1.8415373201,0.3743766934,1
1.0904104518,-0.4521284944,1
0.1124363961,0.9762055092,0
0.4818782166,0.3650418229,0
0.4707500097,-0.3528287405,1
0.5332540137,-0.6389183324,1
0.4971005263,0.9320651352,0
1.0064322280,-0.5218794548,1
-0.2760222739,0.1552425974,1
0.3481100076,1.0947485571,0
0.0389138403,-0.4724068745,1
-0.2548407158,1.0027825731,0
0.0183652010,-0.3123395831,1
-0.8882440567,0.6156466378,0
0.6218679225,0.0301373038,1
0.4262761753,1.0820769442,0
-0.1805945491,-0.2976272854,1
1.1113663319,0.2083938112,0
-0.6154426192,0.9779642468,0
-0.7454380811,0.3588831592,0
1.0104255259,-0.6931772195,1
0.6017747312,0.0010515795,1
0.4794449975,-0.6626363487,1
-0.7209532537,0.3339692395,0
0.1552116792,0.7662845717,1
1.3237694177,-0.1388374752,1
0.7593801977,0.9512901253,0
1.4942935678,-0.4405184798,1
2.2523947424,-0.3348247026,1
0.3991496689,0.4237046505,0
0.0803808936,0.1481436517,1
0.2736965476,-0.0115452216,1
-0.3494758405,0.7914506361,0
1.3459415015,0.2809284112,0
0.7852002849,-0.1027769847,0
1.6158483572,-0.3060515925,1
0.2746636329,0.9020670630,0
0.3518834737,0.4670205154,0
0.8696314906,-0.2440052231,1
0.6358607719,-0.7384481422,1
1.5262188323,-0.0977039523,1
-0.9654256066,0.4343283316,0
-0.2989174838,0.7459450074,0
0.7894027329,-0.0335130917,0
0.5283820374,0.9849533102,0
1.9819765583,-0.2829720499,1
0.8425939201,-0.1195530812,1
-0.2122921780,1.1131899860,0
-0.0686893103,-0.3519511016,1
-0.2079909214,1.0050766339,0
0.2181811923,0.2864282980,1
-0.7592226614,0.3707180610,0
1.9341495921,0.4784139964,1
1.5447238410,-0.0459838221,1
-0.3243888859,0.8696575919,0
1.7953817255,0.0475772919,1
0.4215124386,1.2016823878,0
2.0203150384,0.2329135229,1
-0.5597408116,0.6160420728,0
-0.2317350049,0.9754877068,0
0.7560379208,-0.2688801503,1
-0.5245323984,0.8669587644,0
0.0469483434,-0.1762887614,1
1.3517796322,-0.3311910337,1
-0.7204226598,0.6092805234,0
0.7180043579,0.7628317421,0
-0.2928110977,-0.2434434529,1
1.4106112140,-0.1216883579,1
2.3123182843,0.0964360686,1
2.6912054653,0.2882126389,1
-0.5239125388,0.4397264069,0
-0.0421877461,-0.0123283472,1
0.4499774017,1.1732154067,0
0.2075733150,1.4152880868,0
-0.4382184241,0.8023209819,0
0.2770086408,0.8916017361,0
0.7292361563,0.7003740173,0
-0.8368164646,0.1903900190,0
0.5344303787,-0.8065460288,1
0.1469433939,-0.0059659276,1
0.9794782049,0.5083899405,0
1.8960153606,0.0389720705,1
-0.9627985394,0.6039045159,0
-0.5607364219,0.7354360994,0
0.2016256880,-0.5172911579,1
0.0339047874,0.8168965721,0
1.0644465017,-0.4576601779,1
-0.1600427111,0.0979174783,1
-1.4034252843,0.1199688226,0
1.7823155297,-0.2485751025,1
0.9608706572,-0.4231149339,1
2.0897924899,0.2938944184,1
1.6713743469,0.1551151839,1
0.4301756365,0.9926395631,0
1.3323049996,-0.4741646877,1
-0.6508264297,0.5120406888,0
0.0461930464,0.4254699455,1
1.2700387831,0.0490942479,1
0.0194874202,0.9652494781,0
0.2767486444,-0.3849506449,1
-0.9217992591,0.1446065491,0
0.6437661195,-0.3780884847,1
-0.8298168545,0.2056077533,0
1.0606789829,-0.2759874131,1
1.2097730499,-0.6120749817,1
0.5715032693,-0.2797840590,1
-1.0380793933,0.4104424006,0
1.0622732356,0.3051626093,0
1.3448911506,-0.5291956012,1
-0.5212948439,0.9653344034,0
0.3291846512,0.1674366156,1
0.7497073931,0.0724034027,0
-0.8206403863,0.6439919984,0
2.3449673832,0.3146377183,1
1.2689644870,-0.4657346037,1
0.4198537177,0.8879719894,0
1.8778303284,0.5067520642,1
0.8531490471,0.3218846634,0
0.6162787888,-0.1091599689,1
0.5135010615,-0.7250820784,1
0.1520426329,-0.2058074728,1
1.3715364942,0.3792106804,1
1.1289478377,-0.2117859328,1
0.2084392366,-0.4254741199,1
0.6373292212,0.6709880628,0
0.8895610126,-0.4318726373,1
0.4649294470,-0.4533837979,1
-0.2055617797,1.1926584736,0
0.0943072832,0.9615793796,0
-0.2807412708,1.1008394802,0
0.0587404607,0.2714577427,1
-0.5401240217,0.8221485585,0
2.1319911958,0.6544687811,1
-0.3257980426,1.2787475287,0
-0.9060975238,0.3043219484,0
0.4082121082,-0.3216414455,1
0.2304237104,0.9029391005,0
0.6770487440,0.1067498899,0
-0.4914357270,0.9194205820,0
0.9381109263,-0.7010398429,1
-1.2063067577,-0.0942971692,0
0.6205768981,0.6673763396,0
-0.0300771828,0.6663494157,1
0.1180438930,0.1367430678,1
0.9516242514,-0.1120402321,0
0.2333913623,0.5254799873,0
1.4431706168,-0.2120065798,1
1.6174726125,-0.4656655403,1
0.6545847744,-0.4495548067,1
0.8978910598,-0.2231301611,0
0.1378432787,-0.0505869388,1
-0.6205618404,1.0136725169,0
0.5018644715,-0.7582356744,1
0.3716599293,1.0843119311,0
1.1090064248,0.5586192715,0
0.5594060696,-0.1137576621,1
1.2931958289,0.0072138249,0
0.9401568641,-0.6955637628,1
1.1388104902,-0.0929170760,0
0.2031030502,0.2608936118,1
1.6742005404,-0.7066224571,1
-0.6178604942,0.4333530142,0
-0.5188658591,0.5695932969,0
0.2162980206,0.2182883575,1
1.5109548126,-0.2425735585,1
-0.7694220790,0.9131145502,0
1.3499705321,0.1640172639,0
1.7581116721,-0.0324120436,1
-0.5844905437,0.3695750059,0
2.3247755871,0.4181011854,1
-0.1081438071,1.3948162262,0
1.6858221101,-0.4136719322,1
0.9090679880,-0.5418263499,1
1.0577363887,0.2420230575,0
1.4801814540,-0.3077520711,1
0.4761607062,-0.2201466709,1
1.5316504238,-0.1017332447,1
0.8065429732,0.8977777545,0
-0.0440926202,0.7156703402,0
1.1415132466,-0.4736077900,1
0.7932268005,-0.5157703485,1
-0.3994339398,0.7880269132,0
0.2545762055,0.6762883260,0
0.6994108289,-0.1331192023,1
-0.3775088241,-0.1215148784,1
1.5322850902,-0.5475357257,1
0.0295719247,0.4785887546,1
0.7600659956,0.1184146025,0
0.9164130466,-0.2124044506,0
1.8951551276,-0.2204699443,1
-0.0563230461,0.8478709035,0
0.7946235269,-0.6688771075,1
-0.4680149390,0.5586906932,0
-0.9153258562,0.4487019634,0
2.7117150028,0.1981915658,1
0.3514093063,-0.8204527900,1
-0.8782215074,1.1948687532,0
-0.1600644104,1.2843695901,0
-0.6014890282,0.6368111474,0
0.5802966775,0.6992983653,0
0.8571993469,0.9236450942,0
0.7261681984,0.8166257872,0
0.5434714460,0.7156851539,0
1.5565073895,-0.3571686299,1
0.0718495905,-0.3746645820,1
0.1132099490,0.0219927010,1
0.5517770927,0.4381505544,0
0.2043908211,0.5181933568,1
1.6804371392,-0.6230126622,1
0.4675493352,-0.1261416879,1
0.2407291033,0.4480976569,1
0.6626448526,0.7170832724,0
0.9582454921,0.1672967241,0
0.1154428228,1.2372641253,0
1.7227982465,0.6078292768,0
0.4541319678,-0.7120351100,1
0.8213446992,-0.2388316287,1
0.7592997707,0.6657485902,0
0.0935569017,0.5190134946,0
0.4067811838,-0.4678541134,1
0.0590270679,0.9379674360,0
1.5110280931,-0.2263389151,1
1.3868256157,-0.3793287483,1
-0.0265283894,0.0672494656,1
1.9782066959,-0.0437667159,1
0.9614907986,-0.4225915346,1
1.4053499073,-0.0955272594,1
1.0813805861,-0.4984551563,1
-0.1449097600,0.3381887967,1
-0.2751838107,0.0730762076,1
1.0345197092,-0.6275603072,1
-0.0980128417,0.0030418745,1
0.3281730711,1.1504021832,0
1.2561902050,-0.5095361011,1
0.0254685513,0.7034587982,0
0.3861872719,-0.4444586740,1
-0.0321017455,1.1515319786,0
-0.3150777997,0.7381299432,0
-1.1748625956,0.4454168869,0
0.8543313497,-0.3407101286,1
0.8549779071,0.5520877859,0
-0.7464526741,0.9937000121,0
0.4802050258,1.1444217268,0
1.5162373692,-0.2555997331,1
-0.0593575662,-0.3149748363,1
1.8261835345,0.4909069162,1
1.4233048425,-0.1838382261,1
-1.0747080007,0.7509913320,0
2.5096938830,0.0628344306,1
0.9375596396,-0.3270594890,1
1.6688369137,-0.2559733855,1
-0.0641116885,1.0628595772,0
0.1985320829,0.3831012548,1
0.0152471873,-0.0261121919,1
0.5466983088,-0.0561607162,1
0.0417109940,1.1113927005,0
0.1777770975,0.9910759134,0
1.1069652030,0.8816983830,0
-0.4193906966,0.5639062035,0
2.2838759446,-0.2674917001,1
0.6848802392,-0.2839034530,1
0.1131869499,0.1604255888,1
-0.1657259842,1.1751681035,0
-0.5785002822,0.4162885111,0
-0.9948774048,0.3111247058,0
-0.3076938930,1.1274418964,0
1.4629797797,-0.4561794756,1
1.3902662127,-0.4819152491,1
0.6562326616,-0.1407904412,0
-0.2660275653,0.8109394124,0
0.1577516609,0.1211186946,1
1.2017155486,-0.2222115338,1
1.0625344055,0.8034496751,0
1.2470468196,0.4739223565,0
0.6525728160,0.5053987398,0
0.8043680125,0.5698239836,0
-0.1128258766,0.6746669365,1
-0.1068856403,-0.0105966769,1
0.3074400653,0.3319277625,1
0.9409482127,1.1840438362,0
0.4849587091,-0.3078972607,1
1.6325113410,-0.1490267562,1
0.1409098490,-0.3687498228,1
0.9381162696,-0.5589282876,1
-0.1845043136,0.2453702517,1
0.8477569559,0.3062023038,0
0.2244763662,0.0717874648,1
0.1088161843,-0.2256320429,1
1.8802780631,0.1556447265,1
-0.8922983448,0.2114628961,0
0.9451713310,0.5111988192,0
0.1368351149,-0.3044605295,1
1.3595708582,-0.3239519800,1
2.0087919415,0.5449544516,1
1.0471352283,-0.8990971975,1
1.0066440337,-0.9057853649,1
-0.5197804999,0.5287767712,0
2.1393149651,-0.4647868685,1
0.7770345739,-0.5126935825,1
0.9088415471,-0.1369407226,1
-0.5940485373,0.5674017814,0
0.6901481403,-0.0270954998,0
0.9515504209,-0.5049928432,1
1.3038462505,-0.1969780608,1
1.9100964097,0.0032581141,1
0.3710610239,1.0285001251,0
0.5177940509,0.9852325530,0
-0.0936480564,0.1933705819,1
0.0514652904,0.4704837688,1
0.3940187038,1.2409192615,0
2.3100131826,-0.5176636950,1
0.8716727180,0.9218722519,0
1.8660043282,0.4868981533,1
-0.9138695296,0.4914484519,0
1.0116555515,-0.7236079291,1
0.3197434231,0.7065081040,0
0.7391033320,-0.4516274249,1
0.0443452624,1.0984936848,0
1.0139660056,-0.3166929014,1
-0.0623459793,1.2036667775,0
-0.5141015641,0.7714077518,0
0.9953644445,-0.8450730542,1
0.4220056719,1.0937551837,0
-0.4519231377,0.8271919559,0
1.8809996118,0.1547494125,1
0.8174372110,0.5574690234,0
2.0179321545,0.3674934236,1
-0.0943017493,0.9665407390,0
0.3862331236,0.4130188531,0
2.4559924730,0.5745009070,1
0.9711794178,-0.4100064898,1
1.9665536024,0.3699235579,1
0.2560810403,1.1648236302,0
-0.9870764290,0.4901973667,0
1.8896822680,0.3244125796,1
1.1830257625,0.5418035480,0
0.5104106665,1.2899196990,0
0.8270952194,0.9787862874,0
0.8124341159,0.7302728750,0
1.3394712446,-0.7947356217,1
-0.5000590505,0.5080777749,0
0.2000078041,1.3420779509,0
1.4192566507,-0.4890543679,1
-0.0376590594,0.6180825223,1
0.5564892677,1.3154971160,0
0.1919961087,0.7092678369,0
0.8570453716,-0.3799239261,1
-0.1751883636,-0.0647068446,1
1.6771824555,-0.0916969570,1
0.0205260552,1.2823370663,0
1.1187891263,-0.1681622587,1
0.0711944490,-0.2878279547,1
1.6352901572,-0.0392149491,1
0.3657808508,0.7207814835,0
0.1542437146,0.1201707735,1
0.1624274033,0.9168975946,0
1.2511763078,-0.0658661801,1
0.9628829258,0.1984265444,0
0.4744205509,0.7833705157,0
0.2380238457,-0.2342263158,1
1.3353870941,-0.7649632844,1
-0.2134077092,1.0212905156,0
0.6276972927,0.6283767751,0
-1.0109478322,0.6664056155,0
-0.8125441691,0.9357788945,0
0.4643586397,-0.4899392765,1
-1.1026323020,0.5209151776,0
2.0175619357,-0.2800046287,1
0.9228107621,0.4483491291,0
0.1470287157,1.2927811970,0
0.9680055002,-0.7484135187,1
0.2607423752,0.1078459473,1
2.0503530661,0.2255220942,1
1.7726998243,0.0469960653,1
-1.5546311905,0.4588141829,0
-0.2056926784,0.0586234296,1
-0.4497239892,0.9003466972,0
-0.8880532294,0.5041847635,0
1.5261647535,-0.6418405534,1
1.0643696817,-0.3657019787,1
1.4313980777,-0.3531769770,1
0.8111999362,-0.5258116239,1
0.3074399326,-0.2083412555,1
1.6731849414,0.1491764574,1
-0.5007749365,1.0699628356,0
-0.9439165585,0.3071537048,0
0.4560450391,-0.0544661265,1
2.1384596900,0.6022234465,1
-0.1051004960,0.8484387042,0
-0.3567622077,1.2580384835,0
-0.8169467868,0.4288126771,0
1.1934218579,-0.2510182841,1
-0.6157425355,0.4029939494,0
1.1723854368,-0.8895275378,1
-0.8164775809,0.0590271559,0
0.7975701992,-0.8014086058,1
-1.1217866462,0.3260693645,0
-0.4207183775,0.8187895571,0
1.8826328411,-0.7111206772,1
1.5817042582,-0.3749358837,1
1.4730791246,-0.3770016167,1
1.9625181366,0.0605979949,1
-0.7310119023,0.2069050160,0
0.7214971566,0.4713963254,0
1.7575859547,-0.1990841592,1
0.7757243892,-0.4052208509,1
0.3061251738,0.4269075651,1
-1.2290074470,-0.0240372048,0
0.7432204635,-0.3678586980,1
-0.7941473428,0.6958166607,0
1.4001758253,0.0165497189,1
0.1165098950,1.1534129209,0
1.5732508805,0.2548837101,0
0.0113758747,0.5449541873,1
0.4348158541,-0.5318782178,1
-0.6970198595,0.5533309907,0
0.5004719339,1.1273905065,0
-0.3260623154,1.0470699420,0
0.2485706710,0.0033577806,1
1.0510758512,-0.6546386602,1
-0.6464866007,0.1325368756,0
-0.7572412455,0.9473565905,0
1.9186067138,0.6201061641,1
-0.9928783793,0.4494361269,0
0.0899461836,1.1791724281,0
0.9455693346,0.4910901416,0
1.7277415704,-0.8997656120,1
0.0951867867,-0.4846015727,1
-1.0256900373,-0.1481686339,0
1.5015881661,-0.4495397309,1
1.8975304610,-0.3110785323,1
0.7896274836,-0.7091405744,1
-0.8452012769,0.7993138737,0
1.0405775841,0.5451900288,0
-0.2818203076,0.7783222777,0
-0.0519545236,0.2070669126,1
0.7917654999,-0.5497367972,1
-0.8423694392,0.5300013893,0
1.9159088782,-0.1756329030,1
0.7400731346,0.7852715121,0
-0.4700117025,0.8761627636,0
-0.1923414007,1.2274213629,0
0.6430059204,-0.1840099697,1
-0.6354246494,0.3342618234,0
1.9294440287,-0.0345349121,1
0.9777928883,0.5585176176,0
-0.0273047393,0.7984860425,0
1.9401170519,-0.5673237342,1
0.9117942230,-0.5247749980,1
0.4129334524,0.9239613346,0
0.1321707890,0.2027114433,1
1.6357858481,-0.5518748269,1
0.2330314276,-0.3998422229,1
0.7430685684,-0.2618538453,1
-1.0845396098,0.0202651279,0
0.2719225933,0.1761378611,1
0.8419066800,0.3591536341,0
0.5359597314,-0.2298848727,1
0.9779855536,-0.3659763517,0
1.1640076232,0.2546549269,0
0.9212318567,0.8716629040,0
0.3757883051,1.2365138719,0
0.6677202126,0.9901833296,0
0.0529394104,0.3029534168,0
1.2494144689,0.3458694879,0
-0.2717961639,0.8370525275,0
-1.0000679170,0.3694916718,0
1.8947356566,0.4651265950,1
-0.6982732012,0.3165716131,0
0.2204861249,0.2280065187,1
0.7252795857,0.7189432595,0
-0.1984381581,0.0926791620,1
-0.4846576994,0.3287354004,1
0.6034210551,-0.4568946189,1
0.8248783744,0.5870396556,0
1.4498851992,-0.2450845751,1
-0.0980457237,0.5296164669,0
0.7086086244,0.4618709029,0
0.8030009613,-0.3104766127,1
-0.5786910646,0.8339009628,0
1.2100580487,-0.4146100142,1
0.8092178119,0.1615839254,0
-0.6343481208,0.9253884663,0
0.0359505193,0.8082723246,0
1.1408000381,-0.8589599549,1
1.6618668029,-0.2094091321,1
1.4163714414,-0.3163713457,1
0.2670329970,1.1029761066,0
-0.1820418263,-0.0415951539,1
1.0717568259,-0.2671796078,1
0.8060653605,0.0551371973,0
2.1942516976,0.3812987447,1
0.0172865273,0.1795793680,1
0.1586328364,1.2878872743,0
1.6483957207,0.1083164523,1
0.7528499745,-0.0660500749,1
1.7565712611,-0.3376736463,1
1.5896256628,-0.5559535630,1
-0.0518182467,-0.2434705387,1
-0.1722910856,0.3382496681,1
-0.4914631302,0.8443250495,0
1.7207995747,-0.2599627620,1
1.3839518260,-0.3170128605,1
-0.0414213211,0.9289292782,0
1.8941721755,-0.0963016143,1
1.1929662960,-0.2155985163,1
1.7435890273,-0.2360651438,1
-0.0389519956,0.4518224520,1
1.0864338120,-0.7634557165,1
1.4990161862,-0.0789569509,1
0.4155245904,-0.1190198291,1
-0.5711115785,0.6017142722,0
-1.0189613471,0.9133796201,0
0.5281104640,1.1358432165,0
1.4169853689,0.5176183479,1
-0.9060792927,0.2845259773,0
-0.9705389337,0.7494764379,0
-0.6507340934,0.9528344683,0
0.9728668292,-0.3596875936,1
-0.9781297256,-0.0929828018,0
1.1085591872,0.3374367527,0
0.3833177901,0.8411175398,0
-0.2929962254,0.8675277422,0
-0.6724337112,0.1275322090,0
-0.7700236921,0.5529668219,0
0.9015448985,0.8735092693,0
0.2351103159,-0.6432479116,1
0.8263355398,-0.2930472250,1
0.9563972465,-0.2060669524,1
0.2728120062,0.0195379157,1
-0.3380636160,0.8827299530,0
0.5512126783,-0.6148833812,1
0.3536300186,0.7175534775,0
0.1802655577,0.3325152516,1
-0.7345749241,0.0677356671,0
1.8697825126,-0.5715453186,1
0.5941240632,0.5535751195,0
-0.0296552764,1.2200272261,0
0.4703020518,1.4528033685,0
0.0855308176,0.0405688108,1
-0.0368640291,0.9762367609,0
2.0667908365,-0.2298829580,1
1.5669910581,-0.2081772162,1
1.1596859222,0.1775226564,0
0.9023926296,0.8924608575,0
0.6535276032,0.6885089893,0
1.3060089859,0.3818843784,0
1.5313500495,-0.4749956562,1
1.9347535877,-0.1298882139,1
1.4523170881,-0.5516539822,1
0.2272812196,0.1843960954,1
1.8589040406,0.3150144971,1
1.9513642287,-0.3186483741,1
0.1779093541,0.6597458442,1
0.7358799558,0.5038367340,0
0.3485537008,-0.3593900618,1
-0.9313233793,-0.0989287373,0
-0.8761245829,0.5958692712,0
-0.6920267884,0.5003658161,0
0.4008467524,0.8207512305,0
-0.7595388267,0.3728544522,0
0.9861137657,0.5333546976,0
1.5865166085,-0.2547422622,1
-0.3603657622,-0.0775870159,1
2.4560822603,0.2966846373,1
0.3684891358,1.0016439395,0
1.7445254789,-0.3181550588,1
1.0415869774,-0.0583292243,0
0.1955408136,0.5240188712,1
-0.1485702653,0.0037642980,1
0.0140726747,0.2357632748,1
0.3656763448,0.9440665321,0
-0.4886187789,0.6955417190,0
0.8308016716,0.6513996915,0
-0.7173339275,0.8451898892,0
1.9767506935,0.3465283384,1
1.3482488423,-0.3354407129,1
0.9592763885,-0.3219012677,1
0.3288082602,-0.5986504914,1
0.6708102310,-0.0960282158,1
0.6171161990,0.7767663314,0
0.0999560957,-0.5758313053,1
1.0683376445,-0.8672140549,1
-0.0920054638,-0.1246697905,1
0.8795008773,-0.3133644969,1
0.8570862192,0.6500418108,0
0.4950987147,1.0367753994,0
0.4332659854,1.1436827118,0
1.8100091756,0.1517440426,1
-0.2070630641,0.1601359241,1
0.4112049648,0.8609085820,0
-0.8849207309,0.3960063282,0
0.9295142306,0.2258480304,0
0.9122289110,0.5593109332,0
0.8666393081,0.4069658323,0
-1.2758599648,0.4162113875,0
1.4073257217,-0.5192347780,1
-0.0257232103,0.6885436790,1
-0.4097920057,0.5792478982,0
0.7800609230,0.6713549895,0
1.3484044468,-0.5231946725,1
0.8412964135,-0.4295433764,1
-0.3819465006,0.9918188076,0
1.7664838428,-0.2901463913,1
-0.2004129138,1.0385127610,0
1.0294447984,-0.0026962953,1
1.5209376822,-0.7686896711,1
2.0348105008,0.3167771707,1
1.6701357070,-0.3295062958,1
-0.7948757218,0.0471684184,0
0.8559557935,0.2657321780,0
0.9676969259,0.4842476903,0
0.7740481651,-0.8195283962,1
-0.3244915866,1.2025028187,0
0.8259273294,-0.1305966025,0
-0.2864149805,1.1108705898,0
1.2752628409,0.1751725915,0
-0.8503412244,0.0717899279,0
0.7155019558,-0.6713499950,1
1.7852967662,0.4497457430,1
1.8120771854,0.2042617694,1
-0.3111999656,0.8931006439,0
0.5626412278,-0.2390510813,1
-0.7402351821,-0.0544017996,0
1.5359246128,-0.3729344409,1
1.4714556268,-0.5219354708,1
1.3139671893,0.1319499804,0
2.2017047354,0.2255424549,1
1.7183320275,-0.2436773919,1
1.9699091518,0.7411341482,1
0.1777584904,0.9782141996,0
-0.4064938087,1.1418497748,0
0.5910461450,1.1750791340,0
0.7539092184,0.5676989113,0
0.1994813926,-0.1895757045,1
0.5006091799,-0.5626245192,1
1.0299204834,-0.5617761335,1
1.0853966291,0.2487588508,0
0.7511604220,1.2812880244,0
1.5828195267,-0.8350728449,1
-0.7133173227,0.6238594722,0
1.1828493743,0.4191538486,0
2.0432526164,-0.0431026368,1
1.4357028679,0.1369904801,1
1.7069025757,0.0256740951,1
1.0117253299,0.9997739455,0
-1.1135983425,0.3299421240,0
0.0511021366,-0.5576742521,1
-0.9316907554,0.0157426491,0
0.0784969436,0.3555371432,1
-1.5532747749,0.4658798578,0
0.6741279121,1.0339071724,0
0.7171397494,-0.2257592718,1
0.0724396166,0.3746541127,1
0.9894448458,-0.7554489892,1
1.8224082509,0.0308792700,1
-0.3499836483,0.8748263561,0
1.6337227471,0.6579984688,1
0.3288481639,-0.1077585707,1
-0.8446764207,0.3488579084,0
0.1841596898,0.0790471281,1
-0.6031513842,0.9883842496,0
1.6487119802,-0.3049466219,1
-0.2834417099,0.9848385764,0
-0.7495937370,0.7868048432,0
1.4460132951,-0.3306743300,1
1.4142805487,-0.1596028474,1
-0.2597489188,1.3117830250,0
1.2164476601,-0.4938237078,1
-1.1280118255,0.4974936032,0
0.5274160464,-0.5661464147,1
1.1007370839,0.2430664923,0
1.3230942026,-0.7333793326,1
0.2801941226,0.0211484587,1
0.7684438339,0.6651513606,0
-0.7534198232,0.1611036802,0
0.8195620820,-0.1344689281,1
0.2038519963,0.6152946023,1
1.2079531970,-0.2409029330,1
0.9035873632,0.2253506140,0
0.8518344538,0.0690733449,0
1.0737320679,0.4371013332,0
0.4149575263,-0.5087714456,1
-0.0821863531,-0.0988701775,1
0.0532350657,1.1161603698,0
0.1029889183,0.8263558440,0
2.0724560767,0.5042674110,1
1.6098678888,-0.5149655580,1
1.6248749873,-0.4751674615,1
0.9736253249,0.6657660212,0
-0.6777241913,0.2658091859,0
1.9627111617,-0.2339924472,1
-0.1715223678,-0.0804945431,1
0.6495623837,-0.1318396739,0
-0.9120578864,-0.0691340432,0
-0.1234366718,0.8593412668,0
2.3223600906,0.3964891841,1
1.8299880274,-0.1646484860,1
0.1763082781,1.0682234192,0
1.0324273750,-0.8658788189,1
1.9764482319,0.4421226774,1
0.2731806747,0.5452186377,0
0.9273820053,0.7108648569,0
1.7084058859,0.1910888498,1
0.1127083155,0.1240605400,1
1.2209760081,-0.9332348186,1
-0.4954058627,1.2958438206,0
0.8862587370,0.4910569788,0
0.6017704618,0.3656884662,0
-0.8949161063,0.2580945895,0
-0.4241093831,0.7881678874,0
0.0257382606,0.7976037984,0
-0.9270361651,0.6914672225,0
1.0507268439,-0.4754497110,1
1.7106900276,0.0037835631,1
-0.0630609538,0.2523010276,1
0.8897264037,-0.4707564223,1
0.9382310012,0.0840039688,0
0.1633419253,1.3057648464,0
1.0221866360,-0.3602212946,1
-0.6992628489,1.0987738084,0
-0.5073119144,0.0290777604,0
0.2603025163,0.9982168837,0
1.8436911322,-0.1721324992,1
1.8058319671,0.6468051148,1
-0.0675058241,0.8506693665,0
0.1367932945,0.0534724713,1
1.6414979797,0.0173741378,1
1.8612787063,-0.4099769118,1
0.6553726256,0.4281775245,0
0.0039561656,0.4004550177,1
1.8929115132,-0.0425259202,1
-0.9855133620,0.6310657513,0
-1.0575987557,0.3761647511,0
1.6910555380,0.0261357556,1
1.3877268540,-0.6482822405,1
1.6926366361,0.3069001168,1
-0.8500497179,-0.2486950090,0
1.7197735976,0.3459202840,1
0.9661461951,-0.4962152536,1
0.3751132570,-0.0477963864,1
0.2537576635,0.6215124920,1
1.2902533697,-0.2252734685,1
1.0963152254,-0.3662499656,1
-0.0805943274,0.1996645529,1
0.0992544718,0.9504354690,0
0.1123029014,1.2473918104,0
1.6433742441,-0.3605246643,1
-1.0079191529,-0.1313943390,0
0.1508765271,0.4568218663,1
1.0883082042,-0.1364399596,1
0.6459865695,0.9289514088,0
0.6678870008,-0.1609249934,1
0.8023461407,-0.3271556052,1
0.1395174936,-0.2252879241,1
1.6363157049,0.4461094718,1
0.7455595616,0.7702249359,0
0.7625693283,-0.6207179352,1
-0.7058937087,0.4099894714,0
0.7274507821,0.3274215307,0
-0.1437168646,0.4735495116,1
0.9587198464,-0.6452655889,1
1.3738642381,0.4763629511,0
-0.8990982611,0.6159601017,0
0.7256544522,1.2050232867,0
0.5995347437,0.0680889175,1
0.5987952277,0.9621306495,0
1.8271077779,-0.4159575591,1
-0.4251933634,0.0592460882,1
0.2342485378,0.1496535231,1
0.5152274401,0.9272773516,0
0.3364356842,0.3832263736,0
1.5794392833,-0.1538131090,1
1.0844273707,-0.4926948748,1
0.8661453653,0.6543640930,0
0.8347780267,-0.2797964064,1
0.6233750035,-0.1689406591,1
1.1469876826,0.0776217965,0
-0.6922813078,0.7512440057,0
0.7567336612,0.9492874065,0
-0.1810542308,0.2666565982,1
0.6343153184,-0.4102269117,1
1.8548765281,0.4247209912,1
0.0682687728,-0.3234398800,1
0.4755445325,0.7921042711,0
1.8304683779,-0.5336909610,1
1.4222108518,-0.0893166159,1
0.2793689421,-0.4597391605,1
-0.0436883715,0.8947839069,0
-0.0096682203,0.1983929491,1
0.5959994279,-0.4011257859,1
1.1423759659,-0.4682353221,1
-0.9588742529,0.5991628307,0
0.6480597173,-0.3161161372,1
0.4738895777,0.7893867812,0
-0.3442507736,1.0099613214,0
1.0160179070,0.1368211559,0
0.7084505742,-0.6605485103,1
1.4912973082,-0.6786351544,1
-0.5469000813,0.3115890144,1
0.3993145705,-0.1146461008,1
-0.0012663416,0.6917410111,0
1.1925377333,-0.3488408960,1
0.6422352839,0.9864352868,0
-0.2445782002,0.3532714978,1
0.3346543869,0.3318037591,1
-0.4900763920,0.3081970142,0
-0.9674139170,0.5789681241,0
1.0422753711,-0.6418002870,1
1.3160007026,-0.3047107071,1
1.4801557946,-0.5407257241,1
0.0963684222,0.8559361182,0
-0.0277949914,0.7821805567,0
0.7949938276,1.2801941624,0
-0.3624125403,0.9847324546,0
0.5340081069,0.4628884612,0
0.1818866584,-0.6699723081,1
0.1235277743,1.0621863250,0
2.0338882824,-0.1569597147,1
0.7834792888,0.0645810413,0
0.5848864172,-0.4739135503,1
0.0417069685,1.1493462070,0
-0.6077711332,0.7955471492,0
1.4200129324,0.1166735839,1
0.1993163716,0.5493987739,1
1.0464499492,-0.4420300590,1
0.4343497716,0.8810233820,0
-0.7292658036,0.1192720187,0
-0.0974976944,0.6133477465,1
-0.9021889366,0.5062322634,0
1.3600068190,-0.0622398234,1
0.9901410896,-0.4472288294,1
-0.6655707849,0.9705898585,0
-0.2156099105,1.2850888473,0
-0.7303308972,0.4718118413,0
0.9287829466,-0.2823497739,0
1.0881272010,-0.4556905533,1
-0.3993874228,0.2427099859,1
1.6158484921,-0.1456445922,1
0.8237993124,0.4945686423,0
0.9245082814,-0.7046164183,1
0.5336474200,0.7896822217,0
1.5109177757,0.6839507018,1
-0.1632023293,-0.2164754639,1
-0.0384724085,0.9590523627,0
-0.1039133119,1.2578638665,0
0.2991719179,0.0857235445,1
1.9538295827,-0.7527386887,1
0.2273263457,0.1212086262,1
-0.2259659437,-0.1864025555,1
0.6057510398,0.5592306671,0
1.8619390350,0.6105207106,1
1.7509448944,-0.2951044015,1
0.7286726115,0.1831972200,0
1.2742991782,-0.1607875335,1
0.3049942187,0.5769713112,0
1.0634004778,-0.5887893482,1
0.4128667962,0.8057490447,0
1.7202691796,-0.4516056449,1
-0.0778783235,0.8072658016,0
1.7876427549,-0.4741058430,1
0.1416560435,0.6341020178,0
0.7677209274,0.0566129129,0
-0.7299197061,0.1121551258,0
1.4249871329,-0.8181304408,1
0.4794647471,-0.0916044905,1
0.1394598923,1.2231403955,0
-0.3532054888,0.9753367226,0
1.1407654824,-0.2760793941,1
0.3558556398,1.0018522555,0
-0.7787509810,0.5376476899,0
1.1655014387,-0.1906140500,1
0.4612025171,0.5082195369,0
-0.2308520878,1.4694605256,0
-0.6711032038,0.4687057920,0
1.2415558227,-0.2489075337,0
-0.8911866167,0.4746085666,0
-0.2336285250,-0.0933712553,1
1.8492002538,0.2428862490,1
1.2688958936,-0.1442943060,1
0.7028286464,0.8573081614,0
1.0611395253,-0.2724460228,1
0.9661010564,-0.2250664162,1
-0.7691511238,1.0482156657,0
0.7827877309,0.4520904273,0
-0.7066509025,0.4778753813,0
1.0498328954,0.3673117254,0
1.4519017948,-0.2376392111,1
1.1968665103,-0.4607078640,1
-0.1984814360,0.9469833627,0
0.7390038902,-0.1874490480,1
0.5358019298,0.0252469791,1
0.3647343338,0.0245596009,1
0.6853144752,0.7154074802,0
1.6137992296,-0.1270748458,1
-0.5900003964,0.4642373521,0
-0.0315927997,0.4288577444,1
0.4623401082,0.8461949490,0
1.4195796705,-0.3777331901,1
0.0018603311,0.6876391735,1
2.1272012129,0.6747308866,1
0.4165317143,1.1783012088,0
1.5922800144,-0.4983097092,1
0.1664635889,-0.3210906578,1
-0.6608927233,0.9902017575,0
-1.0588943363,0.5871520895,0
1.8892493731,-0.1221761206,1
-0.5708890010,0.7564435933,0
-1.0696639924,0.3722587388,0
0.9025102181,0.7582959896,0
0.6343390155,0.8417002035,0
-0.0471084835,0.3347051502,1
1.7186394368,0.0286482234,1
0.6230279212,0.6219577199,0
0.2804513442,-0.4219696999,1
0.3221481223,0.7459868429,0
-0.0424447209,0.9091435479,1
0.1104048479,0.4477858516,1
0.0938388371,-0.3817921128,1
1.7519186793,0.1592809070,1
0.3390257163,0.0143323815,1
0.9629308929,0.0752175369,0
0.7894948195,0.0602857776,0
0.9295282317,-0.0448853859,0
0.5397956728,-0.4520510500,1
1.4458646875,-0.0759883544,1
1.1619825586,-0.7362534861,1
-0.6692460772,0.6860279809,0
0.1863827242,0.8897778536,0
0.2735389725,-0.5026331526,1
0.2998793967,-0.5527816781,1
1.0460410737,0.6098279642,0
1.1691720760,-0.4741551271,1
0.2242661815,1.1319881444,0
2.0586952076,0.3221796540,1
0.7018677216,-0.3381981641,1
0.6857826842,-1.0085348895,1
1.2283941771,0.0855704276,0
1.6483524509,0.0802397952,1
2.0304008796,0.3811964399,1
0.1158317700,0.8436464731,0
-0.9634881603,0.3109069473,0
1.9382467385,0.6546408222,1
0.7792444038,0.3865637008,0
-0.0057227983,-0.2461647321,1
1.4584470534,-0.5362532525,1
-0.6165466995,1.0770255413,0
1.0859757977,-0.0830614686,1
1.9393827606,0.0929759846,1
1.5334440739,0.2322392956,1
1.6162726766,-0.1634787166,1
0.7469442075,0.7302423593,0
0.2033400635,-0.4284244267,1
-0.0934192177,0.3629604222,1
0.1788058222,0.4660291725,1
1.4090604300,-0.0643374535,1
0.3373802577,1.0906343927,0
-0.8078999938,0.1532717745,0
1.9633567739,0.2022186047,1
1.0153933706,-0.6984483643,1
-0.3640754181,-0.2707974547,1
-0.5020242759,0.9861063442,0
-0.2960650895,0.3095394379,1
0.3672358681,0.8742926854,0
0.9374754566,0.3340613605,0
0.7404305594,-0.4190109974,1
-0.5759279676,0.8565076740,0
0.9917262951,-0.3351578371,1
1.3541068300,-0.0698547600,1
0.2803487623,0.6179061745,1
-1.0097333330,0.2321056694,0
-0.7560603693,0.9440717433,0
0.0351792504,0.9171098346,0
-0.7147273924,0.2133388251,0
1.5121206420,-0.4816361181,1
-0.4954971533,0.7637119973,0
1.1425383349,0.1941226270,0
-0.7364645008,0.9474580889,0
0.1418543970,0.6881796870,0
1.1261670380,-0.1547028607,1
1.0491024224,-0.4365627687,1
1.0492977403,0.0049765541,0
-0.0502633306,0.8558416124,0
0.5788428165,0.8308873320,0
1.1910551006,-0.2846290132,1
-0.9929295137,-0.0434873432,0
0.7929237183,0.2660732393,0
0.0652294481,0.0389149000,1
0.4162633632,-0.4345977126,1
1.2373429211,-0.1612662801,1
1.7853484078,0.0055238919,1
0.9750633266,-0.7398824421,1
2.0050884630,0.4884580339,1
1.7146515517,-0.3574040705,1
-1.2831610973,0.1868536216,0
0.7648390410,0.8849183747,0
1.4261690284,0.0441759249,1
0.6458310491,0.5889657263,0
0.4069664343,0.5212748391,0
0.8045467280,0.4703803798,0
-0.7664312646,0.8200499006,0
-1.1748314051,0.0841523973,0
-1.0212051086,0.1031505333,0
-1.2002504627,0.2967641731,0
0.8988124544,0.6698945208,0
0.6927703553,0.8788396405,0
1.0024638769,0.5854048355,0
2.0794769094,0.3558100507,1
0.5309328433,-0.8070750306,1
-0.2153466513,0.3606845102,1
-1.2331218553,0.0627447964,0
0.7911247753,-0.4496546278,1
0.2827866914,0.2358816980,0
1.9510743920,0.1107750187,1
0.5359678021,0.1200956498,1
-0.1982538705,-0.3343235705,1
-1.1231709324,0.2251508204,0
1.8863262989,-0.2381135218,1
0.7352546685,0.0647833275,0
0.6317198084,1.0051430713,0
-0.4354191864,0.9277704311,0
-1.1411297977,0.4875989530,0
0.9618080811,0.8786403874,0
0.0223828388,0.0879294468,1
2.1875809221,0.2912461501,1
-0.6272117519,0.6242145671,0
0.1753320145,-0.1137831061,1
-0.0630540941,-0.5552735057,1
0.2129354685,0.0592631588,1
-0.6622002292,0.3008673112,0
1.0903178390,-0.0138575363,0
0.0321652867,0.2725299465,1
0.2475940909,0.1268944901,1
1.6606100048,-0.3340329758,1
1.4949916986,0.0366034679,1
0.0949115248,0.8347401821,0
0.4409429671,-0.1600019671,1
0.3887665981,0.6589795510,0
2.0682075754,0.0638622654,1
1.9950404203,0.6823985907,1
-0.9050459764,0.0722490896,0
-0.7023177904,0.6700978848,0
0.0878831032,0.9539979806,0
1.8787197347,-0.0222257664,1
1.3375690701,-0.7659426345,1
0.6266599579,1.1357830491,0
1.7182168217,0.2479255110,1
-1.2357530335,-0.1543781512,0
-0.7020279185,0.9324604098,0
1.3154058378,0.1250396952,1
-1.3181880270,-0.0545626134,0
-0.9178269260,0.6872474901,0
0.9389192373,0.5040022760,0
1.7554897604,0.2548224568,1
1.4349017883,-0.2711536777,1
0.7504918115,0.3459422825,0
0.6891131638,0.4844386100,0
0.0101637741,1.5281028356,0
0.1149853202,1.1856943656,0
1.0609355151,-0.2477185313,1
0.0282680272,0.8487986717,0
-1.2126990397,0.1621731990,0
0.8353982497,0.4470753637,0
0.6766397928,0.7161680244,0
-0.2153827999,1.0660705607,0
-1.0004338068,0.0125274182,0
-1.0212712033,0.2051536498,0
-0.2096436984,0.0378000916,1
-0.9886539802,0.4088772678,0
2.1441493874,0.3771988731,1
1.8631832900,0.1887742696,1
-0.8686563580,0.4194448255,0
-0.2887481160,0.8935417018,0
0.3494686432,0.5412363841,0
-0.7736118673,0.0930458593,0
0.3160785554,-0.3187757457,1
-0.9743293245,0.3657048255,0
0.7049788661,0.6826887170,0
-0.4539536250,0.9537339260,0
0.8153368606,-0.6958424839,1
-0.0264480106,0.9236962809,0
-0.2097186503,-0.0477238195,1
0.5499166456,0.9154797914,0
1.1933119990,-0.8075459927,1
1.0843402397,-0.1831913798,0
0.4439702310,0.0708440579,1
0.7046038619,0.2784748034,0
1.9533890194,0.4192221972,1
0.5055309823,0.0266297361,1
-0.1267083611,1.1889499026,0
0.2755592027,-0.2673097919,1
1.1698383231,-0.2187114305,1
0.6189458098,1.0248209152,0
-0.9007100031,0.3694477664,0
0.4868702788,0.9837915931,0
0.2377661906,1.3346114880,0
-0.9936379629,0.3666739448,0
1.6666063080,0.1407515515,1
0.9442798659,0.1745901262,0
0.4687570233,0.6667894953,1
1.9202372569,0.4570309458,1
-0.8805048540,-0.1248825038,0
1.2230426000,-0.4463610254,1
0.5233486801,0.7635769156,0
0.1065468279,0.8795424973,0
1.4008296531,-0.3973177031,1
-0.5699032806,0.8802904522,0
0.1576522573,1.2978608116,0
0.0799741935,-0.0867980224,1
0.7418967984,0.3694568805,0
1.2980205875,-0.3894034165,1
0.2609165497,0.8857475252,0
1.4448125255,-0.2944909897,1
2.3152119306,0.2510505806,1
-0.8030753769,0.7273397959,0
0.1021497160,0.9443554574,0
-1.1426379316,0.2064687556,0
0.4698602213,1.0696184643,0
1.7821846541,0.0745204682,1
-0.3066344552,0.2199519652,1
0.1850999761,-0.3961230758,1
0.6646590109,-0.7400353526,1
0.5849798143,0.0602530367,1
1.9496008289,-0.4740726511,1
1.0027177234,0.4300314107,0
-1.4129387324,-0.1144703700,0
2.1973280701,0.5154764010,1
1.7486525710,-0.0242504031,1
0.0467088008,-0.1039976161,1
1.8887977785,-0.3931192305,1
-0.2477638903,0.5373319478,0
-0.1596164164,1.1690109215,0
0.0306117184,1.0134414145,0
-0.9838568661,1.1294859317,0
0.3234394691,0.3749341586,1
1.4866539679,-0.4908179948,1
1.8216553073,0.5630689715,1
-0.9454375833,0.4648000498,0
0.5748686448,-0.2209908288,1
1.9273264643,0.1871580649,1
0.5520642419,-0.4894033108,1
1.9516546659,0.3646003327,1
-1.0159664317,0.2985150632,0
0.2529308947,1.1522092560,0
1.0417512765,-0.3910346512,1
-0.9474605539,-0.2885423362,0
0.6680299990,0.4514723133,0
1.2332859402,0.6376669456,0
0.1398701795,0.1780962912,1
1.6103695588,-0.5685661641,1
0.0217640631,1.3623602100,0
1.9216605378,-0.0967750921,1
0.5343059024,-0.1698073960,1
0.0667266414,1.0611354263,0
1.3899838623,-0.2977789571,1
1.0721420311,-0.0754968001,0
1.7451738768,0.1146847005,1
1.9653636177,-0.0457374417,1
1.2127245780,-0.4881482546,1
0.5903801740,-0.1373369674,1
0.8916825426,-0.1237346272,1
0.8543388341,-0.2119619668,0
-0.7693385465,1.0890302319,0
-0.6284077394,0.5631144191,0
1.1884015588,-0.6202854265,1
-0.0677081066,-0.4733973548,1
0.7100109324,0.5848864353,0
0.0057923390,1.0144215143,0
0.2886476759,-0.6287952758,1
-0.2831048315,0.2425131318,1
1.9856023349,-0.3891859396,1
0.2697712649,0.6321961755,1
-0.0028022018,0.1658967930,1
-0.0663662784,0.7141343918,0
0.2838490483,0.7520873296,0
0.1801246986,0.3468558995,1
1.7887314973,-0.0435771584,1
0.3827200596,1.0733793556,0
0.6940539135,0.9401661044,0
-0.9240525733,0.4263459358,0
0.8564085544,0.5020845552,0
1.0502979706,0.3505628001,0
0.0646792981,0.5254822456,1
0.8085054257,-0.5194393988,1
0.6060632113,-0.3057116875,1
0.2827927723,-0.4036567434,1
0.6516329472,0.6540731021,0
0.3577723724,-0.2728357727,1
0.8612601558,-0.6593917108,1
0.4095575543,-0.5436487405,1
0.9006270847,0.3951351465,0
0.9529885945,0.4014582181,0
0.7787773452,-0.5226544490,1
0.0673987723,0.4608041065,0
-0.1811926407,-0.2921323332,1
0.7731301565,0.5555502760,0
-0.2117686640,1.0723296744,0
-0.8011010864,0.5717412503,0
2.1563139710,0.4690411831,1
0.7395681973,0.8412762469,0
-0.6226800407,0.6457472943,0
0.8226461033,0.5129285164,0
-0.4911581134,1.2528454084,0
1.5610137415,-0.2127071722,1
-0.6347487234,1.0397660202,0
0.2276387658,0.2680670770,1
-0.1710548873,0.8293840679,0
0.6417372493,0.0806508708,1
-1.0015974600,0.1409655438,0
-0.4599205433,0.9345304912,0
0.5634832517,-0.1288238818,1
-0.3653276855,1.1043579560,0
-0.2251449599,-0.1469139999,1
0.2113641606,0.7760694138,0
1.3976121175,-0.2991754658,1
-0.9443074468,0.2237706919,0
0.7086343529,-0.2649983256,1
1.0232433203,-0.7813625225,1
-0.7032804170,0.6115322399,0
0.4020724595,1.3280477979,0
1.4225681488,-0.1608745056,1
1.3340533316,0.0879931445,1
1.5021348488,-0.3818563313,1
0.0221604604,0.0629500831,1
0.8840344262,-0.7093365596,1
1.3878951819,-0.7741698711,1
-1.3156394261,0.5715966700,0
0.1757071423,0.6633238813,0
0.8722167464,-0.6327100518,1
-0.6453592075,0.8640278968,0
-1.2430430367,0.4525444191,0
0.5769569848,-1.0121434148,1
1.0623875014,0.4737244344,0
0.2762511950,0.2156867981,1
0.8452818051,-0.5675740009,1
-0.8196372772,0.1719535004,0
0.8272240422,0.0295389399,0
0.5615368240,-0.0157102223,0
0.8829915967,0.2052894676,0
-0.9350087648,0.4962118683,0
-0.7438212430,0.3975738782,0
0.4280220307,-0.4392887128,1
0.3928861976,0.0079544596,1
-1.1337302801,0.6100742067,0
-0.5389776450,0.9206936963,0
0.4305380705,0.8735309151,0
0.3495407358,1.1166481863,0
1.0489807371,-0.1253422101,0
0.6477754025,-0.5574063866,1
0.8380261246,0.2340752539,0
0.4756287812,0.5764696318,1
0.3613742586,0.6364641695,0
1.7733224571,0.3722110924,1
0.5816902302,-0.2336869267,1
-0.5119288293,1.1306789015,0
-0.8565755726,0.2997303552,0
0.0565460944,-0.5006981739,1
0.1769143340,1.0189207481,0
0.7091776136,-0.3043792966,1
1.9944143588,0.2021372604,1
-0.1616092011,0.7373379963,0
0.1915644618,0.9388502242,0
0.4928968375,0.7938590522,0
-1.1923470174,0.5167037450,0
-1.0058211915,0.5479079685,0
-0.9821921129,0.2971651218,0
0.5199968068,0.7573617223,0
-0.6690308317,0.0874315316,0
0.7624597115,0.4238196525,0
0.6078044744,0.3975727328,0
0.2528292058,0.2506449458,1
1.0966554177,-0.2613171543,0
0.5792653816,0.5874827348,0
0.8137166422,0.6942938264,0
2.4644761416,0.2718037336,1
1.0693083579,-0.6138798312,1
-0.3644275252,0.5497573535,0
1.0879569154,-0.7248887094,1
1.0738562332,-0.4128462653,1
1.9816002428,0.1573564252,1
1.2097134357,-0.1057560324,1
0.8396620584,-0.3252227278,1
0.5167774558,-0.3754391589,1
0.2517911546,1.2957787046,0
-0.9764299233,0.2814973181,0
0.4122549909,1.0874194874,0
-0.4450619523,1.0896731938,0
0.0739342950,0.5976249594,1
0.5251449016,0.4752691969,0
1.8639139964,-0.1626466803,1
-0.8326922214,0.2244575692,0
-1.4696156793,0.3480125230,0
-0.2352858108,0.9313200593,0
0.9534650760,0.2123069957,0
0.7926393746,-0.5892929284,0
0.6347499930,-0.5042990468,1
0.1748619941,-0.1141512218,1
1.9497216340,-0.1526117921,1
0.6332066955,1.0975899764,0
-0.5739001756,0.8795950620,0
1.0782483363,-0.4902444000,1
0.9300834434,0.6411328944,0
0.9579718051,0.7683339214,0
0.3559816897,-0.7946208606,1
0.6072460249,0.4997571936,0
1.8719669526,-0.0681819526,1
0.0476700466,-0.4954412577,1
0.4634667675,-0.1708302087,1
1.6909290495,0.1756958749,1
1.6099626543,-0.3320340126,1
0.6725228258,0.1147535381,0
-0.8176017416,0.2955768954,0
1.3808617438,-0.5363044782,1
1.3748936690,-0.6895362926,1
2.2265127726,-0.3543694837,1
0.3423258227,0.9346936612,0
-0.1092811862,0.4317437330,1
-0.4462298097,0.3284170918,1
-0.1536011983,0.5649968282,1
0.5125271458,0.9442474428,0
2.1997668121,0.7531997736,1
1.9534660813,0.3811424663,1
0.2886286529,-0.4832030490,1
0.1835397941,-0.2454195420,1
1.3508060036,-0.5783851822,1
0.7793901970,-1.1410388401,1
0.8270384191,0.6586517579,0
1.2351212815,-0.7798608825,1
0.0912099569,0.2240797502,1
0.9944752175,0.8232437922,0
1.3377867472,-0.2750245608,1
1.1136955423,0.2463361884,0
0.0707070931,0.8825883539,0
-1.2702187003,0.1588082486,0
-0.1486572890,0.9313388320,0
0.3319750801,1.1171932272,0
-0.3360469196,0.9097969102,0
1.8631284982,0.2275179664,1
-0.2878990818,0.5273724310,1
-0.1844209481,1.1469246873,0
0.0394188069,-0.2420836192,1
-0.9932971004,-0.1961009015,0
0.2748148580,-0.3749167622,1
0.7579949077,0.3383925670,0
-0.7973426286,1.0039073515,0
0.7558700448,-0.7193104838,1
-0.8521476104,0.2990971331,0
0.7979995154,0.1794405884,0
1.9575816101,0.5127831663,1
1.1331975837,-0.3608946329,1
0.6618566757,-0.2154005088,1
0.0587240364,0.8388481985,0
2.2377130640,0.4392747313,1
-0.9449869363,0.3869009951,0
0.1758122747,0.1803595517,1
0.5023757892,-0.9442882582,1
1.5505245702,-0.4312866558,1
0.4531160905,0.9132405943,0
1.8195939228,-0.6205476052,1
-0.1125359674,0.0439765853,1
-0.4158732991,0.8951026924,0
-0.5610817416,0.7103034232,0
1.4389184198,-0.3874146361,1
-0.3774626393,0.6058228246,1
0.6866861283,-0.5090192979,1
1.4861537158,-0.3867567784,1
1.0134951594,-0.5737550486,1
2.0611276232,-0.0663674337,1
1.0357228591,0.1301252672,0
-0.0016709150,1.0362890006,0
-0.2643922406,1.0009319035,0
0.1610459495,0.9477037480,0
-1.0264278275,0.5229901551,0
1.4271945631,-0.5844989229,1
1.4381176471,-0.4940285589,1
0.6318320520,0.4622132353,0
0.5340213705,-0.8338852223,1
0.1956368531,-0.2187391900,1
1.4536829581,-0.4538465345,1
1.0988998250,0.1578572364,0
-0.3656034222,1.0113501218,0
1.7803043991,-0.4237082052,1
0.4218424114,0.1405176780,1
0.5345535003,0.8362239940,0
1.6346275429,0.0943436221,1
-1.2439889476,0.2885987543,0
-1.2960643994,0.4412266183,0
1.7732424308,0.0981649554,1
-0.7212834321,1.2197111476,0
0.6292816778,-0.2781550856,1
1.6706391435,-0.0230326154,1
-1.0026147149,0.3526121832,0
0.8929427708,-0.2093247820,1
1.5747833542,-0.8210395074,1
0.3944528248,-0.2940128846,1
0.9324554507,0.7227370675,0
2.0746257770,0.0712086397,1
0.2944599877,0.7974650318,0
0.6310984909,0.6300411379,0
0.1645844700,0.3793250412,1
1.6782915994,0.3102244123,1
1.0407322411,0.3252738228,0
0.2622798489,-0.5750727697,1
-0.1566964027,-0.0433060608,1
0.9668658764,0.1634232212,0
0.8358643996,0.3677994197,0
-0.9619154167,0.1702722692,0
0.1147309793,0.7385636618,0
0.9220906270,-0.2627359239,1
0.8447126158,-0.4171164631,1
-0.6066077688,-0.0385024218,0
2.2899110564,0.4055637167,1
-0.4839719319,1.1037059467,0
0.9192086353,-0.7013429125,1
0.1667946674,0.9471932718,0
1.4820422581,-0.5957753235,1
0.2007535863,-0.0367347970,1
2.0036204268,0.4093321924,1
0.2120394332,0.7444016379,0
0.2785574480,0.6038156384,0
1.0302532939,-0.3894216515,1
-0.9268196460,-0.0427110776,0
0.2502912184,1.2466995957,0
1.1819788230,-0.3088289712,1
2.5408896803,0.1667244946,1
0.9873597965,0.4616569644,0
0.4167121150,1.0764650558,0
-0.5067186890,1.1121019733,0
-0.1684524806,1.0428820911,0
-0.4226762983,0.6833019629,0
0.9934079010,0.5493780365,0
0.6678988173,-0.2761025184,1
1.4877122583,-0.2152124954,1
1.8560026442,0.6300982147,1
-0.7290444982,0.6168813785,0
-0.2650905782,0.7904134225,0
1.8742788951,0.0475843872,1
0.5661493964,1.1164657318,0
1.0788456872,0.4700268451,0
0.7035605543,0.2124115109,0
0.8914126516,-0.2326480705,1
-0.5401738577,0.8855935723,0
0.4862061870,0.7101832826,0
0.8170163605,0.6356345136,0
0.6170253218,0.7729232160,0
-0.5975898668,0.5718012073,0
1.3305091899,0.4684764466,0
-0.0420564103,0.9895434989,0
0.9140413089,-0.5773781690,1
1.4732519043,-0.6446643406,1
1.2026550843,0.1766191321,0
-0.0096820476,-0.0438141782,1
1.5451618070,0.0766927286,1
0.4621130788,0.7526048901,0
1.0006761425,-0.3966778403,1
1.3860332811,0.2714359044,0
1.5956065818,0.1825732800,0
-0.1622547320,0.1003684627,1
2.4597330739,0.5466940224,1
2.2500710904,-0.0317845771,1
1.2035836221,0.3676701039,0
-0.2617403837,0.9488630533,0
-1.0035482030,0.3201406818,0
0.8813535916,-0.1458809265,0
-0.2715758586,0.6218324924,1
1.0687011298,0.6653915128,0
-0.6967588921,0.4557345153,0
0.1229703980,0.8625434028,0
1.3686184621,-0.1126713194,1
-1.0210347091,0.4737951034,0
-0.8490810425,0.3385975497,0
1.0007953278,-0.2488468585,0
-0.1663500450,0.0572934714,1
0.9537258897,0.8301733825,0
2.5625393457,0.2157691586,1
2.0532175786,-0.2335773636,1
0.8106911615,0.8481521909,0
1.3576594095,-0.2396506671,1
2.2005557563,0.0535064126,1
0.0945046727,0.5298125043,1
0.2712332423,1.2708966862,0
0.2641786396,0.1961722518,1
1.9210685402,-0.0253835134,1
-1.0082657453,0.6742654122,0
-0.0859067125,0.3394934538,1
1.5103522491,0.2175861900,1
0.1527983400,-0.2401731976,1
1.2270627901,-0.6242612234,1
1.8235080906,0.5051150402,1
0.4237069869,0.9175336782,0
-1.1069907455,-0.1925685189,0
2.0093806136,0.4282088955,1
0.5164167803,0.8129594890,0
0.7273947718,-0.5786924505,1
-0.1964421722,-0.0741199456,1
1.0199445961,0.5933341302,0
1.3081941370,-0.4585049721,1
1.8358607139,-0.6954307709,1
0.2363128213,0.2461223228,1
1.0485823560,-0.5449431536,1
-0.5577851053,-0.1852221284,1
0.1472785649,0.4178644112,1
-0.7631438105,0.5332645790,0
0.0440467869,1.2100654452,0
-0.2133813198,1.2076465692,0
-1.0369727111,0.1227094846,0
1.7049662938,-0.7327961278,1
0.2551161239,-0.2125809309,1
2.2760178539,0.6373425309,1
1.0895489754,0.5736114803,0
1.4479600485,-0.0665000204,1
0.2751242560,-0.1135127505,1
0.4352112618,0.7391009431,0
1.7501702428,0.1094936297,1
0.1170808226,0.5214450480,0
-0.1837597677,1.0113389169,0
0.2916744195,0.9602547966,0
2.2054120962,0.0269606203,1
1.7016461878,0.1327568185,1
0.5715111743,-0.4850736838,1
-0.1467759434,0.8764742779,0
0.2605523106,0.7201572883,0
1.4265263889,-0.5913334107,1
0.9583618239,-0.3947281452,1
1.5865403944,-0.7685753600,1
1.7497162995,0.1297665566,1
1.8750092677,0.1364939718,1
1.4976486735,-0.2764266363,1
0.2189093665,-0.0042661066,1
0.4184854976,-0.3907958943,1
0.3450318017,0.0846510010,1
0.0567093775,0.2585219658,1
-1.0545144624,-0.2200548208,0
0.3178452550,-0.3092725416,1
0.5110454270,-0.3566074774,1
0.0610857336,0.1578047605,1
1.0713382029,0.5541706813,0
2.0685564104,-0.0608734037,1
0.6944592812,-0.4461034634,1
-1.2337174908,0.1314925416,0
0.0162853007,0.4131251394,1
0.6070550175,-0.8369164487,1
-0.7918167641,0.7472961374,0
-0.2432733997,1.0812767704,0
0.8455110695,0.6636582028,0
0.8820986008,-0.2782853285,1
1.3640607915,-0.2871152774,1
-0.1923308766,0.9965058462,0
-0.6191906709,0.5273962022,0
-1.0618499378,0.0454849002,0
1.8575855835,0.1204618466,1
0.4172163334,1.0731688898,0
-0.1849887039,0.7655027692,0
0.1840738545,0.5686325710,1
0.1264194856,1.3285406249,0
2.2850676475,0.2565009263,1
0.1304775711,-0.0017402145,1
2.0201293290,-0.0763605349,1
0.4316014023,-0.1477747777,0
-0.7254394273,0.4317493785,0
-0.9850246999,0.2493660498,0
1.8820785800,-0.0668560491,1
1.6294981436,0.0358992851,1
0.6504720510,0.5698556964,0
-0.0325485646,0.1071118266,1
1.1239033246,-0.3702028981,1
0.9644852307,0.0095132838,0
-1.0784859031,-0.0563948621,0
1.2173259231,0.4763097896,0
0.0791466098,0.0462943156,1
-0.5127763461,0.2403689250,0
1.3539372367,-0.3430986948,1
-0.2488954744,0.1943644948,1
1.2632967895,-0.4548143356,1
-0.0204838698,0.3150641730,1
0.5128599089,-0.5795182130,1
1.0223050695,-0.4202946914,1
1.1838221172,-0.5818427774,1
1.3172240823,0.0149449108,0
2.0981127002,-0.5417738763,1
0.2960200483,-0.1130344464,1
1.8264388735,-0.1831275395,1
0.3548613741,0.6454783239,0
-0.6905341257,1.0328396759,0
1.8328439621,0.1663990064,1
1.5495566371,-0.4668556648,1
1.7905577587,-0.5141956360,1
0.5675549106,1.1290315095,0
-0.8459626366,0.6785906513,0
1.8644915599,-0.2175737095,1
0.8082104464,0.1436610477,0
0.7347058898,0.1045834929,0
1.5855883313,-0.6631067297,1
2.0598946142,0.1378099754,1
1.7183761727,-0.3709076063,1
0.5790441259,0.2799278050,0
1.2775049136,-0.4246849823,1
1.5389131574,-0.2386162739,1
0.7848342781,0.8694696112,0
0.4672536708,0.3688681946,1
0.9121290852,0.3916324523,0
0.8426368816,-0.8057755121,1
-0.5891233449,0.9060182984,0
0.4472157104,1.3585452921,0
-1.3322013049,0.2831710501,0
0.3205385898,-0.0494739201,1
-0.1976521053,1.1556606089,0
1.6243133791,0.0395911371,1
-0.9613122332,0.5123324440,0
1.9542321208,-0.1985112552,1
0.7387093033,-0.1509610995,1
0.1990635621,1.2398306291,0
1.1386241900,-0.2731381050,1
-1.1307360922,0.4394422260,0
2.1169180384,-0.6184011444,1
0.6319091145,0.8569895105,0
0.4829375285,-0.2824642411,1
0.1953248479,0.9092356556,0
2.0788894406,0.7861192324,1
0.7357421325,-0.4377890282,1
1.2434497167,-0.1405705706,1
1.3806498748,-0.5317049651,1
-0.2862511069,0.3895959202,1
-0.4446453681,1.0663609603,0
0.2841318239,0.5968607865,0
-0.2258268541,0.3254677625,1
-0.1130771801,0.4838508684,1
-0.7726388223,0.6204800692,0
0.8954478296,0.4511992771,0
-0.9671955842,0.3533370566,0
-0.7324842287,0.8271198656,0
1.2988768002,-0.5964454204,1
1.4148403643,-0.4913653565,1
2.0287193090,0.2573069741,1
0.2800197348,1.3102708640,0
0.2542848666,-0.5754322945,1
0.4782629210,1.0287569512,0
-0.1271194086,0.2844737668,1
0.8730918181,0.1733820987,0
0.6437302060,1.2446070844,0
1.4420410628,-0.2151440599,1
1.9463952370,-0.2177548897,1
1.8525869103,0.2816476567,1
2.0107659024,0.0270363634,1
-0.6117209425,0.5299847429,0
0.0980450159,0.7357184169,0
-0.6509785577,0.3955670448,0
0.2047235621,0.0855506257,1
-0.8063104129,0.8768381245,0
1.3861682171,-0.5241988608,1
-0.0071095281,0.1209823137,1
0.0329604732,0.0595841884,1
-0.8183763242,0.6130490209,0
-0.8545988025,-0.0741473018,0
-0.0234801966,-0.1580523242,1
-0.8197628241,0.9844614310,0
0.1971725140,-0.7544298807,1
-0.0632140007,1.0733140427,0
-0.4545277944,1.0238491809,0
1.6228046611,0.1147996424,0
-0.9442254879,0.1544901563,0
1.7196667350,-0.1573999038,1
0.7989443305,0.1989898958,0
0.0671170735,1.1026586309,0
0.3297026220,0.7243308220,0
0.6000775952,0.3371705223,0
-0.6442483026,0.2216097079,0
1.9428046071,0.2480242799,1
1.6848475026,0.3657078589,1
-0.2216965333,0.6418785382,0
1.9173390412,0.4470959888,1
2.0415057861,0.4425193229,1
1.8324072210,0.4589447373,1
1.0529776107,0.9864847382,0
1.3071816167,-0.6624848404,1
-0.2568870893,-0.3494189555,1
-0.0749737443,0.2831165122,1
1.3047667808,-0.3075428170,1
-1.2918568129,0.2971017642,0
1.0867648526,0.7947727275,0
0.5886167317,0.4256597787,0
0.0211722437,0.0414104016,1
0.0404517240,-0.2551894721,1
0.0128677906,0.7725729131,0
2.2268075357,-0.0860891399,1
-0.8301085465,0.2877084960,0
-1.0807259062,0.2545802491,0
0.4381634390,-0.0146572189,0
0.5032701900,-0.5952135354,1
1.5485623977,-0.2453984542,1
-0.8430963494,0.5749601416,0
-0.9069023179,0.5474482430,0
1.0808744941,0.3544852425,0
0.8345365587,0.5540362020,0
-0.7079411578,0.8905745434,0
2.0163539969,0.0180380687,1
1.1406589780,-0.2903281555,1
-0.5140248114,0.7481620459,0
-0.0111399344,0.3836662408,1
1.8289132100,-0.6514009982,1
-1.2466983452,0.7315598454,0
-0.0526012411,0.4292000822,1
0.5271753600,-0.4580054233,1
0.7020074778,0.1080381961,0
1.8434335952,0.1324235522,1
-0.8681379875,0.1247451252,0
-0.3692419331,0.9982200097,0
-0.2305376294,0.2305251586,1
0.0751674843,0.5505526162,0
-0.7828410375,0.4044145217,0
1.8902787047,0.3930667796,1
1.8154407214,0.4295373000,1
-0.5348209886,0.3430802472,1
-0.9188059235,0.5257193688,0
-1.1841700440,0.4328619880,0
-1.2907643163,0.3726824132,0
1.1546230858,0.0116120185,0
1.8139358153,0.2778194993,1
-0.6099841902,1.0443034136,0
1.6785441515,0.0252362218,1
-0.0084755303,1.1383996407,0
0.1647311414,1.0874425730,0
0.8583491912,0.1209495151,0
1.4589868352,-0.2586907355,1
0.8445347617,0.2458693063,0
1.9330109558,0.4913191627,1
0.3736480992,0.4597927657,1
-0.7476973064,-0.3729271774,0
-0.5875001604,0.2858869250,0
-0.1505300926,-0.2192964761,1
0.1587461689,-0.4059474147,1
0.0696296650,0.2195521208,1
2.0587602798,0.4627748282,1
1.3758961360,-0.5077861094,1
1.1610799567,-0.5926992846,1
0.9565629430,-0.1591347939,1
0.3658024778,0.2706708100,1
0.5455547190,0.2205213486,0
-0.2242465593,0.1762849211,1
0.2460235402,0.6822644204,0
1.7539333407,0.0590244672,1
1.1140800375,-0.0715041823,1
1.0620092085,-0.4262290374,1
1.0648874458,0.7613834734,0
-0.6140617756,0.8248236793,0
0.8864331439,-0.0950373205,1
0.4245596980,0.1183826351,1
1.5238288695,-0.7050879176,1
0.7251896247,-0.4046766620,1
1.1736463765,-0.0708450070,1
-0.0596980075,0.9878596380,0
-0.6350310483,-0.0201262408,0
0.5995039200,0.7803130119,0
0.6913065992,0.5184461278,0
-1.2872264315,-0.1062676823,0
-0.8324335510,0.2076408262,0
1.6524445414,0.0174353217,1
-0.9836687162,0.5031581441,0
1.9638006434,-0.4742190163,1
1.1929461481,-0.9429258598,1
0.4038818739,1.1976744644,0
1.6189401062,-0.4833698069,1
0.3621918449,0.2853240415,1
0.4845116910,-0.4053937531,1
1.5134363382,-0.5116095464,1
0.6802009375,0.0060403372,0
0.1323928614,0.4766694518,1
0.7832949660,0.7596213626,0
1.5478190015,0.1002697238,1
1.3004789480,-0.0194431139,1
0.7436205472,0.4494221736,0
-0.5731126543,0.7646683147,0
0.7353124325,-0.7260290292,1
1.7975665395,-0.2440548250,1
-0.5488785985,0.8366380719,0
1.3660905067,-0.2920690518,1
-0.5766250299,0.2915792467,0
0.5166523248,0.8483486783,0
1.3531837585,-0.5006377321,1
1.1329787217,0.1412378981,1
1.7562712693,-0.8729107294,1
-0.9382483373,0.2747706658,0
0.8622196325,0.6058334137,0
0.8978731334,0.3232024377,0
-1.1794190322,0.3411334880,0
-0.0652190456,1.2857832580,0
-0.3727095679,0.6410930750,0
0.9900439564,-0.2210442120,1
0.3678459825,-0.3514167660,1
1.5183879515,-0.1105735462,1
-1.1515939673,0.2090132576,0
-0.7410262064,0.7677864245,0
1.2107697605,-0.6387514473,1
-0.1065915196,0.3243097904,1
0.6535319881,-0.3869285252,1
1.8718301256,-0.2914577578,1
0.5665713124,-0.4014342437,1
0.6506321420,0.0665534309,1
0.9308670061,-0.2975364715,1
1.4539857602,-0.2544433359,1
1.1952627529,-0.6556898935,1
-0.8767216773,0.5148681019,0
-1.1413270793,0.4987771174,0
-0.9708449217,0.3574186893,0
1.1913536849,-0.6074140572,1
1.0486803535,0.5285363226,0
1.2399881324,-0.2528289551,1
1.2672826614,-1.0030268342,1
0.8723010909,-0.7672111252,1
0.1316867724,-0.3079653667,1
0.0990877383,0.1799047299,1
0.7529839730,0.1981197549,0
1.7122060582,-0.5210515099,1
0.2319909235,1.1234042656,0
-0.7107834059,0.4570131290,0
0.0652581474,1.3865875174,0
-0.0568551648,0.6558899486,0
-0.3355602052,0.7191016254,0
1.1820838135,-0.1314307371,0
2.0416479616,0.7274596892,1
1.1047558929,0.5039666791,0
1.0746341230,-0.6933957838,1
0.2256056435,-0.1215707859,1
1.7219736648,-0.4820132645,1
0.1995431208,0.2035617686,1
1.9260944986,-0.1240559993,1
0.0560248528,1.1236531288,0
-0.3865692687,0.7544774501,0
0.2450811321,-0.4044572640,1
0.0646707006,0.4733499542,1
0.2049293555,0.9949730531,0
-0.7988237110,0.9192109222,0
0.1589794981,0.3694077850,1
0.7739816807,0.0301227687,0
1.1538150957,-0.3051344817,1
0.1989754664,-0.5020158945,1
1.0725679223,0.2937609228,0
-0.1472348572,0.3779126411,1
1.4723837661,-0.0311305778,1
-0.3400656729,0.4385136411,0
-0.9111764873,-0.5730585327,0
1.6673339789,0.4818901789,1
0.8558094030,0.5663295617,0
0.0992920377,0.6684476979,0
2.0407941957,-0.0790782222,1
1.7194935696,0.0267177574,1
-1.2053670360,0.0543309191,0
0.6668522504,-0.5405824518,1
2.0742507438,-0.0041899544,1
1.0889837252,0.7050960787,0
2.1040647924,0.3932265982,1
0.8002031928,-0.1996646309,1
0.3489151509,-0.2579491671,1
0.1521912650,1.0417170336,0
0.4461287189,0.5555216742,0
-0.1490826494,0.6876115760,0
0.5731065059,1.4267547607,0
1.7911639716,-0.0813124490,1
0.3061729680,0.6952551481,0
-0.4400588592,1.2997685545,0
-0.6146297492,0.7506808399,0
2.0328466448,0.4929880337,1
0.3369472017,-0.3353409921,1
1.1006926888,0.3850889013,0
0.1816742155,-0.1120057947,1
-1.2476564856,-0.1257615982,0
0.4764816018,0.4701498676,0
1.1200339424,-0.1808873497,1
1.6017457336,-0.1912750694,1
0.0448355445,0.1096188409,1
0.5434254881,-0.2158407702,1
-0.1215748958,-0.3634652993,1
-0.4649277049,0.8141191857,0
-0.0377200508,-0.0934679173,1
0.4941855198,-0.2907544268,1
0.1955233011,0.1537129821,1
1.7679176261,0.0571401392,1
-0.1032366949,0.8219257686,0
0.1306447178,-0.2527130576,1
0.4020793398,0.2885864948,1
0.2780495776,1.2211304942,0
-0.7331338700,0.5761112911,0
-0.0063961571,1.3674369183,0
-0.0557979047,1.0918226291,0
0.7756735308,-0.0377556468,0
0.9966457335,-0.1476435872,1
0.3395566039,0.0484181493,1
0.6605766034,0.4702597229,1
0.0944642250,-0.2158184818,1
-0.6119335155,0.6843687982,0
1.8625326567,-0.1050895846,1
0.6712876929,-0.2732634349,1
-0.0726384602,0.7912726212,0
0.3305292307,-0.2774423614,1
-0.0423153797,0.6185264727,1
0.9968370448,0.3685937087,0
0.8791968976,0.7426396432,0
0.3249744373,-0.2145807007,1
0.1780207962,0.6769949479,0
-0.6271981357,1.0032848061,0
1.4246606022,-0.1164267674,1
-0.5892762150,0.1763050719,0
0.2355868876,-0.7399895091,1
-0.3806003595,0.2754578611,1
0.9227563509,0.2173848603,0
0.1392716813,0.5753108861,0
1.0215960196,0.3979717615,0
0.3378322068,0.2819602873,1
1.8945421491,0.1334069876,1
1.3561744235,-0.1896319459,1
1.0473192038,1.0589757732,0
0.7056211090,0.6740795485,0
-0.3373186953,0.9676058769,0
1.3636352374,-0.3518733017,1
-0.1458071965,0.5723695181,0
0.9938936458,-0.4222633060,1
0.6122180809,0.3520896764,0
0.8196985671,0.5142391594,0
-1.0284440418,0.6751470319,0
1.9406928992,-0.1718086749,1
1.0509307425,-0.2007911290,1
-0.0053131929,0.1756469756,1
-0.1159625612,1.1766328716,0
-0.2912534188,0.4478430511,0
0.6740387916,-0.2327287096,1
-0.3820715679,1.0768888909,0
-0.0362594896,0.4426343765,1
2.0803256000,0.1830450564,1
0.1467867329,-0.3115994478,1
0.0895136940,0.9390446937,0
-0.3369556102,1.0132744191,0
0.3822543159,0.6973307496,0
1.0392345693,-1.0530621725,1
0.8653562579,0.4583926856,0
-0.9616606465,0.7114130021,0
-1.1420447895,0.1140025451,0
1.3211809024,0.0819258986,0
1.9086277329,-0.0859669189,1
1.3716132585,-0.2806382294,1
1.8397730857,-0.4189194606,1
1.6642956969,-0.1706205400,1
1.7056464005,0.2328955802,0
1.6950356323,-0.1845304358,1
-0.7382674557,0.7705415404,0
0.1198350220,-0.4937919054,1
-1.1719525756,-0.1256245189,0
1.5669691292,-0.2160506707,1
0.4414242933,-0.2745249247,1
1.7307702486,0.1004665340,1
1.6968114769,-0.3963801364,1
-0.2308563979,0.3670002832,0
-0.6877461941,-0.0565904569,0
1.8934827797,0.5089792573,1
-0.0179073850,0.8632214170,0
1.0276752454,-0.0166350847,1
-0.3197007200,1.1208767858,0
0.4833221040,0.3574315484,1
-0.7394899634,0.5594268600,0
-0.5402887579,0.4644928495,0
0.8467008000,0.1959684362,0
0.6445927791,0.7669632085,0
0.7727937581,-0.1024002383,0
-0.3301273167,0.4767922357,1
-1.2353818846,0.5005728556,0
-0.4242057714,0.3683433383,0
2.0510611870,0.3114454868,1
1.0629613038,-0.2496553723,1
-0.3942287917,0.0769397415,0
0.0747929362,0.3870760542,1
1.7549581195,-0.3103581216,1
1.1430697815,-0.4170167708,1
0.6772403096,-0.1186407346,1
1.9977966749,0.1365840789,1
-1.0245244672,0.1981609499,0
0.2111814634,0.9519878827,0
1.1263085885,-0.6637636102,1
0.7187474981,-0.4878391300,1
0.6975254730,0.2831879781,0
0.1698943620,0.7986861098,1
1.4951424834,-0.0982133525,1
2.0297498456,-0.5353563768,1
0.3290962549,0.9000695930,0
-0.1251489506,0.9596387422,0
1.6001814902,0.4009197340,1
1.4893160057,-0.3374848394,1
1.0910622801,0.3971960168,0
1.3880046333,-0.5856376299,1
1.1347506499,-0.5286944260,1
-0.0051725345,0.3138229767,1
0.9130661490,0.7139823117,0
0.4420216068,-0.5102162118,1
-0.6826467862,1.0931562188,0
0.3432963800,0.0565983569,1
-0.3371705765,0.2152301718,1
0.1811514152,0.6025048645,0
0.6233514067,-0.4397400826,1
0.6990953249,0.4866879522,0
-0.7006514935,0.6477426390,0
-0.6683681953,0.7086579712,0
0.6583387020,-0.5725970074,1
0.7352106531,-0.0882923286,0
0.2827141024,0.1476381517,1
1.2170366774,-0.2457188683,1
0.8214966506,0.1801987432,0
-0.3800280303,0.6800499074,0
1.2022083520,-0.4327332388,1
1.4936590263,-0.1742078760,1
1.0721400074,-0.4308472668,1
0.0762276082,0.8489089549,0
0.4797213234,-0.2711194540,1
0.7964096234,0.5847394565,0
0.3797539569,0.9737172475,0
0.0183909151,1.2735976809,0
1.9525615801,-0.3254291696,1
0.2889833344,0.3117519954,1
1.1307420858,-0.1552105105,1
1.8747926909,-0.0095106094,1
-0.3667495106,0.0023974998,1
-0.1091870372,0.9324348746,0
2.0839088685,0.3244573703,1
-0.2651941801,0.5941645971,0
-0.3335067057,0.1979229795,1
-0.2185764382,0.8413847337,0
0.0143216096,-0.0281214530,1
-0.2495087165,0.8450794583,0
0.5085410145,1.0418395303,0
1.1308964220,0.4280295362,0
0.6500607835,-0.3096913613,1
1.7070211088,0.3510431222,1
0.9488098824,0.2512319011,0
0.6080532548,0.5573672015,0
0.2904283175,0.1303578991,1
1.0446189248,0.3754350513,0
-0.2466852173,0.7097473984,0
0.3452089430,-0.3674774763,1
0.1950392156,0.9138539713,1
-0.8989901304,0.2238766172,0
1.3737646134,-0.4212073667,1
0.5311915614,0.8986584032,0
1.3747900156,0.7158251711,0
0.6004203880,0.2924388960,0
1.0384984082,-0.5761730650,1
-0.2325064604,0.9701529379,0
1.8341324961,-0.0237724558,1
1.9029118187,-0.1207992295,1
1.6880438692,-0.0958645597,1
1.1192715882,0.3351396636,0
0.2483309431,-0.1020666623,1
0.7638380347,0.0014735550,0
1.1261384164,-0.5244743428,1
0.7667301978,-0.7856760541,1
0.0986180852,0.2948278395,1
1.4040416443,-0.0863813772,1
-0.4270140915,1.2209422391,0
-0.8982455050,-0.0701412098,0
0.2695609670,0.1539432429,1
-0.9576465945,0.3495060756,0
0.5876404483,0.4363264933,0
1.3965312682,-0.2101462610,1
2.1156694496,0.4506124909,1
2.0466324771,-0.0560952261,1
0.1485875961,0.2776242804,1
0.1682699461,0.7239399817,0
0.2291090484,-0.0812650045,1
0.6869717774,0.6349657356,0
1.7907876133,-0.5379579657,1
-0.7699804286,0.4881435091,0
0.9032927302,0.4831842046,0
1.1913715851,0.0066233682,0
-0.4277894264,1.1172818647,0
0.5959968218,-0.2609394626,1
-1.1802250707,0.0632707680,0
1.0630554459,0.0916795483,0
0.2770676774,1.1245208912,0
0.9229393252,-0.2786074983,1
-0.6570180649,0.6126769406,0
0.0655223246,0.0322884231,1
0.5804738046,-0.5441280649,1
-1.1736966723,0.4597860544,0
-0.1698493416,0.6590511014,0
-0.6347392375,0.9227210302,0
-0.9711493642,0.5419211810,0
0.9029190569,0.9898416884,0
0.8637042041,1.1191868008,0
0.4694472180,-0.1899025025,1
0.6970866125,0.8327924940,0
-0.1380352858,0.5254846869,1
-1.0675152220,0.5910451932,0
1.7259485751,-0.1184630142,1
0.7603913623,0.9268915825,0
0.4597535673,0.6798377273,0
0.1018950421,1.1886917763,0
0.3172160981,-0.4873435220,1
1.9282796661,-0.1091217095,1
1.2309413749,-0.7258079608,1
1.8069168067,-0.1329030625,1
-0.2678758342,0.9834254853,0
0.5695235870,-0.2024491374,0
-0.7551372930,0.8737845718,0
-0.7604737100,1.0530465668,0
1.8190112879,0.2499573233,1
1.3856627152,-0.5892635438,1
0.8463705202,0.7540757253,0
2.0109417601,-0.1135154152,1
0.9154863287,-0.0074991203,1
-0.1330299434,0.4266015543,1
1.2307802943,-0.3891565957,1
-1.2441819632,-0.2298100585,0
0.4724250378,-0.4180734559,1
-0.1577975365,1.0422561897,0
0.2688040785,1.0193770720,0
-0.1645219377,0.2459006288,1
-0.5339183170,0.9501135419,0
-0.8509080219,0.6298137065,0
0.4084132128,1.7377152326,0
0.5997368770,-0.0843171313,0
1.1811180710,-0.3244014427,1
-0.7225332831,0.8960408894,0
1.9326456595,0.3947847027,1
1.9653586602,-0.2218876226,1
-0.9680211452,0.5466109718,0
1.6158881132,-0.1311305910,1
-0.1075114788,1.0735047342,0
0.0850589869,-0.2476085075,1
1.0056423448,-0.3628035585,1
-0.1072786755,-0.2969472075,1
1.6115329537,0.2756076416,1
-0.9637339796,-0.3114385083,0
0.5985980348,0.1905322836,0
1.7961329104,0.5064233265,1
-0.3006022118,0.2180948796,0
0.9835283794,-0.2149471953,1
-0.7887144397,0.0451027536,0
0.3279339584,0.1092882009,1
-0.9905255088,0.2126105745,0
0.3873114119,0.0309479838,1
1.9803989662,0.4466567217,1
1.9799452946,0.2303977860,1
1.0705009095,0.8889712477,0
0.6902659807,-0.4092288250,1
-0.4401023018,0.5472012519,0
1.2046234127,-0.1633208700,1
0.6533547499,-0.1550099646,1
1.6881764980,-0.1445119283,1
2.0957644909,0.3736436562,1
1.3457416174,-0.9276089022,1
-0.1324678676,0.8885714607,0
2.1021371089,0.7165813593,1
0.7181510925,-0.2705512059,1
-0.4942583970,0.1453910166,0
-0.6501535512,0.5899177073,0
0.9711858627,1.0245205405,0
-0.2798918878,0.4974269069,1
-0.7696472393,0.1673143020,0
2.0781712714,0.3480250000,1
1.0078761575,-0.7990334659,1
1.5536034269,0.0403375720,0
1.6989876427,-0.2147738602,1
2.2169842530,-0.1366254497,1
0.2148012344,-0.1045530325,1
-0.0875586064,-0.4846432200,1
0.5109858571,-0.2052616559,1
1.0829754381,-0.5883669009,1
0.9174231839,0.6248002887,0
0.0336392168,1.5573747861,0
1.6938640115,0.0405615721,1
1.9861861811,0.0303211613,1
1.1603802533,-0.2521098876,1
0.6840893633,-0.2573693280,1
0.8034974437,0.6058021265,0
-0.8327020329,0.6407392079,0
0.8365776006,0.8204254305,0
-0.8385333734,0.3511436310,0
0.5086850258,0.6998443944,0
1.6816674602,-0.2139685506,1
0.7786404699,0.5678965855,0
0.8959848312,0.6615170919,0
0.6098907841,-0.8518177478,1
0.1850880999,-0.1882697257,1
-0.8671675629,0.4985110730,0
0.6505754349,0.1559709200,0
-0.4145601270,0.8604710369,0
-0.0604532565,0.5474813404,0
1.1737323127,-0.5194319583,1
1.9527732621,-0.0763816546,1
-0.0799125656,0.9050803259,0
1.5774893510,-0.4489223779,1
-0.7099557679,0.5592542106,0
-0.1089843753,0.0380290598,1
0.2488367799,1.0283484267,0
-0.8113541251,0.7477584276,0
-0.0912758624,0.8656284079,0
2.0832860551,0.4440373368,1
-0.2326535836,-0.4439749108,1
0.6436508211,0.4314079993,0
0.1468740013,0.6072124625,0
2.0614856605,-0.0378615227,1
1.5254933019,-0.4677229227,1
0.4141779962,0.4351654413,1
0.1380780733,1.4107836144,0
0.2791838352,0.8835489169,0
1.0188981862,0.2222567431,0
0.9809511233,0.0935864709,0
-0.8502669207,0.1728416887,0
2.0278477156,0.1351612279,1
1.9760012593,0.4332300822,1
-0.3309335516,0.1465929403,1
-0.2089145247,1.2758837611,0
-0.2715822954,0.7178862992,0
-1.0992862436,0.2685397478,0
0.4391493628,0.7093645663,0
0.0410010187,0.3298879113,1
-0.7885538576,0.7072410291,0
-0.8610115943,0.8311467707,0
0.4510356401,0.4549074324,0
1.2293305305,-0.8760036689,1
0.7928986088,-0.2455166400,1
1.4541367407,0.0771325004,1
0.3416694589,0.9283154740,0
0.2934500371,1.0225232912,0
-0.4399047376,0.6303009912,0
0.2352767984,0.0338653598,1
1.0775488364,-0.1577762197,1
1.8136928511,0.1247908914,1
0.6343100623,-0.3908595703,1
0.5207043673,0.7732493002,0
1.8037980878,-0.0132419319,1
1.0234364105,0.3038427735,0
-0.9394811844,0.4966782538,0
0.9304725488,0.5114872411,0
1.8578736509,0.0003561981,1
0.7386741416,0.8137971605,0
0.9563757039,-0.2317629726,1
-0.0557549276,0.9809946188,0
1.7844039455,0.2641987755,1
-0.1453435497,-0.1366713413,1
1.1607403268,0.5066217853,0
0.6506299562,0.7842968043,0
2.0017850458,0.0806876467,1
0.4584460559,1.0345226219,0
1.5384022330,-0.2968848525,1
0.0318428336,0.4173183142,1
0.1698997707,0.1510183344,1
1.9760972962,-0.0936657244,1
0.3365155834,0.8285276260,0
0.1494830053,-0.3121397963,1
0.5626224010,1.0901017517,0
1.5120859350,-0.1407587395,1
0.7073190245,0.9612504893,0
1.6502359040,0.3418430130,1
1.6488613554,-0.4017985651,1
1.7423041854,0.2604541463,1
0.2458965618,0.6871616056,1
0.3383504259,0.6853110355,1
-0.9899849717,0.5188597449,0
-0.4510958383,0.9857129634,0
-0.6709146843,0.6649343642,0
1.8769529143,-0.6457780692,1
1.5121882714,-0.3603715226,1
0.7084074793,-0.7494948339,1
0.3890104334,-0.2078433434,1
1.1061629139,0.3186613003,0
1.5344591374,0.2359566705,1
0.7405052968,0.7708001894,0
1.0364696344,0.7182144250,0
0.8630431481,-0.1738078942,1
0.4506754874,-0.4224720570,1
-0.8621653374,0.0447039189,0
0.4539429240,0.7110313089,0
1.0934337228,0.1374241597,0
1.5955698752,0.4114042461,1
0.4016967312,1.2149451406,0
0.1606280253,0.0462913565,1
0.4109004487,0.9665541675,0
0.9913821777,-0.2713077550,1
0.4313799154,0.8837542827,0
0.1989141322,0.0549032732,1
1.8313113746,0.1010322475,1
0.9637515007,-0.3681585899,1
0.6324705697,0.9673958505,0
2.0317380198,-0.0944216121,1
0.1305853660,0.8210735256,0
0.2454828133,0.2261602150,1
-0.0470832030,0.7768988473,0
0.1597466052,1.2846393200,0
0.9368903537,-0.7344031124,1
0.9430035208,-0.5672329585,1
-0.9884331862,0.5676760479,0
-0.3033776919,1.1114700675,0
0.1933957196,0.8008148893,0
0.8453001544,-0.5097635637,1
0.6371211252,0.9773690907,0
-0.5053589277,0.7725621552,0
0.6049556906,0.5114412025,0
-0.7871409417,0.6615005897,0
-1.3541581540,0.4982473712,0
0.1215845256,0.6257277196,1
2.1705475131,0.0663384662,1
-0.1148007155,-0.0783504496,1
-0.3627603163,0.8146567343,0
0.5241265412,1.3124181100,0
-0.4791402028,0.8042163084,0
-0.1903461629,0.9560043659,0
1.7063683125,-0.3470173696,1
0.9477084154,0.3998230864,0
-0.3581768285,0.9426894198,0
1.6895128293,-0.5977123191,1
-0.6395746395,0.6677820757,0
1.5975398736,0.4328827644,1
-1.2183845022,0.1420307893,0
0.7630643194,-0.3247381927,1
0.9243217979,-0.1779016819,1
0.8098332338,0.6154905668,0
1.1624149533,0.1011641109,0
0.0188969031,-0.1563117131,1
1.7507063312,0.3084522665,1
-0.8204878060,0.6016290621,0
0.3884617938,-0.4215408354,1
1.0529430693,0.3237399044,0
-1.1210271099,0.3674555942,0
0.4378100284,-0.4540666745,1
0.9441401752,-0.9568927046,1
-0.2422418517,0.3609724400,1
1.3901972612,-0.3396324160,1
1.8251197617,-0.0451029843,1
0.2522137295,-0.4403006557,1
0.3699908316,-0.1089408727,1
0.3744689986,-0.6198379794,1
2.1935125091,0.1031509466,1
-0.6345206414,0.9510735784,0
0.5862726200,-0.6335210921,1
0.0733289928,0.9065115342,0
-1.1126427639,0.1607288979,0
-0.2898662704,0.9233954318,0
0.8462829572,0.3636645263,0
0.6668943040,-0.0047829675,0
-0.1402366818,-0.0577023163,1
-0.6545325674,0.6586583654,0
0.5507564011,-0.3760799054,1
-0.8614994555,0.8131720648,0
1.5413086037,0.0588545616,1
1.4472531583,-0.8072506910,1
-0.2885087437,0.5909905542,0
1.0311404690,0.3416313314,0
-0.4198062400,0.9465362322,0
0.4986043849,-0.3399433992,1
-0.0658503939,1.1362232788,0
-1.2087846777,0.2819097713,0
-0.0637361489,0.1569875695,1
0.1200417818,0.4032056678,1
0.8539342965,-0.4421283429,1
0.5406782675,-0.4509594895,1
0.8766776567,0.3216579708,0
0.8437860699,0.4261015276,0
-0.7288697220,0.6673797778,0
1.1700701623,-0.4912087514,1
-0.9178415248,0.5305167383,0
0.6925906115,0.4690796916,0
0.0777670694,1.3501640101,0
1.5232116852,-0.3694684403,1
1.7646125928,0.0697319793,1
0.2366610390,-0.1000832041,1
0.3149582798,-0.2767030571,1
0.8541408028,-0.3605649096,1
-0.8402509073,0.8988640235,0
1.8738239177,-0.0126589846,1
1.0389187843,0.2339899233,0
-0.4884604263,0.3540341260,0
0.6226393910,-0.4242295542,1
1.8442656337,0.2171906525,1
0.2637808478,-0.0505558929,1
-0.9971240294,0.0586407632,0
-0.1995686204,1.5273659240,0
1.6354467512,-0.3548064665,1
1.8208052971,-0.4446987955,1
-1.2806927242,0.0498663706,0
1.0845098163,0.2291118636,1
-0.0674208357,-0.0511612735,1
0.7750419676,0.3866197213,0
2.2304479807,0.3728683204,1
0.2484428828,0.8340366371,0
1.8619932661,-0.0375944365,1
0.0220675073,0.3654438488,1
0.7256361776,-0.7354567613,1
-0.0143819499,-0.1618604218,1
0.2656138523,-0.4364309772,1
-0.9999295092,0.1912573745,0
0.4573964171,-0.3396816940,1
-0.2057529265,0.8285007035,0
0.2303817916,-0.4727747101,1
-0.9579469372,0.2695195355,0
0.0791716756,0.5218098178,0
-0.5694719469,0.6287330363,0
1.7763983603,0.3385010018,1
1.5898950630,-0.1227804949,1
2.0525140594,0.2233130989,1
0.4792418401,0.7180870134,0
0.7936115616,-0.6811402982,1
2.0338670463,0.2024136324,1
0.0681725031,-0.6471715876,1
0.4326720976,0.7511230942,0
0.6638790552,-0.3374682824,1
2.3600617475,0.1583911656,1
-0.9687671473,0.4058495782,0
2.1783675143,0.4094932624,1
-0.0030018974,0.5643878098,1
-0.3962772009,1.0327040214,0
0.3624145571,1.0104082421,0
0.1527208221,0.0093361001,1
0.6402374755,0.2100975467,1
-0.7974799873,0.6752734973,0
1.5277532015,-0.0064036368,1
0.8720906931,0.1750445356,0
1.0644714355,-0.0724577794,0
0.7916324433,0.3246422331,0
-0.3124534364,0.7937575662,0
0.3113582850,-0.3304294922,1
0.9760019325,-0.7383317146,1
1.2891630455,-0.3486735834,1
1.7703257780,0.3037513860,1
-0.3405417378,1.2636947157,0
0.6542323842,-0.8801202517,1
-1.0052820811,0.3511418378,0
1.3923667108,-0.4089714673,1
0.0185469829,0.5356778791,1
1.7103186474,-0.3622864928,1
1.9908729646,-0.3014687029,1
0.9408903114,-0.5188544379,1
0.6949736199,-0.1551915667,1
-0.6593590986,0.8098129127,0
-0.9255437349,0.3014620976,0
0.5453838507,-0.0723559825,1
-0.9285023291,0.4477681395,0
0.2125485654,0.8540007561,0
0.4888573496,0.7303392057,0
0.3234413126,-0.2505746913,1
0.9646472694,0.3159469475,0
-1.1307455660,0.7228893117,0
-0.7439791561,0.8614956691,0
0.1594962965,0.8377278346,0
1.8258495284,0.0613844736,1
-0.3382952878,0.9793796500,0
1.5134982042,-0.3456874387,1
0.4511676606,0.1302884910,0
0.8193148822,-0.2640432342,0
-1.1261674771,0.1476297653,0
1.7252761366,-0.0223325656,1
0.2312066150,1.0372986810,0
0.7373631626,0.4489168420,0
-0.4311281118,0.3734574860,1
-1.0458092675,0.3514608634,0
-0.4524259596,0.8296944660,0
-0.6512754104,0.0549224437,0
0.8326360129,-0.7919987930,1
1.8250016550,0.2104472540,1
-0.4072602284,0.7589310894,0
0.4648941834,-0.1653551552,1
-0.8051182599,0.8454382723,0
-0.9887281673,0.2387500963,0
1.1255078846,-0.7453140910,1
-0.1264288194,1.0325290907,0
0.9950831677,0.0530555099,0
-0.2954589317,1.0733324828,0
-0.3139903982,0.0125357342,1
-0.0476113143,0.5782059613,0
-0.0029674630,0.2575357825,1
-1.0384555761,-0.1242068359,0
0.9501875354,-0.2862914973,1
1.4756770564,0.0679687403,1
0.3528285975,1.2177922938,0
0.6520146316,1.2251513748,0
-0.3662416663,0.7751689041,0
1.6532278887,0.3384828541,1
0.5473936836,0.3717360977,0
-0.3181516650,0.7310398201,0
-0.0771434431,0.3766994210,1
0.2611061299,0.1699591871,1
1.8739048932,-0.3216253381,1
-0.9080720488,0.4017746594,0
1.9305837870,0.2427194418,1
0.0897234537,0.1113340313,1
1.3595285506,-0.3783103650,1
0.5610000965,-0.3211740530,1
1.1299451098,0.1284850871,0
-1.0269261527,-0.0103080095,0
-0.9929784150,0.5649452867,0
0.1415046948,-0.3678546632,1
-0.5950981612,-0.0681426580,0
0.5727513233,-0.1957006209,1
0.7434472912,-0.1888651813,0
0.5989116777,0.7100656773,0
-0.5389706754,0.2985226230,0
1.6363450825,0.1055557638,1
1.6093651775,-0.0492841304,1
0.5120702886,-0.4236165340,1
1.6292608580,-0.4190288992,1
-0.1417162484,0.8366426474,0
1.1883427124,0.4402839383,0
1.9774179420,0.1127095415,1
1.1546369539,0.1642308673,0
2.0273240214,-0.4458054472,1
2.0706723328,-0.4626784670,1
0.6017658159,-0.7820955817,1
1.4593996167,-0.2895826422,1
-0.7222423128,0.5217567616,0
0.1188516135,0.9111475787,0
0.0645489588,0.8193864313,1
2.2063018100,0.0657394266,1
0.5588009078,0.6585176695,0
-0.0594067630,1.1548113455,0
-1.3069655009,0.1988643799,0
-0.5329420949,0.9515226172,0
1.0235882547,1.1512538739,0
1.5704145880,-0.0712599193,1
0.5644379853,-0.9987865835,1
0.4074787573,0.0304405172,1
0.9342432886,0.0176822700,0
1.4907537321,-0.8676854918,1
-1.2409993832,0.0788857687,0
-0.0728240626,1.0870063711,0
0.6186980085,0.8554896867,0
1.0374877175,0.1935228924,0
0.0198647639,-0.2010135211,1
1.1038898539,-0.0410725617,0
1.1244114207,0.1521328789,0
-1.0012806065,0.0578666424,0
2.0459182265,0.2976155836,1
0.4530556881,0.5722983423,0
1.3249274582,-0.5475269857,1
0.1036238040,0.1713771416,1
-1.1147532989,-0.3616104021,0
1.5984431874,-0.1455994011,1
-0.1506248363,0.5338334865,0
0.2634136364,-0.3863259426,1
0.4115419122,0.0202571100,1
0.2744261371,1.0378483514,0
1.0159023426,0.8889832190,0
-0.5409440044,0.5983036576,0
2.0708583808,-0.3056121543,1
-0.0433931892,0.8967376648,0
1.9591181826,-0.0391484109,1
-0.9496246086,0.5073948161,0
0.7969426301,0.3949270404,0
1.5822069037,-0.4522060075,1
0.6784500663,-0.3324842761,1
-0.2066251126,0.8399594160,0
0.6109283478,0.3553094541,0
-0.3515136791,1.1976938542,0
0.0123092508,1.1104898198,0
0.1806474606,0.1431555703,1
1.2736043734,-0.7383015824,1
1.8383139873,-0.2063420087,1
1.4387186796,-0.3853055362,1
-0.5688406485,0.6330851343,0
0.8251442640,-0.5522363256,1
-1.2290877407,0.2590100657,0
1.2737710290,-0.3702027246,1
0.2715279170,0.0382581448,1
0.3192652053,-0.2763328977,1
1.4862625949,-0.2521197701,1
-0.2467459604,1.1975204508,0
1.5122264596,-0.7377225414,1
1.1514713729,-0.0780165363,1
0.0067554270,0.8559754901,0
1.9037500682,0.3944670136,1
1.0939184884,-0.1687638920,0
0.3004035114,0.1006530828,1
1.0029163604,-0.5681295718,1
-0.5843606172,0.2674644837,0
0.0253197694,1.1661201140,0
0.1090700858,0.8233889554,0
-0.3435547363,0.0421623827,1
-0.8590143136,0.8871727083,0
-0.6471301234,0.4326797722,0
1.8745010063,0.0790988432,1
0.9379804138,-0.5210516043,1
-0.6995764641,0.1370665236,0
0.5049800671,1.0129657310,0
-0.9188339430,0.2524887625,0
1.9727664837,0.1810103495,1
0.9198148611,0.3208688463,0
0.8807672009,-0.9316860923,1
0.6731944108,-0.2426826219,1
0.4548749926,1.0313893436,0
-0.5534786819,0.9534191183,0
0.6385241051,0.7503499433,0
-0.1119417488,0.2489051418,1
0.3289461285,0.4845418620,1
-0.8801201661,-0.5274170884,0
0.6431844403,0.0973808197,0
0.9419369525,0.6250074425,0
0.0757939605,0.0475413560,1
-0.0703830035,-0.1819809386,1
1.0085878045,-0.1213166609,1
0.0118338091,0.2058311261,1
0.6471414808,-0.1044048139,1
0.7076065143,0.9564612708,0
-1.0555960496,0.3120969823,0
1.8614693347,-0.2383343250,1
0.9408941307,-0.5460957396,1
0.6407944886,0.7214648194,0
1.6192083247,-0.3438793266,1
0.0851813078,0.7260442144,1
-1.1358879632,0.0289081247,0
1.3395579787,0.8355322729,1
0.9860729421,-1.1219245721,1
0.1837928491,0.7083108808,0
-0.6941592470,0.6707113496,0
0.8605210213,0.5045576337,0
-1.1722340408,0.6924424470,0
1.7779737199,0.0740601342,1
1.2858191399,-0.4675345080,1
1.0555524693,-0.2333602752,0
0.8654030286,-0.2826500776,1
-0.6275817688,1.2523651058,0
-0.1243724766,0.9459924271,0
2.1734326062,-0.1112321544,1
0.7297377751,-0.3734572472,1
1.6827459678,-0.1333495287,1
0.9208038967,-0.4822279959,1
0.9403880303,0.1719911427,0
1.3264964263,-0.8059603868,1
0.9268917786,-0.6770684656,1
1.1191103871,-0.1887210928,1
0.2971422907,1.4900609027,0
0.1286098339,-0.0014959053,1
1.9784425015,0.4305968624,1
2.0594644489,0.1023110103,1
-0.7034958936,0.1636343965,0
1.9839080054,0.1002797603,1
2.0736473120,0.1794499791,1
-0.6320104879,0.7191225483,0
1.8799795820,0.1585755119,1
0.7573822226,0.4890134918,0
0.2904361221,-0.4243397538,1
-0.4751302586,0.9002043366,0
1.9966395403,0.4469617005,1
2.2468027744,0.0633419440,1
1.9305412308,0.3117159240,1
1.8095890179,-0.0461443493,1
-0.0028064203,0.0286273505,1
0.5298138122,-0.4953895426,1
2.0681026314,0.1472474962,1
0.8162174149,-0.6470967621,1
1.3430113615,-0.5144930160,1
2.0422106753,0.4049921252,1
0.9493969864,0.8598760335,0
0.3458415916,1.0351469517,0
-0.6664512387,0.5282358736,0
0.8981396345,-0.8058670050,1
1.1598892280,-0.1153528628,0
-0.1578292126,0.9794206682,0
-0.7889513462,0.5463618317,0
1.1369473493,0.3217027548,0
0.9462492275,-0.3416474016,1
0.7559135678,-0.4837233594,1
-0.2811232873,0.5854444905,0
1.0693758307,-0.4265276277,1
0.8340087066,0.5022329186,0
0.8737021379,0.0438050764,0
-0.0581006567,1.4695772647,0
1.6042442769,0.0744532208,1
-0.8228236122,0.5976501092,0
0.1953550511,1.1204416315,0
-0.7945517708,0.6487544116,0
0.7031882721,0.6812441637,0
0.2842262043,-0.3881566632,1
0.0265285406,0.7412946809,1
-0.2320540149,0.3325750624,1
2.3190247995,0.2090702388,1
-0.9465840305,0.8315508843,0
-0.5228081070,0.5194187149,0
0.0171116558,1.1524561506,0
-0.2656463573,0.6649780026,0
0.1967421925,-0.3460205001,1
0.4460135733,-0.6015623741,1
-0.1070757863,0.0424595256,1
-0.8941103618,0.3096400875,0
-0.8310176128,0.5100598052,0
0.2998945836,1.1734320456,0
0.6464791247,0.6708301277,0
1.7835402532,0.0105014144,1
1.9106903619,0.0873572452,1
-0.0845130698,0.2202199508,1
1.6764968318,-0.7109510206,1
0.3993603330,-0.8920350292,1
-1.3042830198,0.3106932027,0
0.4799311797,-0.0980808334,1
0.5548504891,0.9578688331,0
-0.7401267196,0.1742035051,0
-0.4590457061,0.7747583503,0
1.6938401235,0.1310549815,1
0.2469546397,0.6136561417,0
0.8992314163,-0.3987613572,1
1.4842597483,-0.3580003671,1
0.9709824542,-0.4997018732,1
1.6351567328,-0.2705465834,1
0.7361441667,0.6393707041,0
-0.2194406465,0.9935997877,0
-0.9487191895,0.2228755805,0
0.2866674734,0.0684484192,1
0.0044463055,-0.0635699970,1
0.8697254112,0.6804514894,0
-0.6493423895,0.8222732041,0
-0.4004108717,-0.0283206914,0
0.4072329696,0.8767885618,0
0.2269527949,0.0298666850,1
-0.0010711254,-0.0949502369,1
0.1872006828,-0.4344894111,1
1.1101665873,-0.5358093862,1
0.9215229425,-0.6190552314,1
0.5130447375,0.1597292181,0
1.0228038188,-0.3610829298,1
2.0475068092,0.5875332862,1
1.0159906125,0.6339832792,0
-0.1606466220,0.4744692672,1
0.0630790707,0.3918236012,1
-0.9945262658,0.3299889255,0
0.8736431331,-0.0355204969,0
0.2694138539,-0.3983418017,1
1.8749432548,0.0057888762,1
-1.1216631780,0.2772315871,0
1.1731003093,-0.0183306094,1
0.6596532729,-0.3417921597,1
0.8020722801,0.1506243708,0
0.9696079600,0.0467495446,0
0.9857186790,0.3242374515,0
-1.3751374138,0.4406618440,0
-0.2805072495,1.0392576379,0
0.1555430898,1.2673269439,0
0.4992023772,-0.3187491662,1
-1.1841713352,0.7148103140,0
0.6108040768,-0.5075053059,1
1.0475768187,-0.3318480060,1
-1.0422336673,-0.1984734849,0
2.0085737036,0.2621715554,1
0.6329336588,1.0604713178,0
0.7363637735,0.3422401974,0
-0.9751071913,0.6237465422,0
0.7352941923,-0.6551755827,1
-0.3976490457,0.4470645992,1
2.0189321612,0.1902367836,1
0.3725452047,1.0315568354,0
-0.1826391432,0.2840764924,1
-1.1316277394,0.2626874544,0
0.1142780462,0.4350706814,1
0.9852834834,-0.8270028644,1
0.5341185063,-0.1366074321,1
2.0435609655,0.2196046760,1
-0.7968499298,0.2990002046,0
-1.0658773012,0.2773225929,0
0.5287559761,0.6317102905,0
-0.5160704645,1.4669987490,0
1.5224804481,-0.2894990855,1
0.5934348754,-0.2771541764,1
0.4470187718,-0.3662416784,1
0.7021682621,0.6825927018,0
1.6123306618,-0.2258035962,1
1.2350343135,0.7446018631,0
-1.1351100997,0.3534707131,0
1.7703638604,0.0469930986,1
0.6747021422,0.8615340976,0
0.8524808922,0.2834125407,0
-0.0676086172,0.8393874357,0
0.4618984592,-0.3555441787,1
1.6832765316,0.2430456625,1
0.6118307154,0.4111388049,0
0.0628984761,0.1005328598,1
1.8769512437,-0.2868171449,1
-0.4157503944,1.0297076793,0
1.7850152329,0.2233698895,1
0.5741731969,-0.1004626085,1
0.4594535416,0.2108472212,0
0.5919343412,-0.0539552773,1
0.8604273619,-0.6913688043,1
-0.9534604961,0.8849458373,0
0.5986396324,0.8575063463,0
-0.5671012022,0.7243041861,0
0.8652345286,0.3954808909,0
0.7023167202,-0.2872643579,1
0.7236134048,-0.3081654551,1
-0.1378783679,0.3733338047,1
0.2448992658,0.6655629505,0
0.8237336152,0.6468822652,0
1.6048561441,0.0695227338,1
1.0821028482,-0.1196494989,1
1.1762456767,-0.6073587271,1
-0.6316121005,1.0917628279,0
1.4831511405,-0.5601099214,1
-0.0417170710,-0.0675227909,1
0.7702042898,-0.5875025216,1
1.7001759763,-0.4243704750,1
1.9955663629,0.6143823997,1
1.2882852463,-0.2760645052,1
-0.8655154619,0.3334341490,0
0.2897183736,-0.2634811115,1
1.1831606838,-0.8628765541,1
1.3460958415,-0.5767000743,1
-0.1390627159,1.0428629379,0
0.2813353277,0.5226587999,0
-0.8190502137,0.3479767384,0
-0.2461334539,-0.0730072829,1
0.2135858466,-0.1888246825,1
0.2564258472,1.3203749205,0
0.4860393512,1.1028473429,0
0.7873775607,0.4501073045,0
0.6215737553,1.0605264341,0
0.9823466193,0.7244314244,0
-0.8199509912,-0.1987307872,0
-1.0220669168,0.4012498893,0
2.0653035050,-0.0935778709,1
-0.0501062846,0.8597939967,0
0.6544087059,-0.7700124532,1
0.9334664756,-0.3758097612,1
0.5726600268,0.7431702138,0
-0.7920775340,0.8742698754,0
1.6999944535,0.0032631689,1
-0.7520593445,0.5212907166,0
-0.6673772735,1.0909045497,0
-0.0383479352,0.6968559028,0
1.1597855720,-0.3107083625,1
0.7672520491,-0.4106989967,1
1.0833930729,-0.4787419893,1
1.0499574631,-0.3694981261,1
-0.5459430278,0.9845127561,0
-0.2390253968,1.3485715011,0
0.9249450799,0.2507498255,0
0.9529498997,0.4630279344,0
0.5532389635,0.7593315692,0
-0.6977279894,0.6507965372,0
1.7627454124,-0.1798786339,1
1.8908629654,0.3580941510,1
0.5655743378,1.0513563540,0
-0.9590813456,-0.0103520436,0
1.9207421746,0.3374758457,1
1.4963097157,-0.1458175205,1
-0.1141361326,0.3582920155,1
-0.2661831662,0.7137054905,1
1.4449087257,-0.5512017310,1
0.8910860445,-0.4776618527,1
-0.9178632070,0.1937718483,0
1.2603318319,-0.2354704728,1
-0.7689061037,0.8631808553,0
0.3565343287,-0.1172247128,1
0.6325595050,-0.3433061776,1
2.3447489362,0.1654436473,1
-0.3103875374,0.2945659305,1
0.2666202701,-0.7278850789,1
-0.3128148003,0.7871398592,0
1.4142289750,-0.0701016771,1
-0.9679323602,0.3335515421,0
2.1843600569,0.3602522496,1
0.4705815698,0.6534775281,0
-1.4098946984,0.1414402891,0
1.8451023260,0.0513254188,1
0.5702754865,-0.0930589506,1
0.0905298964,0.4613078159,1
0.9794905661,-0.2509236216,1
1.0559304955,0.0126654289,0
-1.2710519132,0.3621133137,0
1.9908393869,0.2816968185,1
-0.0386989944,-0.5960174224,1
0.8540904956,0.2440050349,0
0.1552554527,0.4287703120,1
-0.6623065104,0.0401191988,0
-0.5838836078,1.0783247082,0
0.6082198846,-0.4565429858,1
1.8310432384,-0.0908545788,1
-0.1297524681,1.4017763811,0
0.7176119978,0.9218593470,0
-0.0400851091,0.1539170158,1
0.1762350787,-0.0606180517,1
0.6697386457,-0.3111637700,1
2.5920469835,0.2864098158,1
0.7204157119,0.6179199383,0
0.1055545329,-0.2686189020,1
-0.1018379790,0.6779369547,0
-0.9461711869,0.1753555259,0
1.2223958621,0.1123516097,0
0.6257691950,-0.6992583176,1
-0.0850849279,1.0751259327,0
1.3463402037,-0.3093371663,1
0.9564646596,0.5206387928,0
-0.1134025376,0.1064250440,1
2.1191435874,0.7045833408,1
1.7123467977,-0.4590799580,1
1.8791364915,0.0191444985,1
-1.1711534407,0.1107722532,0
-0.1206145357,0.9139297255,0
0.9234062319,-0.3216887195,1
-0.7466161627,-0.1428897321,0
1.7728649826,-0.7217843448,1
0.8815975954,0.5100127864,0
1.8287142766,-0.2870202215,1
0.7804820362,-0.1233280721,1
-1.0816621923,0.1719279322,0
-0.5412990815,0.5853369810,0
-0.1585724624,0.1269223334,1
2.3184900088,0.2210468284,1
0.4187077928,-0.2233347241,1
0.4985701121,1.1236175908,0
-0.9571328588,0.5288335159,0
-0.1473903030,1.0094470051,0
-0.5740366892,0.8191582407,0
-0.1792325819,0.9975947073,0
0.3813856180,1.0204376335,0
1.8791064613,0.1165704911,1
0.5145028941,0.7106418935,0
-1.1469272128,0.8610081045,0
0.3310459185,-0.4233915616,1
0.6542081907,-0.1479139364,1
-0.8948172808,0.4472288898,0
-0.1257452860,0.2475420796,1
0.2197138516,-0.4193969053,1
0.7807788548,-0.5983226505,1
-1.0888647982,0.2871249976,0
1.3100752436,0.4959567160,1
-0.3950410764,0.9901728167,0
0.3868069717,0.7430039610,0
1.5072572955,-0.2582711007,1
0.4161381783,1.0228656266,0
-0.8399274921,0.3633035266,0
1.8857787120,0.5767113675,1
-0.0219601461,-0.5408751550,1
2.0040289862,-0.3112162362,1
-0.6285034539,0.9727450891,0
-0.5837568823,1.2077071007,0
0.9265616055,-0.3357505405,1
1.3093000253,-0.5254109562,1
2.4159869079,0.5054089825,1
1.6954526602,0.2583714936,1
1.2334231770,-0.5195597418,1
1.4115261965,-0.3989207532,1
-0.4735082475,0.6431226228,0
-0.0566200184,0.5983280720,0
0.5391906491,0.8015889568,0
0.8009707552,-0.5495324792,1
0.0222003365,1.1482842020,0
0.8447010563,0.4988809094,0
0.4683368019,0.3599766962,0
1.1268928281,0.0330110824,0
1.7540530240,-0.3784283592,1
1.5427031851,-0.2859157073,1
2.6760517466,0.2705112637,1
1.4055348029,-0.5460839407,1
1.6852302659,0.1015223442,1
-0.6216527612,0.6441742584,0
1.7830091992,0.1323015022,1
0.6059187557,0.2501872178,0
0.2203437656,0.5288332457,0
-0.0777964461,1.2118126789,0
-0.7913726961,-0.0806727740,0
1.1955367519,-0.2078787085,1
0.6474076302,0.9152352753,0
-1.0062431459,0.4659625064,0
0.4623387493,0.8022107921,0
1.7199769241,-0.2644622358,1
-0.8277270911,0.0923022351,0
-0.8790855718,0.3324682626,0
1.0778133953,-0.1783503501,0
0.9294743524,0.1714870978,0
1.8486560891,0.4118935807,1
0.7394281711,0.3079533626,1
1.7758597705,0.2682366373,1
0.3193848351,-0.7289082307,1
0.3041643083,-0.0659269832,1
0.1605497785,1.0369447927,0
-0.9148125044,0.4669998753,0
-0.8184761056,0.2608667368,0
-0.2478176314,0.6815798820,0
0.2310412417,0.8417437648,0
1.5275897568,-0.1306094590,1
-0.3709877086,1.0221532635,0
0.5676465601,1.1397103319,0
0.3894386067,0.9112004782,0
-0.9241416138,0.2792220921,0
-0.6119446012,0.8775518434,0
-0.9457028415,0.6648185927,0
0.8690323373,0.6723784019,0
-0.0691198180,0.1232300220,1
0.9702858610,-0.6284530063,1
0.9102797536,-0.1666183625,0
0.1002505512,1.6226418115,0
-1.0456400036,0.4591035560,0
2.1301731983,0.4677891734,1
1.6507445642,-0.7504922930,1
0.1147612440,0.9783563828,0
-0.7474518012,0.0878153622,1
1.5358000254,0.2298793116,1
1.6969611615,-0.4107687672,1
0.6789988853,0.9297672865,0
-1.0158620816,0.6733334062,0
0.9806766500,0.4855863029,0
0.5830020079,0.1231659807,0
-0.9426607707,0.4080692927,0
1.4125894122,0.5916716234,0
0.0505275034,-0.0988483359,1
-0.7369237686,0.4667639845,0
-0.1737805465,1.4313227199,0
-1.2896558362,0.6968719965,0
1.3366812269,-0.1131822760,1
0.3387411788,1.0001881163,0
0.1981534612,0.5275462886,1
0.6103602346,1.1292475777,0
1.6385615916,0.3348349456,1
0.0321021645,-0.1330374493,1
0.8386026536,-0.2826339293,1
0.5152422132,0.8824554634,0
2.0984893312,-0.2270190719,1
0.0433960888,1.2533132138,0
-1.0503085713,0.4592641523,0
0.4378483364,0.2859654903,1
-0.4176448056,0.8963201344,0
1.0782972486,0.2513022213,1
-0.0389099009,0.6009295764,0
0.3704729118,1.0174219066,0
1.8001523804,-0.1270719969,1
-0.0354516859,0.1193913623,1
0.9435817047,-0.6158235315,1
0.8863359290,-0.4486814687,1
2.1353475171,0.1138869116,1
0.8607776122,0.7370359806,0
1.4990780081,-0.6081135896,1
1.4748204853,0.2267268537,0
-0.9265257926,0.6608521377,0
-1.3338819144,-0.0732776965,0
-0.7259007659,0.1484241858,0
0.3564931494,0.4302351125,1
-0.2202032458,0.5828601874,0
-0.5946868117,1.0281693241,0
0.3115510965,0.2003043941,1
1.6931564907,0.5284913423,1
1.3653392021,0.3288083893,1
-0.5858668114,1.3048398096,0
0.5736310514,0.7348534587,0
0.4235736935,-0.6691635301,1
1.2562445385,-0.7387967046,1
0.2499391859,0.2828142423,1
0.0970745778,0.9093209204,0
1.0271834898,-0.3645484319,1
0.8585416356,-0.7417774780,1
1.0699833005,0.6744367663,0
-0.5020203167,-0.2025762921,0
2.2776187042,0.6107324681,1
0.0137381842,-0.0512637511,1
-0.8870171902,0.9065957180,0
0.5160477872,0.9187139071,0
-0.0455246103,0.8053877229,0
-0.3315896755,0.8646137851,0
1.5525484956,0.0443089481,1
2.1636450502,0.0571430335,1
0.1073867764,1.2279069091,0
0.5272068940,-0.6957832078,1
0.0633616971,1.1507720275,0
-0.0792152897,1.3080805642,0
1.7871479301,-0.5054233331,1
1.9431146984,-0.2261809209,1
-0.3412689181,0.6077437153,0
2.3035172030,0.2718003054,1
0.0525261762,0.4948667110,1
-0.5540465093,0.8640332218,0
-0.5072121222,0.9696334953,0
1.6690268447,-0.0058948551,1
-0.7249129091,1.0504695011,0
1.7080680378,0.1871291289,1
-0.0998261230,0.3146267183,1
-1.0776690918,0.0746867590,0
1.0089717466,0.7587371989,0
0.4069649102,0.5721819235,1
1.2691935959,-0.0426139449,0
0.6539142319,0.7525239504,0
0.4027090729,1.0808208351,0
0.4629215828,0.7634899146,0
-1.0446254534,0.0800306349,0
0.8220435199,-0.6649321334,1
0.2313329969,0.8279874362,0
2.4655896287,0.7029581939,1
1.3396416382,-0.6143724174,1
-0.8477432671,0.4286201282,0
1.6866249688,0.1880073683,1
1.2854622946,-0.2309129864,1
0.3370655147,-0.7518115383,1
0.5528354860,0.5519255681,0
0.3059847239,-0.5686741230,1
1.4069396790,-0.5976703516,1
0.2210614314,1.0162527413,0
1.8990471164,-0.5309566778,1
0.6404007726,-0.5402755747,1
1.8097875259,-0.6331287849,1
1.5422870491,-0.4526709010,1
-0.7534982706,0.5912498503,0
-1.3319038889,0.4755796824,0
1.9409040881,0.6071252717,1
0.9694265384,-0.2897021583,1
1.7810077414,0.0488904063,1
0.4509057611,1.1901970284,0
1.7834494220,-0.0397678273,1
1.7948642455,0.2021184329,1
0.9153191525,0.1269651526,0
0.6114162549,-0.5979347900,1
1.0811404384,-0.5073068265,1
-0.6752850469,0.5788210758,0
0.3804167348,-0.2615573252,1
0.2515017140,0.8029707839,0
-0.0626943107,0.5633048538,0
1.0230606174,0.4334544972,0
0.4137825158,-0.1640644828,1
1.6404011479,-0.0226524374,1
-0.9515167128,0.1262356959,0
-0.1534460543,1.0366438959,0
2.3543478906,0.3655626919,1
-0.9180115547,0.5861182553,0
0.0747571153,-0.2224105760,1
0.8587645163,0.8416373392,0
0.8308561290,0.5066447582,0
1.0772830623,-0.0727942057,1
0.7419852855,0.2777860188,0
2.2985883712,0.2664892190,1
2.0846783345,-0.5675617978,1
-1.3934830081,0.6023039746,0
0.6995937005,-0.6589068489,1
-0.7763880834,0.4741758430,0
-0.0091066711,-0.2746966499,1
0.4105694842,0.2885117857,1
1.6174622855,0.3942957111,1
0.9725288667,-0.3368390031,1
-0.2119409997,-0.2627387304,1
-0.7669740874,0.2391964518,0
1.3313114789,0.0093285345,1
1.3434705202,-0.3917672996,1
1.9898813764,-0.0229316457,1
0.4101521821,1.1114972632,0
-0.8483193621,0.8768279877,0
-0.7068387403,0.3228699191,0
0.2913958293,0.3769098467,1
2.1445840956,0.0613301672,1
-0.3541468822,1.1399191587,0
1.6468421045,0.3493712622,1
1.0496085254,0.5717722072,0
-0.1308446489,-0.1181897285,1
0.6005939335,1.0357760087,0
2.2366105341,0.1008232208,1
0.6342622650,0.8176633297,0
-0.7306042526,0.0931369483,0
2.5676731071,1.0662751178,1
0.4365448392,0.4951884438,0
-0.4347347801,0.7024406077,0
0.7300086574,-0.6442860245,1
0.4973841580,-0.1108446165,1
1.5890813315,0.3231322967,1
0.1368391154,1.0681678188,0
1.8881358409,0.1307330104,1
0.8845797460,-0.5486805026,1
-0.1898501077,-0.0567283103,1
-0.6473361997,0.9661681630,0
-0.1396727031,0.1533628451,1
0.4351595024,0.4639712135,1
-0.1678068385,0.2432313938,1
1.8966684673,0.4670877632,1
1.7110646086,0.0386399878,1
-0.4266293764,1.2529719890,0
-0.9845202183,0.7068532932,0
1.3546940348,0.3395153824,0
0.8135234832,-0.6341155855,1
2.0917576933,0.5299711397,1
1.1015319008,-0.6781036811,1
-1.2332284451,0.3711053228,0
0.1545713844,0.7609371095,0
0.1715831311,0.1662260149,1
0.9903926924,-0.7527794316,1
1.8907894313,0.3325780037,1
2.0078944162,0.0460084321,1
-0.6320571342,0.8775735830,0
-0.1260002347,0.6649116210,0
1.0903565998,-0.4366398022,1
-0.5803350646,0.3539706120,0
-0.4136769579,0.8845882745,0
0.7585633625,0.1996926116,0
0.7026136536,-0.5677320549,1
0.7334872890,1.0133272103,0
-1.3667039990,0.0723168952,0
-0.8240633483,0.8495258743,0
0.5236237279,-0.1904764822,1
0.3948972211,-0.1610018927,1
0.9213488026,-0.5149401664,1
0.7830485011,-0.4555416857,1
1.3109220053,-0.6668393615,1
0.4735149163,-0.7327381694,1
-0.8251591147,0.5802682431,0
0.3408665467,0.9468361909,0
0.7528917509,-0.4155483114,1
0.4488428523,0.8686154691,0
1.5764349200,0.0799893639,1
0.5712512236,0.8127233191,0
-0.1610132634,1.1913600347,0
0.3521497277,1.2572278883,0
-0.4181663333,0.9785551262,0
0.0942629821,0.3615746944,1
0.4807753875,0.0627383211,0
0.5898071268,0.7937205420,0
0.6418175022,-0.3927177426,1
1.8292038413,-0.0306520276,1
1.8645161996,-0.0612029434,1
-0.7467789755,0.5025889267,0
0.3441623462,0.7569366475,0
-0.5955551372,0.4824397568,0
0.5960013742,-0.3736267912,1
0.3677125396,0.9229769010,0
1.6549594753,-0.0967751472,1
2.0742482418,0.6187709280,1
0.6991735005,0.2088196932,0
0.4185670001,-0.2674560041,1
2.0745970878,0.0926678302,1
0.1540261510,0.5293867034,1
-1.0446725584,0.5874609725,0
0.0453959638,1.1864336983,0
1.8592163074,-0.1706467935,1
-0.9719197910,0.6888960290,0
0.8045800259,0.9928626132,0
0.0411708221,0.5679382805,1
-1.2193570477,0.6109457201,0
1.4509308093,-0.1441782697,1
1.9779401276,0.2480089301,1
0.1397467591,1.0273931051,0
-0.3544433605,1.1642707287,0
0.1949021339,-0.0653752771,1
1.0281369335,-0.5250198379,1
0.6699490439,1.0811831654,0
-0.3207678780,0.7235834219,0
0.1019266847,-0.4261057843,1
-0.6741982494,0.0498050549,0
0.6826223962,-0.4966033286,1
0.9642146043,0.3933755091,0
1.6517862501,-0.6121252125,1
1.6064041174,0.0072179721,1
0.5432106006,0.6808094793,0
-1.2269744623,0.2646097883,0
0.0130253096,0.2965204330,1
0.1752219078,0.4583930136,1
-0.7122434602,0.3823254406,0
0.9013319031,-0.2519682836,1
0.0317465851,-0.1377596523,1
0.0684548973,0.7559657000,0
-0.7565139387,0.5446962669,0
0.5673781751,0.5614543047,0
-0.5118067481,1.2723246094,0
0.8920060417,-0.2733540533,1
-0.4954317253,0.8944916255,0
0.2697383087,-0.0571102332,1
-0.2454611824,0.1257350179,1
-0.1416502717,1.0552594691,0
0.6746001402,-0.4943087279,1
0.0482254081,0.2189790163,1
0.1930363549,0.4501168267,1
0.2266512013,0.9351461191,1
0.2892097603,0.8539436956,0
-0.8733335413,0.9964584532,0
-0.1892284294,0.9524323912,0
1.8027548782,-0.2623078508,1
-0.1198392221,0.9801243251,0
1.7105469786,0.0066214334,1
1.5162291441,0.4730718915,0
1.8033362682,0.0709294545,1
0.1748438138,0.3562493881,1
0.3896472237,-0.4929205528,1
2.0128771673,-0.1479190475,1
-0.3431056039,0.7113074732,0
-0.7025984577,0.1398000530,0
0.2407115328,0.1835492290,1
-1.1345021545,0.5172524452,0
-0.6441493079,0.1051377365,0
1.8085537717,-0.1401254274,1
0.5513318885,-0.7849724748,1
1.7439231319,-0.3905829219,1
0.9737698869,0.4848152820,0
0.1797396054,0.6381261512,0
1.1449662173,0.3489332064,0
-0.5593008742,-0.0547548344,0
0.6235930554,0.4347024898,0
0.0278425834,1.1810842702,0
-0.8778635037,0.7686174957,0
0.4135591062,0.4049786029,1
1.0114111157,0.2638963424,0
-0.9735922347,0.5619763767,0
-0.6139643947,1.2128749372,0
-1.2430738485,0.0142293419,0
0.0955439515,-0.1877836470,1
-0.5278439760,0.5137680266,0
0.7269068589,0.3217920284,1
1.1918169935,-0.2953670354,1
1.9359753647,0.4570270244,1
0.6472762273,0.7679038700,0
-0.2758023949,0.5894094711,1
-0.6113245368,0.8289337022,0
0.8836736836,0.2607958411,0
1.7537053789,0.2446148595,1
0.4824200424,0.6051675919,0
1.5489328893,-0.5700200336,1
0.5997345602,-0.4894133737,1
-0.6173372775,0.7312893235,0
-0.2617796538,0.9112215880,0
1.0385209699,0.1712203924,0
0.2458809262,0.9060052807,0
0.5272512811,1.1749543266,0
1.1998709183,-0.4678896566,1
0.6309816923,-0.1181420247,1
0.8929890564,0.1801938663,0
-0.5580415675,0.7712761308,0
0.2147708132,0.6317562436,0
0.3111808830,0.8433060175,0
1.2486759556,0.5024291606,0
0.9187354355,0.3180137343,0
0.6864803902,-0.1925020786,1
2.1389144552,0.2769230710,1
1.4580379159,0.2558915188,0
1.1626700085,-0.4916723801,1
1.7681290659,-0.2730408661,1
1.9584951132,0.3084650319,1
0.0727492144,0.5851303628,1
2.2017758142,-0.1911349169,1
-0.1569357366,0.6106528379,0
0.0698584639,0.9897521965,0
2.1477075120,0.3130420125,1
-0.5359018895,1.1102725931,0
1.1605163029,-0.2055442645,1
0.5528982580,0.7706189942,0
1.5830227421,0.4194594850,1
0.4690959869,0.6384185106,0
-0.4380887472,0.9461282111,0
-0.8687378169,-0.0628042066,0
0.0075851004,0.2859123772,1
-0.9776026725,0.5205150312,0
2.3363388537,0.5814770334,1
0.0422126041,-0.3633989389,1
0.0591388311,0.0711599284,1
0.1149036212,0.1163133621,1
2.5760445709,0.3975010806,1
2.0296874787,-0.0470541238,1
0.6772681270,1.1006415669,0
-0.4211779724,0.1843083604,0
0.6802427872,-0.7743543737,1
1.9023543300,0.4092644558,1
2.2812488264,0.7457030823,1
2.0084107315,0.3405411192,1
0.4630202144,-0.3095092261,1
0.2604406401,-0.3122645704,1
0.0644310117,0.9358143786,0
0.2564390231,-0.1137491836,1
0.4175010160,-0.4052576290,1
1.0508058379,-0.2653668492,1
-0.2276569485,0.4028671736,1
2.0502741062,0.3176902314,1
0.1583960023,-0.3000912528,1
-0.0036500524,0.9061204978,0
-0.8838466590,0.6735043039,0
-1.0798875623,0.6218651524,0
-0.8849686304,0.8657834448,0
-0.8736986031,0.2780539086,0
0.4043225347,0.9158250706,0
0.6060966084,-0.5090482569,1
-0.7031291828,0.3857359132,0
1.1847903464,0.5861156649,0
0.0766021735,-0.0682214579,1
0.2236304058,0.6943056689,0
0.2685878846,1.0047746233,0
0.0757355082,0.4001371884,1
-0.1864359620,0.2012980682,1
-0.7731094564,0.8254264810,0
-0.8501809154,0.5327365930,0
0.9189372435,0.7441694852,0
-0.2699452976,0.7209610528,0
-0.0340135289,1.2254458684,0
1.8598255224,0.0567163362,1
0.6181893325,-0.2481050247,1
0.3489411620,0.7690522581,1
1.1089589900,-0.2384055116,0
0.7109624161,-0.3117485527,1
-0.1355463846,0.9108963041,0
1.0410300476,0.3323971679,0
0.6759041033,0.4125828587,0
1.1150069028,-0.4741802439,1
-0.6126586470,1.2770287830,0
1.6305940487,-0.8014065111,1
0.7566019057,0.1632819107,0
-0.7031139975,0.5308805247,0
0.1544650411,0.9557599288,0
0.0809271804,0.8681964579,0
-0.9863851434,0.5018109673,0
1.5674688689,-0.1996658685,1
1.0102121452,-0.0024798354,0
0.0157103270,1.0981816831,0
0.4781521405,-0.3455519419,1
0.9523090187,-0.0416254802,0
0.4470570615,-0.4548737724,1
0.9965303230,0.7656819694,0
0.5225748254,-0.0270151754,1
1.4887949708,-0.2670782090,1
0.7072059194,0.1473072643,0
1.8561459817,0.2649177706,1
0.7657670233,-0.3798153474,1
0.9134033226,0.0315731152,0
0.9883415427,-0.6027481060,1
0.8313637106,0.7593284406,0
1.1583628795,-1.0746049263,1
1.0492396490,-0.3140368639,1
0.1853425542,-0.1555120096,1
-1.2129942180,0.7122358055,0
0.6691299275,0.3423299044,0
-0.2194347866,-0.2060540167,1
0.1634955480,0.9836236637,0
2.4107582952,0.5850774126,1
0.6167379362,0.8575548688,0
1.1288516176,-0.5567298449,1
-1.0703557536,0.7796704447,0
0.1773541871,1.1273437298,0
0.7822595358,-0.9198219724,1
-0.5959359559,-0.2604219146,0
0.1496006384,-0.1315886014,1
1.8496254671,0.0037222857,1
0.4244867849,-0.0041591400,1
-0.0669011889,1.0005477615,0
-0.9065449673,0.4536635980,0
2.0769962267,0.2092706979,1
0.1797286495,0.4739679079,1
-1.1231250860,0.6410869515,0
0.1094620699,0.9900049456,0
-0.8620729503,0.4260930114,0
0.7680637502,-0.0674059758,1
0.8254302950,-0.2459392012,0
-1.1975791263,-0.0518179451,0
1.0820869977,-0.5312314435,1
1.1961960657,-0.7196973551,1
0.0288483974,1.2177236540,0
0.5278935037,1.0214452161,0
0.2235873109,0.1311532204,1
2.0072581276,0.3407206717,1
1.9206078610,-0.0825196713,1
0.4932886642,-0.2643084369,1
-1.0943053259,0.4861776942,0
1.6928333067,-0.4508557218,1
0.6970113921,0.4521975844,0
0.4538334438,0.6157039183,0
0.0182947794,0.1147933310,1
0.3830201714,0.9147648148,0
-0.8174988615,0.8811208554,0
0.6398399872,0.4150382964,0
-0.0746539195,-0.6547079981,1
1.0250104022,0.4971588771,0
0.4303122066,1.1083787028,0
0.7805658599,-0.1191750473,0
0.7902846821,0.6370716413,0
1.0866158046,-0.6067393624,1
1.1497993114,0.1944281983,0
0.4861067080,0.7803200743,0
-0.2102335528,0.8360262020,1
1.4929718086,0.5410579973,0
1.7887221833,-0.0324117059,1
1.1202969189,0.3486426077,0
-1.0498905539,0.8568704354,0
-1.2301726852,0.0487239468,0
0.1237509396,-0.0102313121,1
-0.1822676706,0.2125841669,1
1.5597654547,-0.3354878660,1
1.5031250342,-0.7781713694,1
1.1377128189,0.4494853927,0
0.6309190305,-0.7702396017,1
1.5533747283,-0.3370241327,1
1.5685955232,0.0501671216,1
-0.6556249685,0.6709954118,0
-0.1942700835,0.3859510672,1
1.2103716305,-0.1374524333,1
-0.0824843484,0.3296739843,1
0.0998613289,0.0957946158,1
-1.4370551667,0.1399889948,0
2.1107751039,0.2747993495,1
0.1296196940,0.4074339004,1
1.9726370372,0.1204579056,1
0.0737736463,0.8138244021,0
0.1398031504,0.7010894961,0
0.4203906454,0.0185400539,1
1.2615836718,-0.7348917170,1
0.5219885897,-0.1089078240,1
2.0850010851,0.1138163071,1
1.3659297467,0.5070068805,0
-0.1962355677,0.9587278758,0
0.6456642815,1.0823591142,0
-0.0932605880,0.6283730732,1
0.2592871241,0.0255003371,1
-0.6586424442,0.9016303086,0
0.7368339973,0.4502853055,0
1.0266880709,0.3354421168,0
0.2342654116,-0.5667801195,1
0.3511561317,-0.1844725029,1
-0.0061886606,0.8273214206,0
1.0305699403,0.0116179775,0
0.3835756937,0.5536836041,1
0.4145819372,-0.3738491104,1
-0.2861302422,0.7981651366,0
0.2489255122,0.2967552614,1
-0.6796143519,0.7909166793,0
-0.0055676938,-0.3088570058,1
1.7142176701,0.0398621903,1
1.0227152157,0.7591258703,0
0.4332494695,-0.6323213915,1
0.0395767068,0.7956137788,0
0.9299730603,0.0071226639,0
0.3400814795,-0.4956161484,1
-0.4251895654,0.9140659509,0
-0.8489837813,0.6261366246,0
1.2711465661,-0.3729048255,1
1.1092650935,-0.5170574473,1
0.3059828717,0.7558357472,0
0.9642717223,0.4268683590,0
-0.5566239294,-0.0842053587,0
1.0093921922,-0.4320009785,1
2.5454115621,0.1156847680,1
1.6897517503,-0.3125633211,1
1.0691794162,-0.4194158753,1
0.9246731172,-0.4835856461,1
0.3835040218,-0.0943056701,1
0.6308479201,0.0164700042,0
-0.7701049074,0.2706854294,0
-0.9028410066,0.2500989047,0
-0.3190645444,1.5939868849,0
0.3528150574,-0.1825707281,1
-0.0619430861,-0.1636583748,1
0.2143340288,0.0518287613,1
0.4284697512,0.9917058390,0
1.7022797849,0.0980710901,1
0.7007452750,0.1562743605,0
1.0968830514,0.2550913158,0
-0.8687452781,0.9777751523,0
0.2826520865,-0.6102976146,1
1.9967124034,0.5962185832,1
0.7848078568,-0.1261569576,0
1.0920949876,-0.3366705675,0
2.0155909420,0.2706476844,1
1.3506350454,0.2456615276,0
0.6907767259,0.6366626453,0
0.2896941947,0.1587524226,1
0.6059955220,1.0564092532,0
0.2862960143,0.5212018074,0
1.3986862906,0.2652494864,1
0.8078427625,0.0718209906,0
1.4157627765,-0.5862767864,1
0.0240048983,1.2249088057,0
1.2499849280,-0.5059408920,1
0.7455194966,0.2411090331,0
0.7963761457,-0.5906548454,1
0.0998748127,0.7826024807,0
1.6607076013,0.4840802830,1
1.0376068645,-0.3606131376,1
2.1132270049,-0.0336690229,1
0.5979879593,0.4547978489,0
1.0882661230,0.7949157386,0
0.5322037040,-0.5448563434,1
-0.8161046435,0.5605521944,0
1.0083932480,-0.6722983830,1
1.2192575956,-0.1206281146,0
0.6173649489,-0.3641995198,1
-0.5512290372,0.1608151322,0
1.7693760184,-0.4382289237,1
0.8347358350,-0.6318024421,1
0.0346563900,-0.3266497763,1
0.9030161726,-0.3969461508,1
0.3674979723,0.6486011575,1
0.1286325176,-0.0630468248,1
0.3191132873,1.0620430127,0
0.4836111106,-0.2406171484,1
-0.6701081384,0.8255065143,0
-0.3237661468,0.4950846213,0
0.5084831183,0.7932407809,0
0.6127233786,-0.5910810968,1
0.4585802632,0.1948190006,1
-0.8175856752,0.7084471481,0
0.0258587463,-0.2731464538,1
1.7347405794,0.3675003945,1
1.3669391565,-0.0038692898,1
2.2890246552,-0.1426068872,1
-1.1269978737,0.4252124334,0
-0.8324091903,0.8193936414,0
-0.1556622454,0.1035482779,1
0.3723197383,0.8702523407,0
0.9087265346,0.2218034405,0
0.6648141000,-0.6309063910,1
2.0155301238,-0.0810133052,1
2.1777788759,-0.0038376598,1
0.8837162982,-0.9392569690,1
-0.6267944173,0.8633283280,0
1.6457969411,0.0504174863,1
-0.4306375161,1.6684334462,0
-0.7999567360,0.6111526803,0
0.7685202370,-0.2743057255,1
0.6290618667,0.9240216145,0
2.0836330117,-0.2697235679,1
0.8159562114,-0.3227607230,1
1.8912757525,0.1144045646,1
1.9335491370,0.1099808369,1
0.8222202965,-0.3523530565,1
0.0351780984,0.8886524207,0
2.1056831365,0.5612454303,1
1.9973295751,-0.1669571893,1
-1.0395484755,0.6725911369,0
1.0444272212,0.3639898046,0
1.2836566671,-0.1306446050,1
-0.0560045692,-0.2335363396,1
-0.7737139400,0.7191542395,0
0.3014995348,-0.3662563776,1
0.9501573903,0.8571836985,0
1.0243138185,0.0986299963,0
0.3405904437,-0.4515743111,1
1.8361843155,-0.5886700303,1
0.9774389615,-0.2530512749,1
0.1065244634,0.8398478726,1
-0.0072780802,0.7082892421,0
-0.4180537732,0.5630879131,0
0.1102714443,0.7688369488,0
0.6231565889,-0.5801428584,1
-0.3655145234,0.6368117877,0
1.3713760513,-0.3528179057,1
0.6794473277,0.0566463360,1
0.8708798395,-0.4528776042,1
-0.5694764632,0.7411935443,0
-0.4086134514,0.8298690398,0
0.6009284797,0.5697607506,0
0.6734539308,1.0803354963,0
0.2283150840,0.8900577955,0
1.9579584509,0.5860687404,1
0.0759634930,1.1104125954,0
1.6634921364,0.0069846996,1
1.3022619261,0.4352661201,0
0.9200212676,0.0627292263,1
2.2059005341,0.2559448010,1
1.9666297380,0.4481407313,1
0.3847905197,-0.3678294213,1
0.9572221398,-0.1166964122,1
-0.8491442140,0.9060239004,0
1.1850937478,-0.1686378192,1
0.4760608885,-0.3064244378,1
0.8097202768,0.7458768944,0
-1.2871311082,0.3995832311,0
1.3724664413,-0.1934963910,1
0.8577528704,-0.7321720601,1
-0.0747048340,0.2628547365,1
-0.2752288745,0.3593987816,1
-0.7378026274,0.7634600944,0
0.1845695230,0.7707223505,0
1.1742443554,0.8841788258,0
0.8816633441,-0.2764943953,1
1.5877962733,-0.2564259181,1
0.9447731757,-0.6887937927,1
-0.5100556882,0.9441804313,0
1.6624692401,-0.0666696272,1
1.1749532301,0.5923097648,0
0.3143841722,-0.2366511180,1
-0.9629289462,-0.1555487944,0
1.6345029175,-0.5146532607,1
1.4681671921,-0.2904907160,1
1.6967308590,-0.0412131068,1
-0.8851875587,0.3874475763,0
0.7491082556,1.1219846687,0
1.3395994617,-0.8005880902,1
-0.2683580559,0.2809903719,1
0.0738456748,0.2399006397,1
1.0996530735,-0.4765458584,1
0.6274899148,-1.0099050229,1
-1.0129320062,0.1528344522,0
0.3939785189,0.7144568709,0
-0.5385301544,0.7856404030,0
0.7252355855,0.5865640441,0
0.3175009301,-0.6420167948,1
0.0892775125,0.9481883236,0
0.5792493142,0.1683075564,1
1.0386624991,0.7741719310,0
0.0832677576,-0.0675232837,1
-0.9920432763,0.2542884008,0
-0.4319506480,-0.0763424249,0
-0.0499466382,0.1456287916,1
-0.6636454887,0.7899476124,0
2.4223070059,0.3244789803,1
1.9856966944,0.2115892777,1
0.6736409197,0.5443367015,0
1.7512406731,-0.0782988036,1
1.6108078610,-0.1483768056,1
-1.6256057871,-0.2220866158,0
1.8532760761,0.0204987854,1
0.9256803732,-0.1061062162,1
0.5369501045,0.8551688156,0
0.9884814696,0.3211527864,0
0.3891112984,-0.3580150988,1
-1.1999246735,-0.2179581741,0
1.7786503988,0.0018422679,1
1.5313058086,-0.1434616563,1
-0.5120125503,0.5802641136,0
-0.5377971369,0.7816887543,0
0.2393009309,-0.0757045609,1
0.7561137094,-0.6590908745,1
1.9998899916,0.7707301527,1
-0.1554957745,0.6845875874,0
0.7500009873,-0.2894010810,1
0.0525967726,0.1196557507,1
2.1843701463,0.2190435834,1
-0.2452059116,0.8672501686,0
-0.2049093362,-0.0206952897,1
0.7526032883,-0.5498957592,1
0.0955543429,0.6907506709,0
0.8281546481,0.6074469156,0
0.7893704487,0.1607496980,0
0.9538511526,0.4172210101,0
0.0923461179,0.0185583948,1
-0.7306798610,0.6095019109,0
1.8670620566,0.1021752234,1
-0.8013083783,0.1961138470,0
0.3302556213,0.1065054391,1
-1.1257762441,0.0900767204,0
0.4190678369,1.2314479017,0
1.1531961798,0.1983752099,0
0.7260588381,0.7499975284,0
-0.0967982660,-0.0126962712,1
-0.3797901036,0.9770860302,0
0.7486449539,0.6403361155,0
1.0314006002,0.4275600301,0
-0.6069595457,0.7903361453,0
1.8404850639,-0.0167199144,1
-1.0297176707,0.9119650155,0
0.7130976807,-0.1303236309,0
0.4111325006,-0.9169422321,1
1.1532910344,-0.4668995219,1
0.3376409242,0.8867885054,0
-1.1396467902,0.3325632251,0
0.6796643387,0.9382876437,0
-0.9537938361,0.2346904145,0
0.7458274608,0.7759479893,0
1.8621303295,-0.0006719284,1
0.0336724233,0.5293221551,1
0.2340359857,-0.3338679643,1
1.8967580494,-0.4353783653,1
0.7100384274,-0.6793728244,1
0.8162766443,0.9283342666,0
-0.9343138548,1.0879743698,0
0.9351363413,-0.3196324413,1
0.4339491719,-0.1542984505,1
1.7578770510,-0.1125134738,1
1.1633469750,0.6703485694,0
0.5965794868,0.8359136205,0
1.4935624299,-0.1630785397,1
0.0326505553,0.4203762314,1
1.5307488777,-0.5431759656,1
0.9693687333,-0.1585594672,0
-0.7359410372,1.0712881419,0
0.9094588701,-0.3547479708,1
0.0450223738,-0.2041626443,1
0.8250739947,0.5011872409,0
1.0037749104,-0.2330877766,1
1.1737112901,-0.7544789118,1
-0.0732542478,1.2146378552,0
1.6854190115,-0.2837085456,1
0.8784099947,0.1096835922,0
1.5495864167,-0.7566667774,1
0.1864655048,0.8376841595,0
-1.3227655547,-0.0860044106,0
0.8971182659,0.4893918056,0
1.8962763768,0.1754445627,1
0.9331453082,-0.2932787419,1
0.9372253068,0.6425093177,0
0.4061230360,-0.5494328815,1
0.1078940438,0.2563640648,1
-0.7745449693,0.4810245205,0
0.5857867141,1.1510721882,0
2.1179372124,0.4460737671,1
2.0009793269,-0.2222787558,1
1.5536693658,-0.2211571386,1
-0.6810183400,0.3098080818,0
0.3948917599,0.7057510001,0
-1.2394883950,0.2342565645,0
-0.6577541749,0.8508291965,0
-0.5915595751,0.8851866479,0
0.1877975798,0.2363451794,1
0.0167621929,0.7635864670,0
0.4654738249,1.0074033925,0
2.0116434741,0.2181391601,1
0.3536879422,0.2871553510,1
0.6400729557,0.8687298302,0
1.1856764631,0.5947327125,0
-0.6461427368,0.8498742446,0
0.1890398134,-0.3388569128,1
0.7093476689,-0.3715206978,1
-0.5519899237,0.8332876858,0
0.2977199075,0.1224476411,1
0.0538117080,1.2298685149,0
1.1881953999,-1.2120099650,1
-0.4865506268,-0.0399732314,0
-0.1313286557,0.3197408516,1
0.7679070349,-0.5033196448,1
0.6704902477,-0.3445124696,1
-1.0487873045,-0.0618941653,0
1.0984951758,-0.5863649049,1
1.0997436294,0.3300375638,0
0.1504147635,0.9765735519,0
-0.8069303485,0.4304592688,0
0.8592061693,0.0016902797,0
-0.2926816076,0.9761350446,0
1.7011440461,0.2185767870,1
-0.6293501867,1.3268899909,0
0.1517769105,0.1247365359,1
1.2949027112,-0.2006022755,1
0.0475996275,0.9708318869,0
-1.0561258340,0.1354264220,0
0.9756494389,-0.2283564939,1
-0.6990114567,0.4356463950,0
0.0771399162,0.2729087894,1
1.4059061301,-0.6365205672,1
0.8918438740,0.5966658687,0
-0.6251743682,1.1808735685,0
-0.7813729902,0.8634141901,0
1.4060709949,-0.3892823644,1
0.4672849019,-0.3913929332,1
1.8519172683,-0.1686004489,1
0.4198918149,0.1833557508,1
-0.7461489743,0.3916541251,0
0.6749129682,-0.3752920799,1
1.1165368436,-0.8454594804,1
1.1539858365,-0.7107688356,1
-0.4084057027,0.7430250421,0
-1.1720174037,-0.1153221628,0
0.8360094938,0.4052536792,0
0.6614650845,0.9851391717,0
-0.8129420544,0.1229508116,0
0.3841225031,1.1909663083,0
1.8618687270,0.6400250759,1
0.5988573620,-0.3413529821,1
1.9526952704,-0.2030023075,1
0.1375313566,-0.0983112186,1
0.3806436651,-0.3014605190,1
0.4450919275,-0.6989914257,1
1.1416774826,0.4897352226,0
-0.5557360524,0.9125110610,0
0.8904231948,-0.0293534701,0
0.4507198615,1.3141711926,0
2.2389998637,0.6599846109,1
-0.3374589482,0.6118344454,1
1.8599590692,0.1077318762,1
1.9885308842,0.7934655500,1
-1.1159100568,0.3187561922,0
-1.0410847312,0.2781584728,0
0.2418604663,0.0074368502,1
0.6468108047,0.9688879383,0
0.7821313145,0.4945331662,0
-0.1873224172,-0.3711497146,1
-0.1778546541,0.5842761870,0
1.2778109793,-0.4273533613,1
-0.2647844894,0.1681686390,1
0.9810517909,-0.0650134014,0
0.9462757555,0.6718761866,0
0.9646858193,0.2976518541,0
-1.2867598544,-0.0704139048,0
1.0073611459,0.5025329987,0
1.8029912634,-0.1540664775,1
-1.3943982454,0.4015241990,0
0.0098774369,-0.0962354031,1
1.2154685650,-0.4004414960,1
0.5315694285,0.9466791438,0
1.6806006498,0.4854402542,1
-0.1335845998,0.9243231825,0
0.4957290746,1.3216453288,0
-0.9882069143,0.3066066314,0
1.1486337286,-0.7596569671,1
1.4641037733,-0.5284509839,1
1.1806874499,0.0532446086,0
0.2106820477,0.1869327593,1
-0.9206855643,1.1438101800,0
0.9092341821,-0.4809843868,1
0.0656331139,0.6016913596,1
2.3205232613,0.3528750550,1
-0.9171995259,0.1943262706,0
1.9518749706,-0.1267526136,1
0.3044565070,0.8120208505,0
0.4375084277,-0.0324201918,1
0.6116634815,-0.3348387638,1
-0.8795943416,0.7089583197,0
0.4721163083,0.8004642881,0
1.2526568529,0.0101025093,0
1.1736632562,-0.6807120537,1
-0.7044651230,0.8013963459,0
-0.9363446919,0.0176066381,0
0.2537331698,-0.1900905737,1
-0.5439931077,-0.0662047266,0
-0.3339443676,0.2610694844,1
0.2988725473,-0.1215647547,1
-0.7056898533,0.9024399507,0
0.5245949082,-0.4126641610,1
0.2716727234,-0.6030753422,1
2.0814145741,0.3381347381,1
-1.0720114902,-0.0687859547,0
0.0312133365,1.0547307802,0
-0.5647540656,0.5593567694,0
0.4421576568,0.3107451243,1
2.0056123127,-0.3975419238,1
0.6176885777,0.5830041731,0
0.6543161942,-0.4331482204,1
0.2121921365,0.0866668861,1
0.8431412833,0.7560190890,0
1.0860861540,-0.6593162724,1
-1.0501503292,0.7792188025,0
2.0808011510,-0.1583599717,1
1.1077781999,0.0536773962,0
1.6305487251,0.2696364656,1
1.3030925053,-0.2033533305,1
0.7772758663,1.0377072740,0
1.6118516497,-0.5439194687,1
1.3679191543,-0.6848887614,1
2.1264478529,-0.3137307962,1
0.6304228272,0.6734903360,0
-0.1745417361,1.0917102694,0
0.5602457390,0.3817266152,0
-0.4203545079,0.6959910156,0
1.1436748749,-0.9190662519,1
1.7532020439,0.5933928389,1
0.1283871838,-0.3177427575,1
-1.0274815988,0.1448426159,0
-0.2181351263,1.0601485091,0
-0.5807409442,0.9303282789,0
0.4612677500,0.7784240142,0
0.0867267100,0.3507352616,1
0.7779729479,-0.1983321940,1
2.2167730534,0.4016420950,1
1.6131701251,0.1372346987,1
0.0189479238,0.3084388756,1
-0.3864427247,0.8231688664,0
0.4687028699,0.4145031312,0
1.4438956512,0.3188252319,1
0.2618803299,-0.1664034219,1
1.8349117275,-0.0507544719,1
-1.0204001391,0.2161713007,0
2.0008567121,0.2052622276,1
0.5170855189,-0.2481434140,1
0.3016991705,0.8212086703,0
-0.5759406942,0.7909792026,0
0.9835533388,0.4709218464,0
1.5082459523,-0.5462190966,1
0.8957136342,0.6690695708,0
-1.1475823406,0.1388080323,0
1.1248582902,-0.5474829670,1
-0.1012411927,0.2181513211,1
2.2650063599,0.5211990304,1
0.7353626386,-0.0544042358,0
-1.0709561883,0.0511850207,0
0.9877261988,0.2609891756,0
1.9461150459,0.4162226757,1
0.4675725089,1.0944208383,0
0.8802908681,-0.4899535143,1
2.0566429418,-0.0035474438,1
0.7917711174,1.0259394302,0
-0.0622262937,1.1906930224,0
0.2156777763,0.8626741975,0
0.4085753576,-0.7147052323,1
0.8175189154,-0.3258701986,1
1.6693192738,-0.6018133343,1
1.4778745444,-0.4922833361,1
-1.0471655306,0.7336408960,0
-0.6386222379,1.0196822320,0
1.5043213945,-0.7912067973,1
1.9953095297,0.3548093960,1
-0.0314326523,0.4426082700,1
-0.0472166680,0.1065371140,1
1.9621695546,0.3771742796,1
1.8869166042,-0.0408147025,1
0.8909305985,-0.5304637206,1
-1.0199226876,0.4698391619,0
0.9858318723,0.3888406546,0
1.1137715743,0.2927948935,0
1.6717327888,-0.2863595678,1
0.4589782237,1.1476764959,0
0.9412068166,0.5250946170,0
0.1284311130,-0.4933827555,1
0.8873145426,0.2206305071,0
1.0012124147,0.3837736762,0
-0.4190454950,0.8946111446,0
1.0189091161,0.3136342839,0
0.2095790580,-0.1491738228,1
1.0042110927,0.0466683680,0
-0.2942887992,1.1160586446,0
-0.4062432367,0.2502115817,1
-0.1442584857,0.1450046185,1
0.7126764526,-0.3954445246,1
0.9865071021,0.5609666351,0
0.4542832821,0.0061906604,1
0.4893531931,-0.2159928175,1
-0.4890420703,0.7168174962,0
-0.4515842273,1.0863774892,0
1.7448597975,-0.1629373873,1
1.6994990723,-0.0415654471,1
0.3229426336,1.3917927872,0
0.5935098410,0.6851846451,0
1.7087281372,-0.4332227152,1
1.0542258341,-0.7503122294,1
-1.1823566533,0.2087276446,0
-0.4701462014,0.6591220987,0
1.4411604117,-0.1340863641,1
2.0250610528,-0.0997728803,1
1.2170439278,-0.5630128511,1
-0.0596875894,0.2554345600,1
1.8737991319,-0.0804493972,1
-1.0906914760,-0.2289902833,0
1.5470433171,-0.3279667616,1
0.8721733696,-0.6534568503,1
1.2288204329,-0.5677767065,1
0.0877674640,1.3600639756,0
1.0206842248,0.4615366367,0
2.0264537009,0.3971742777,1
0.4082472909,0.9138347238,0
1.9641451880,0.4428412984,1
0.7520430554,0.9222857785,0
0.5244466226,0.7554771189,0
-0.6305717186,0.2068750979,0
-0.4710508054,0.5278418972,0
-0.1143527815,-0.2569297891,1
2.1700417479,0.0412074716,1
1.8873771966,0.0396195103,1
0.3128470052,0.8372024557,0
0.9795569834,-0.1642000534,1
0.2644318734,-0.6031010862,1
-0.6336200730,0.8634031040,0
1.2120681229,-0.7098476971,1
1.2225151760,-0.5233670362,1
-0.4912046303,0.9542836181,0
0.2596028944,-0.1242406730,1
1.2938593121,0.2239132700,0
0.2061444391,0.1926587088,1
1.7813297407,0.0150175158,1
-0.3068465410,1.0308231731,0
0.3015331850,0.9289399459,0
0.5973357733,-0.1141647497,1
-0.8991182049,0.8020706088,0
-1.2383878564,0.3196817839,0
-0.6702407928,0.6817121030,0
0.7944788691,-0.4662109885,1
1.2296087580,-0.3497182622,1
0.6950441410,-0.1901173114,1
1.7639482797,-0.1486128241,1
1.1062986895,0.2308455488,0
-0.2462112461,0.4858743947,0
0.4536420318,1.1741134082,0
0.7972924651,0.4335914799,0
0.0373911004,0.2724263078,1
1.0204318154,1.0072748422,0
0.6247611710,0.6858017258,0
1.2058896137,-0.4003480229,1
0.4189401313,1.0239688904,0
1.3370304209,-0.5112736394,1
0.8052322937,-0.6617496338,1
0.7475279295,0.9399685766,0
1.2994854228,-0.4365306610,1
0.2998925003,-0.2046639322,1
0.2386915557,0.3603409832,1
0.8921613168,-0.5745361814,1
1.9877391229,0.4888554995,1
1.4735532675,0.2626187537,1
2.1006687686,0.0343176538,1
-0.4291114639,0.7635770254,0
-0.3851727594,0.1944526004,1
1.0055629023,0.5090677384,0
0.6014355739,0.2055381041,1
1.2112353640,-0.1459202909,0
0.1187429852,0.0939350787,1
1.0161118257,-0.2527648575,1
1.9250804180,0.1454122819,1
-0.8230629223,0.1291407661,0
0.5614430000,0.7134867821,0
2.4615820223,0.2909823831,1
0.3583893914,-0.2037703978,1
0.4481338411,1.2264840415,0
1.3227622251,-0.6284407565,1
1.7289297564,0.1401695160,1
-0.7328410328,0.6095285129,0
-0.5751962314,0.8287775117,0
1.8630364610,-0.0961869261,1
0.6081012374,-0.3956934636,1
0.2491999384,-0.1260883796,1
-0.5500003011,0.6754914876,0
0.7803862510,0.5015439610,0
1.2818319028,-0.1344747051,1
1.8129687891,-0.7325482678,1
0.8003545589,0.0148471679,0
0.9470365243,-0.4867620718,1
0.3356034821,0.7566308781,0
-0.1129752696,0.8705064882,0
0.4372727625,-0.1009538644,1
0.7002601607,-0.3894389440,1
0.5480647901,0.0768139479,0
0.2555367473,-0.4707789969,1
1.8944945557,-0.1456826615,1
-0.4525786251,0.9360046863,0
2.1827244984,-0.2124133024,1
1.9046203230,-0.3360926692,1
0.0251443232,0.5548611325,1
1.4760126413,-0.4527063249,1
0.5293982433,0.0858070566,1
-0.8743261488,0.5458813543,0
1.6281244904,-0.2060536419,1
2.0403623418,0.3181691330,1
1.9108173442,0.2615971314,1
0.0365920799,-0.2103092599,1
0.5049827842,0.8040339762,0
1.5786769557,-0.5429580553,1
-0.4531537237,0.7972392691,0
-0.2585458913,1.1775328471,0
0.9996460270,0.8143527885,0
1.7623052461,-0.4819573531,1
-0.5342667760,0.7401168715,0
0.7397426442,-0.2239416418,1
-1.0640999325,0.5796294451,0
0.0603503829,-0.3105779644,1
2.1449906837,0.1524093110,1
-0.9297915845,0.3289385426,0
-0.0590006482,0.4774935513,1
0.5194367595,-0.0537128238,1
-1.1747223228,-0.0576008326,0
2.1399993309,0.2284296496,1
1.6631225630,-0.2265142369,1
-0.6649101914,0.8865407114,0
0.9413850321,-0.5240430374,1
0.0318264379,-0.1182405679,1
1.5771891863,-0.4906591826,1
1.7749371770,0.3169145081,1
-0.4517403034,0.4778375009,0
0.7940480465,0.3220079547,0
-0.0430391359,0.9473221225,0
0.1592599044,0.0809393259,1
0.1459586625,-0.1661266317,1
-0.8415571149,0.8133611394,0
0.3456380864,0.4925505277,1
1.0083088110,-0.6632096044,1
1.7341238143,-0.1589623125,1
1.4549153616,-0.3770391469,1
0.1899511445,1.1910674970,0
-1.3561250756,0.6010162851,0
0.3985152853,1.3702676745,0
1.5426308101,-0.3891622798,1
0.0210255845,1.0896412410,0
0.4792189940,-0.3694478316,1
0.0827983283,1.1804163492,0
0.8378594251,-0.1336807736,0
1.1880743908,-0.1922757790,1
-0.6653841168,0.9348510609,0
1.5241029502,0.7346995229,1
1.4931295593,-0.2208196191,1
0.7700214740,0.6729602604,0
0.9715203085,0.8600947650,0
0.8976874590,0.1973228994,0
0.5486298033,0.2115723236,0
-0.8683882469,0.7679566841,0
0.8440258633,0.7317425990,0
-0.8695675686,0.8178588816,0
1.6996979200,-0.3633716459,1
-1.1422529127,0.0047641234,0
1.6550294600,0.0568220592,1
1.4235746358,-0.5659696643,1
0.4192929557,0.8783095347,0
0.6531850943,-0.3507568681,1
1.4121894569,-0.0510293210,1
-0.0455155859,-0.0118432322,1
0.2058667117,1.1401853447,0
0.9449861900,-0.6042051968,1
-0.1152984898,0.7012739951,0
0.2980791512,-0.0530475992,1
-1.0852694638,0.2317174695,0
1.4410804197,-0.4582917865,1
0.5466862953,1.2317297706,0
0.6590482995,0.8018963726,0
1.3778257777,-0.1871699561,1
0.0895003602,0.3660551053,1
1.7028062122,0.1751513729,1
1.3995249954,-0.0141268080,1
-0.0895996756,0.4204872010,1
0.1521357034,1.0492041309,0
0.7564553494,0.5721827791,0
-0.4441213717,0.1317727710,1
-0.1837395831,0.3899945586,1
0.8165317386,-0.9875296841,1
0.0790922120,-0.2137379188,1
0.4558482386,1.0764130799,0
1.6749198627,0.5034506674,1
0.4071862736,-0.1128049949,1
-0.1830951913,1.0319175612,0
0.4513766729,0.8766351205,0
1.8767699689,0.1906700846,1
-0.3897221081,0.7364054187,0
-0.9008433287,0.8777332567,0
-0.4432873598,1.2069541969,0
-0.7960549965,0.3347998833,0
1.0568677621,0.1905757439,0
1.0428266358,-0.5894043683,1
-0.8616842404,0.7377156490,0
-0.0648639959,0.3877226593,1
0.2231802217,0.7865507034,0
-0.1107094022,0.9919519964,0
1.8239133703,-0.2407183023,1
-0.9769809291,0.7471896979,0
-1.0745725306,0.4661963060,0
0.7038923159,0.8181525656,0
2.0201218567,-0.1946516338,1
-0.1636452560,0.8962302303,0
0.4822542947,1.4845501570,0
1.7173449084,-0.2318405747,1
0.7110131550,0.7028189204,0
0.7326292824,1.2289302136,0
1.7036441532,-0.4198039828,1
1.4340195962,-0.4346581903,1
0.0328213825,0.0134740829,1
0.8626739993,0.8859043854,0
0.6408676048,0.5078491875,0
0.7121888601,0.9764397862,0
2.1103234320,0.4298967170,1
-0.9973348422,0.3054840113,0
0.9304018850,0.2027368339,0
0.5379974828,0.1340512495,1
0.3202835645,0.1431545812,1
0.2402826695,1.3314307133,0
0.4633931838,1.0905553300,0
-1.2066012333,-0.0824418954,0
-0.1759043012,0.9991132675,0
1.7891707213,0.2037886938,1
1.7050170945,0.1317793197,1
1.9784781659,0.2186290530,1
-1.1128684990,0.1979901011,0
-0.9725693296,0.5555601767,0
2.1885349208,0.3535532922,1
1.3991367185,0.1754200652,0
-0.2663961136,1.1782672572,0
1.2671891031,-0.1783778184,1
0.0360461724,-0.0683092795,1
0.3638457144,-0.5287806422,1
0.3247425481,0.4626242191,0
-0.0566364948,1.0211610768,0
1.4481812717,-0.2671617721,1
0.7275132511,0.1602601402,0
2.1265840719,0.2002154798,1
1.0953356751,-0.5355138336,1
-1.3864962128,0.1903931113,0
-0.5167113245,1.3310075770,0
-0.9723814307,0.5966979894,0
1.9042222038,0.0157873590,1
0.8680000272,0.6675710694,0
-0.7233318575,-0.0044370201,0
0.7820826665,-0.3507820294,1
1.0540704207,-0.3428341109,0
2.1533461570,-0.1078401083,1
0.2332036656,0.6201373346,1
-0.8107881223,0.2134325657,0
1.9194128931,0.2492577541,1
1.7725128581,0.5269562448,1
0.1179543192,-0.2889125491,1
-0.2091126534,0.4143110691,1
-0.2322185589,1.0089190783,0
1.1247139920,0.5679326813,0
0.9369308684,0.0351998091,0
-0.7933274971,0.1400862943,0
-0.2556039844,1.0017327967,0
0.6249128924,0.7048997746,0
1.0402526843,-0.3103345721,1
0.7100668705,-0.1470466643,1
1.9576605783,-0.3792486020,1
0.1135529336,0.7649382222,0
0.5152897269,0.5704950176,0
1.0289983559,-0.3725738520,1
0.5009053671,0.1735324569,1
1.5017285562,-0.7572663281,1
0.4936573413,0.4300021019,0
-0.4826544800,1.0505248902,0
0.3698074922,1.0153068738,0
1.4907561208,-0.0886300482,1
1.8747671795,0.5125010328,1
0.2980012570,-0.2481405856,1
-1.3064028247,-0.3050969003,0
1.2130618564,-0.6391176279,1
-0.0197591212,0.2268562683,1
0.1319357585,0.7224771747,0
1.3068033843,-0.5020426837,1
1.0309499999,0.3198629246,0
0.2238972262,0.8835067907,0
0.7768455951,0.5309016394,0
0.7108276169,-0.3012214453,1
-0.9495647577,-0.0898880576,0
1.0020886429,0.1985885120,0
-1.0562021576,0.4552962132,0
1.0912254352,-0.4605314382,1
1.1328673272,0.1027299087,0
0.4527362353,0.4601656009,0
-1.2112926456,0.3709137211,0
0.0666267271,0.9768036495,0
-0.3074810580,1.0440552818,0
2.0845734959,-0.0230414404,1
0.2854387209,-0.0155620976,1
1.7499122373,-0.5528344408,1
0.9476507775,-0.6140043164,1
1.7320396893,0.3895292101,1
-0.8046699307,0.6667749529,0
0.6564423992,0.6362645230,0
-0.7745233387,0.3242615750,0
0.5344246511,0.9458133028,0
0.6823105288,1.0651135001,0
1.5762041157,-0.3991008227,1
1.4505967932,-0.7735539854,1
0.2348891759,0.5652625927,1
-1.1044029309,0.2215586243,0
1.1141354983,-0.0216307206,0
0.3889390588,0.4416274199,0
1.1114064155,-0.1291209019,1
-0.7252714250,0.8679405890,0
0.6871979607,-0.5355721149,1
0.2384181574,0.9818183339,0
1.9704596517,-0.1836936422,1
0.2297590452,0.9870891011,0
-0.2976988566,0.9284213409,0
-0.9497875924,1.1363614784,0
-1.0211730421,0.1274852788,0
0.0195650527,0.5750793471,0
-1.3598463134,0.9339078769,0
-1.1334546527,0.3753174671,0
1.0272380068,-0.4743284647,1
1.0849816703,-0.7371812248,1
0.5188607349,-0.0833974754,1
1.1003399406,-0.9729150972,1
1.4526803953,-0.5450105449,1
-0.6856072713,1.1935213075,0
0.7839930740,0.2404037022,0
1.4924425026,-0.1969471138,1
0.0201056040,-0.1535677171,1
2.0270174904,0.0542864774,1
1.9372105445,-0.1877798791,1
-0.7068916698,0.8213660526,0
-0.6106403973,0.8460127915,0
2.0591648441,0.0143363551,1
0.3388285100,1.0494707660,0
-1.0251533931,0.4242129335,0
0.7975991044,0.7407705706,0
0.4308089045,0.7136032259,0
1.1804142985,0.0508472634,1
-0.2342898260,1.0551178496,0
1.0597409491,-0.8914335531,1
0.1341819680,1.0855254853,0
0.8652156091,0.5547999743,0
-0.5751840586,0.7180028546,0
0.9107013773,0.5820943086,0
1.9103281479,0.1401033799,1
0.9601396102,0.1800237437,0
0.1191753156,0.2130855819,1
0.7270146146,-0.2844112251,1
-0.7880956052,0.7282826826,0
-0.8047450113,0.6565064841,0
0.6001388490,0.9375736281,0
0.5076206274,-0.0653169364,1
0.8946725495,-0.4337451600,1
1.2490750439,-0.5492038463,1
2.1358934396,0.0213610662,1
-1.0490138860,0.3227681363,0
1.1193952614,0.4792686991,0
-0.3956110263,0.6387140274,0
1.2891172675,0.3413636889,0
0.3153127887,1.0265372875,0
0.9552441686,-0.5641940926,1
-0.1392415366,1.0829342296,0
0.9129715080,0.8032563711,0
-0.5673107687,0.4895883737,0
1.7424167577,-0.1529720473,1
0.7556173682,-0.1278668019,1
2.0310914076,0.2700158788,1
0.2587785110,0.0624418486,1
1.5071056909,-0.5801531612,1
0.3669620417,-0.3766098435,1
1.3258440197,-0.5822524023,1
0.1737429446,0.4756459383,0
1.6923513352,-0.1882656399,1
0.7776089292,0.9388847020,0
1.2325789841,0.6004025622,0
-0.9394397356,0.4562287667,0
-0.1901045116,0.4527801641,1
-0.3485075160,0.2768988771,1
-0.0318523673,0.7599515970,0
2.0855996222,0.2096601498,1
-0.0677614261,0.9782835301,0
0.3369004467,0.8279050421,0
0.1427533620,0.5319113587,1
0.8214347669,-0.2115435299,1
-1.0944525896,0.4592602009,0
-0.3468703971,0.7433911255,0
1.8928354835,0.0539295697,1
0.0297808744,-0.0815098114,1
0.6544976143,-0.3091677357,1
0.4751897717,0.4075475005,1
-1.0084393134,0.2473037152,0
1.1459967836,-0.1020377325,0
1.8238303958,0.0697322547,1
-0.0645693474,1.0166962919,0
-0.0728903538,0.4032071021,1
0.5484559524,-0.3603732154,1
1.2621010203,-0.3902667757,1
0.2781119760,-0.1250804585,1
0.8846993817,0.3654342426,0
-1.0183129249,0.7644555240,0
1.7925192862,0.0060241112,1
0.5202122661,-0.0025112562,1
-0.3156592549,1.0769087639,0
0.8348924204,-0.7289923345,1
0.1688598527,1.2429417726,0
-0.4572738967,0.7194204873,0
-0.8938495934,0.1017079160,0
-0.1319040761,0.7332581768,0
1.2395888187,-0.7563225421,1
0.8414090177,0.7933288765,0
-0.1036391512,0.1378775243,1
1.4473241967,-0.3555111457,1
0.2428909204,0.1454591369,1
-1.1553796475,0.6621336804,0
1.4612542728,-0.8942795496,1
-1.2511895253,0.0251389983,0
-0.3573259744,0.7291029255,0
0.0709048649,1.2851047920,0
1.0402578602,0.2025593884,0
1.4204608519,-0.3138569074,1
1.7506184434,0.0879229674,1
0.5182892641,0.9459243100,0
0.4128049613,-0.3883124288,1
0.8010114519,-0.4296495703,1
-0.8689774458,0.2570292594,0
-0.8201049232,0.6092056881,0
0.5330400367,0.4410047793,0
-0.0370553915,-0.6448425864,1
1.5235605733,-0.2720060448,1
1.3852381437,-0.5693089848,1
0.9903016034,0.6332006064,0
0.5264437010,-0.1295009034,1
-0.4485832794,1.0212463806,0
0.4554068692,-0.3580164527,1
0.2797839561,0.5540246795,1
-0.6210208281,0.7011146309,0
-0.0023215875,0.4980497045,1
0.3217140526,-0.0154074511,1
1.4675746824,-0.3701371744,1
-0.5930223481,1.1748327093,0
0.7606913785,0.1453123623,1
-0.5030705453,1.0786304860,0
-0.2999933968,0.9183173253,0
-0.7381651061,0.6526138376,0
-0.0416167374,1.1217167205,0
-0.6654406597,0.1699515982,0
0.8380080862,1.0755959933,0
0.0103417319,1.2022535581,0
-0.0678947504,0.8441534263,0
0.3095869800,-0.2021711194,1
0.7950316388,-0.5716057225,1
-0.3573145816,0.9959907919,0
0.6587119870,-0.6189990961,1
0.8102474341,-0.1752428567,1
2.0250865992,0.2283708563,1
-1.0826992862,0.3276194927,0
0.3539606197,-0.0279859018,1
0.0037695003,1.0410816132,0
-0.7587589111,0.6401746282,0
-0.1513992470,0.1371000777,1
0.8141752272,0.9368018366,0
0.7960236116,0.5853461304,0
-0.0017302779,1.0514421491,0
-0.4087063994,0.7672208048,0
1.2629460458,-0.0903742831,1
-0.5980151202,0.8239470783,0
2.5448057463,0.2635085089,1
-0.0459607173,1.0458344639,0
1.6180668546,0.0968134814,1
1.1592767778,-0.6198200333,1
1.1134958786,-0.6601296696,1
0.8544806266,-0.5225670450,1
0.0555465282,0.9063993130,0
0.1395329203,0.9062012156,0
-0.2115631087,0.2382601707,1
0.3753875520,-0.2859282370,1
0.3990458537,0.8340463151,0
-0.2313457422,0.5631553762,0
0.7839721571,-0.6800915886,1
0.4043552237,-0.2630201781,1
-0.5970508232,0.3274704508,0
0.3911606756,0.3827814400,0
-0.5908535657,0.7656657751,0
-1.0297727778,0.9376870679,0
0.1147197231,0.0931928674,1
0.8727610827,0.0223049753,0
0.9338442579,-0.3781871788,1
0.8539908211,0.0227572863,0
2.0091550981,0.1082421615,1
0.6592559961,-0.6904247330,1
0.3771562962,0.1662827850,1
0.1994631100,0.2568730855,1
0.0828553678,0.5081566451,0
1.3688215492,-0.1821428536,1
1.5656618563,-0.3566614785,1
1.9382348110,-0.3993691101,1
-0.0384372042,0.3014812931,1
2.0868686839,0.2996507718,1
-0.9095830014,0.1472404037,0
-0.8173089503,0.2331071073,0
0.0031066442,0.9518542962,0
2.0287019402,0.2297878163,1
-0.3211302376,0.4827375212,0
0.4765386127,-0.5466342469,1
0.0901882150,-0.1081565157,1
-0.5320178463,0.2576089376,0
1.1625677612,-0.0955756031,1
1.4006933594,-0.6120457097,1
1.1228832300,-0.8772228177,1
-0.1468237974,0.9690974302,0
-0.1411259770,0.7892283689,0
-0.0412919600,-0.0183691124,1
1.8947950015,0.7423747836,1
0.8627070099,0.5944684002,0
1.9667419786,-0.0463653342,1
-0.0945721838,0.2136439072,1
1.6843154834,-0.2576324011,1
1.7178653780,-0.3689462901,1
-0.9193932473,0.2070651083,0
-1.2959514846,0.5423749234,0
0.5165463921,-0.4632569150,1
0.1993516648,1.1553821437,0
1.0201221101,0.2725026991,0
0.3125868530,0.7242129768,0
1.2356428682,0.0908747025,1
-0.3995430762,1.0928654783,0
-0.7123013637,0.2717644860,0
-0.0201216410,0.6847337999,1
1.9057281570,0.3459689388,1
-1.1077226340,0.0065496468,0
-0.3585341159,1.3734987286,0
-0.3021684290,0.9649713561,0
0.2357720416,-0.2967337517,1
-0.6215229607,0.7007896007,0
0.6306251816,-0.2796135934,1
0.0161566442,0.7867320132,0
1.6239312581,-0.6322216556,1
-0.3115031736,0.2271062039,1
0.0754122234,0.3098210126,1
0.7436173231,0.4139639664,0
0.0770748433,0.8043050442,0
0.6751844339,0.6557210522,0
0.1853481864,1.2115092548,0
-0.0048500807,-0.1956782131,1
-0.6616247657,1.0177577979,0
0.6407756280,0.3452146580,0
1.9360442133,0.0429785358,1
1.4816100141,-0.1272179959,1
1.3786224631,-0.6708979340,1
1.8318024449,0.3614616134,1
1.5536993474,-0.6555034410,1
1.7498903423,0.2256293815,1
0.4366912980,-0.6634572792,1
-0.2150513357,1.1989618118,0
0.1100949171,0.7212095672,0
1.0346022625,-0.4867527257,1
-0.7468659083,0.5981369331,0
1.2655841898,-0.3742849147,1
-0.0897630059,0.8786566529,0
0.1456327999,0.6193325812,0
2.0448836329,-0.3869354110,1
-0.5772796361,1.0481520926,0
1.4059275968,-0.2761618098,1
0.9787365871,-0.2318691922,1
-0.7511950035,0.4638120530,0
-0.2478070945,0.7826994863,0
-0.2981373954,1.0064267396,0
2.1563004555,0.1005261658,1
-0.7166201024,0.7655478017,0
-0.5129354661,1.2541011310,0
-0.0818106556,0.6820076510,0
-0.2392658251,0.2906847143,1
0.9493564557,-0.3557170531,1
1.8803575799,-0.2751687211,1
0.3573320771,1.1562350852,0
0.2619989021,0.2925331412,1
-0.2962616681,0.7786065781,0
1.0239661203,0.3640802367,0
-1.2020564056,0.1389715601,0
0.5698038637,-0.2003515443,1
1.2342712302,-0.3252751143,1
1.1988196862,-0.4112448623,1
1.3641049213,-0.0438475686,1
2.1650795610,-0.0716129182,1
-0.8087980851,0.3076527280,0
0.4674265832,1.0514425236,0
-0.3668748183,1.0691779750,0
-0.6667480512,0.8296807731,0
1.2558773394,-0.9413854045,1
-1.1622846262,0.6760734291,0
0.2062539731,1.2670261559,0
0.5915465132,-0.3464614984,1
-0.8522001754,0.3921128725,0
0.7338367678,-0.3823073187,1
0.3284995393,0.2266529766,1
-0.1642565630,1.1970806992,0
0.1309042651,-0.4099889069,1
0.4222756086,1.1457904058,0
-0.4460343410,0.2513732563,0
1.8213513976,0.3069788562,1
0.2650118585,1.2517388175,0
0.5853227871,0.6755316387,0
1.5980603048,-0.3207277843,1
0.5792918870,-0.7720615296,1
1.9087726262,-0.4592709695,1
0.0585456326,0.1155214801,1
1.5059815714,0.6183579861,0
0.1970501736,0.9239449403,0
2.1231447741,0.1512434190,1
0.7598124457,-0.5181692177,1
0.0657534108,0.0778850353,1
1.3286136904,-0.0665268648,1
0.0997157744,0.5930558813,0
-0.8119808898,-0.0519802014,0
0.7200958963,1.0457050335,0
0.7199662167,-0.3416907697,1
0.0784491386,-0.3118711131,1
-0.0007579327,0.7251292670,0
-1.1118630031,0.7861491380,0
0.6287139363,-0.5715916395,1
0.0743755034,0.4126651912,1
0.6334703383,-0.0669690547,1
-0.4800553592,0.8101412590,0
0.9108064754,0.0361587649,0
0.9408661842,0.1918288390,0
-0.7527011191,0.9367750986,0
-0.2787078255,0.7084653600,0
-0.9032275026,0.4090625631,0
0.9406732517,-0.4143092587,1
1.2267634464,-0.3942127483,1
0.0769139748,-0.0582742787,1
1.7952680481,-0.2605181281,1
-0.3261191173,0.9504158311,0
-0.4464942183,0.7003888861,0
1.9908147098,-0.4317865104,1
0.4333067199,1.1398335539,0
2.0547865245,0.1832059139,1
-0.3221887606,-0.2264461964,1
-0.8091252634,0.6997722788,0
0.9671826136,0.3420770812,0
0.7596562287,0.5042106003,0
0.6138792195,1.0767089453,0
1.2875484775,-0.4854621680,1
0.7832573102,0.2165592547,0
-0.8722858366,0.2534053555,0
0.9248317088,-0.2874772949,1
0.1277700643,0.8037881864,0
1.2255857397,-0.6212367686,1
0.1400065181,0.9183081672,0
0.5728713184,0.5906709761,1
1.4956563955,-0.5974269606,1
0.7170101661,0.7702840219,0
0.5102320514,-0.3683925385,1
0.8602855333,1.1438947078,0
1.5897513955,0.2333848854,1
0.1723880083,0.2953007419,1
0.2402636436,1.3121917476,0
-0.3291106854,0.7922726665,0
-0.0712141503,-0.2143565967,1
-0.1209978168,1.2041377872,0
1.2376399615,0.1395209569,1
0.3007829204,1.1860681342,0
0.4800409682,0.7513744657,0
0.9748218710,0.4243333342,0
-0.2071355037,0.9911352400,0
1.4072127655,-0.5915909631,1
0.1932900070,1.1402101874,0
1.8393115395,0.0430917733,1
0.4706091043,0.1344252181,1
-1.2116592270,0.3767225588,0
1.7128068060,-0.3618108707,1
1.0734476287,0.1099304796,0
1.6928549757,-0.0301944815,1
-1.2600103237,-0.0564973887,0
-0.7993189093,0.2914846038,0
1.2206047632,0.0912410059,0
0.0787690935,-0.0586273300,1
-0.2912667020,1.2557613892,0
-0.4845608303,0.6329309395,0
1.2973540223,-0.5078871813,1
0.4574456702,0.6247810893,0
-0.6868703614,1.0754946572,0
-1.0509047124,-0.0117068592,0
-0.9104370165,1.0199180903,0
1.1771243084,-0.5030655514,1
1.9723716987,0.2986857120,1
0.2576867449,1.5551231019,0
1.0540505711,-0.6469613287,1
0.9060669231,-0.4027386918,1
-0.3033337673,1.0604797884,0
0.2889906341,-0.2315738905,1
-0.9951925995,0.1547278164,0
0.2313281345,0.1804615948,1
1.5011044713,-0.0151233659,1
-0.7473286108,0.3458739903,0
1.4540939850,-0.2864315877,1
0.2568458497,0.9413599180,0
0.8274367913,0.4237626207,0
2.0683213195,-0.1881100379,1
-0.0754037668,0.0729093194,1
2.1699658992,0.3864212538,1
0.7517068167,0.4500554446,0
0.5042520316,-0.1437118133,1
0.0418737992,0.3199265193,1
0.1825619508,1.2760877509,0
1.0720469339,-0.4964642233,1
1.1179572995,0.2619228369,0
0.9158835088,0.3240230924,0
0.9612169770,0.3128993894,0
0.8315494979,0.2158482291,0
-0.0223235987,-0.1046579898,1
-1.0714063394,0.7573899813,0
0.0244558582,1.0568183428,0
1.5066756106,-0.2959681497,1
-0.7396391943,0.1148449716,0
-0.9288561629,0.4545267027,0
-0.1171693333,0.5680152105,1
1.9589105569,0.4627720079,1
0.5336941357,0.6703252945,0
2.0029447182,0.2827945522,1
2.0299131693,-0.5188687817,1
0.5048752729,0.9639057874,0
1.6077296762,-0.2953173635,1
-0.9098179330,0.0467986627,0
0.5995387568,-0.6845392747,1
1.8824344706,0.2758887668,1
1.3018095210,-0.2298856139,1
0.4944999302,1.0732716013,0
1.2594620727,-0.2654684122,1
-0.0378269221,0.7842469167,0
0.7555091184,0.8596980093,0
1.7578658775,-0.2923128188,1
0.8736719925,0.9933561924,0
1.2150636318,0.5379608048,0
0.2611242157,0.9470346121,0
-0.1762104448,0.9680675173,0
-0.6697912079,0.6610779363,0
1.6696219137,0.2067592031,1
-1.0748999779,0.6526699064,0
-0.0105013676,0.0412172384,1
1.9097203852,0.0509051892,1
1.8213457875,0.0489856352,1
0.9947368790,-0.4853236295,1
1.4544233319,-0.4404498123,1
1.7653688627,0.3555720047,1
-0.2403133788,0.9143052142,0
1.0088974277,-0.3455216137,1
0.1729583175,-0.2892578855,1
1.6730013091,-0.1590948555,1
1.0443137903,0.0747120658,0
-1.2303944011,0.2471686588,0
-0.9046579736,0.4454371589,0
0.1468611141,0.7588879660,0
0.5209915076,0.4290597778,0
1.3591909489,-0.6117418618,1
0.6441640924,0.0104129561,1
-0.6190685400,1.0461747638,0
0.3310821949,1.1663397649,0
0.0831640306,1.1852262350,0
0.4746166454,1.0666319212,0
-1.2422496871,0.4195777009,0
0.0269326891,1.0469475327,0
-1.0481768513,0.7187820581,0
0.5660646177,0.4845120551,0
2.4083755951,-0.0011929194,1
-0.8354295936,0.0049076715,0
1.8591476009,-0.4991407736,1
2.0471931425,-0.4007721680,1
1.2280685941,-0.2738613240,1
0.8395687167,0.1176260660,0
0.5676709434,0.3391983969,0
1.5380551725,-0.5671377740,1
-0.4206557244,0.5990074060,0
1.5776369219,0.1555384824,1
-1.0087362924,-0.0448228107,0
0.6305664332,0.8833407810,0
1.8439093146,-0.0300972494,1
-0.5721328871,0.7841239235,0
0.3838146513,0.6859174809,0
1.3148856199,-0.3008226052,1
1.1744591494,-0.8261325999,1
0.8624525918,-0.5179728573,1
0.9357898573,0.5890008001,0
0.1137975832,0.7473926340,0
0.4807901870,1.1913045678,0
2.0048188682,0.4443273153,1
0.9331970577,-0.3558743064,1
0.1027752418,-0.1438511380,1
0.6395394123,-0.3593923938,1
-0.4425258821,0.5024963535,0
1.3966418373,0.1497590877,0
1.9227144977,-0.1988238346,1
1.0722523124,-0.5881775962,1
1.3476107163,0.5741227621,1
0.1382925792,0.0078073691,1
-0.6132858717,0.6154356358,0
0.3646025449,-0.3780841986,1
0.0208954676,0.3184378047,1
0.0728205324,0.0896647737,1
2.0239657885,-0.2775055454,1
1.2731427499,-0.1946146173,1
1.2190450789,1.0451937894,0
0.1330561136,0.1235236076,1
-0.6277025673,0.1333549129,0
0.1368812823,0.4849777311,0
1.4139540059,-0.5268048519,1
0.7248465591,0.6927260005,0
-0.1010624852,0.7681039810,1
-0.8016130978,0.6344680579,0
2.1039655294,0.1528070282,1
0.9310166781,0.7845166292,0
0.4075715380,1.2506043862,0
0.2665958128,0.7653604280,0
0.7294998200,-0.6415194423,1
1.7676530330,-0.2285214860,1
1.1274338315,-0.1999277418,1
0.2779830400,-0.1931932589,1
1.2335806753,-0.7039856759,1
0.5581676931,-0.1593680447,1
0.9113461799,1.1663333499,0
0.8923347760,-0.4749103647,1
-0.1824396259,0.9396037592,0
-0.9556721633,-0.0857549852,0
1.1259487552,0.4362619016,0
-0.2878235283,1.0367378471,0
-0.4452630499,0.7667850910,0
0.9599116576,0.1159330483,0
-1.0396298821,0.1693827486,0
-0.1261299263,1.1964909284,0
0.7664183359,-0.1194696356,1
0.8923483969,0.9633757253,0
1.4773383193,-0.3884050919,1
-0.6994772209,0.8263220606,0
1.0948953282,0.0381908944,0
-0.5225150539,0.0828992523,0
-1.4045809823,0.3472436629,0
0.3873968965,-0.3362151220,1
0.6777692844,-0.3905579364,1
1.9121178766,0.0622626271,1
1.0335343595,0.2566600009,0
-0.1792151094,0.7829245772,1
0.5605796096,0.2720073931,0
0.2397863182,1.3613218164,0
1.2981259147,-0.3108772670,1
-0.4610037327,0.6569941053,0
2.0429992484,-0.3722142464,1
0.7720052964,-0.2021447393,1
0.5722368555,1.1360791581,0
0.0121997991,0.3217810429,1
0.0054016910,0.7682739463,0
-0.4604384052,0.7041850673,0
-0.1705193991,0.6298492334,0
2.0105490956,0.0133025543,1
0.5564011321,0.6916563481,0
0.3852035388,1.0640526244,0
0.6098371521,0.9724751831,0
0.6803834529,0.7334705996,0
-1.2527012454,0.0865338002,0
-0.4041460792,0.5869617655,0
0.6330297345,-0.9224886009,1
1.0948418308,0.5030123872,0
2.2162768450,0.3081720518,1
0.5422320476,-0.7248892604,1
0.1297679082,1.1686428193,0
1.2871337129,-0.2236136108,1
0.1848934655,1.1285772768,0
0.4960210959,-0.2491898267,1
-0.5209755376,0.3960570084,0
-0.8438216646,0.5288012906,0
-0.5934096455,0.7822660742,0
0.7279937708,0.7413788355,0
-1.1064496885,-0.1522256810,0
2.0979516910,0.4488356750,1
-0.5675838884,0.9209729343,0
0.6841643663,0.2641417009,0
0.0273122804,0.0169761072,1
1.8103033300,0.0695232317,1
0.0289064821,1.0001089813,0
0.4347605513,0.9195730440,0
2.1193175691,0.3706110265,1
0.9810227510,0.8511148326,0
2.1822643474,0.0875697092,1
-1.1894297544,0.5380521563,0
-0.6781687725,0.0721539435,0
0.2295883716,0.5621975051,1
1.1077679835,-0.7822283247,1
0.3656943193,0.3062189653,1
-0.9382151087,0.3451386887,0
1.7503733300,0.2498286622,1
-0.7967738287,0.2104271856,0
1.2048746136,-0.8765550640,1
-0.3083253468,1.4246403659,0
-0.2011539575,0.0585782655,1
0.2856097262,0.7707834804,0
0.9529547043,-0.0058817945,0
1.7901089213,-0.3225990465,1
1.3483347235,-0.6539744342,1
-0.5108575989,1.2030526230,0
2.1655003337,0.5296193814,1
0.0296941637,0.2986129208,1
0.6244208325,-0.3283055167,1
-0.7867786870,0.6084683616,0
1.7945861218,-0.0640661105,1
-0.2715163898,-0.1953930065,1
0.6127526644,0.8783782243,0
0.0594145464,-0.0096707161,1
0.7359712131,-0.0566054160,1
-0.0081714116,0.4100329834,1
1.1665227644,-0.4375541369,1
0.8726740638,-0.4361760621,1
0.0218447833,0.9093810751,0
-0.2656522809,0.8240737205,0
-0.0532688144,0.2287378475,1
0.7006199328,-0.2343214137,1
0.8434279898,0.3689944322,0
0.7381347321,-0.4689458439,1
-0.4330715934,0.1884416438,0
0.9718532818,0.4057520994,0
0.9448290183,0.2191161220,0
1.3220859071,-0.3385590645,1
-0.2844977431,1.1218283596,0
-0.2155355985,0.7696669023,0
0.0431570373,-0.1022163583,1
0.2701661791,0.8105938956,0
0.2747380390,0.4093746806,1
1.1639996985,-0.2668055225,1
-0.3611943737,1.0805471669,0
1.7370160438,-0.4940490156,1
2.2139253216,0.0865092763,1
1.8771960643,0.5988850286,1
0.5587266964,-0.0408618264,1
0.2986087962,0.6459061419,0
-0.1426412612,0.8146048562,0
-0.5884362568,0.9847391120,0
-0.1060532961,1.0831237858,0
-0.2714353859,0.6663854033,0
0.4460947717,-0.2222411250,1
0.4935973387,0.7428084311,0
2.0393637563,0.2175915897,1
1.0292292026,-0.1637004297,0
2.0991438061,-0.1125649463,1
1.7361103477,-0.1436775206,1
2.0943583501,-0.3071155279,1
0.4640079321,-0.6693511586,1
0.5248364093,-0.2384076823,1
0.7474530553,0.8223843888,0
2.1100199869,-0.0122906125,1
1.1911900404,-0.6252161274,1
0.0490080312,0.1267221209,1
0.5193403197,-0.8123590045,1
0.8506577963,0.7158455443,0
0.2005508962,-0.3568284301,1
1.3374648917,-0.6053819722,1
0.2007254930,1.3036866782,0
-1.0034550125,0.4680411688,0
1.7560222888,-0.2273344249,1
1.9013443300,0.3669551711,1
0.9669176020,-0.6078849511,1
0.8459281297,-0.5517845487,1
1.2411911068,-0.8192286110,1
1.5656118459,0.2201070805,1
0.7137618284,0.0556832673,0
-0.7638481414,0.0377359726,0
1.9360362331,-0.1394189060,1
-0.2918799608,-0.0638272487,1
0.0727575534,0.5444696298,1
1.9286136754,0.4394736977,1
1.7267727591,0.0864031427,1
-1.2521541128,0.2317836121,0
0.2701300545,1.1830510890,0
-0.5983279190,0.8271895114,0
0.0910520893,1.1325335319,0
0.1558382646,0.1743063005,1
1.0957124637,0.9003084393,0
0.5320101118,1.1012331220,0
0.0992621400,0.7490665969,1
1.3467037191,-0.2213613171,1
2.0338460947,0.0941851489,1
2.2192531640,0.3570082637,1
-0.4478716396,0.9394053404,0
-0.9850105233,0.4650183819,0
0.7171751330,-0.3559163075,1
-0.5578139385,1.2907121928,0
0.4046211955,-0.5066728719,1
1.5761782368,-0.3373848930,1
-0.0802114214,0.9173517585,0
2.0505146918,-0.1835896727,1
-0.2743293434,0.8158728638,0
-0.2362472177,1.0535867090,0
-0.0723878239,0.1647757245,1
-0.5195461137,0.6378137868,0
-0.8279579708,1.0525723952,0
1.0653273090,0.0542281565,0
0.2986437033,0.5678310828,1
1.0368766088,0.5967668608,0
-0.7327203206,0.4742606093,0
0.6109403155,-0.4291252768,1
0.3220163526,0.7792881581,0
1.1476677698,-0.5123456367,1
-1.4273065439,-0.2329439449,0
0.0084526634,0.5399383575,0
-0.3355159953,0.9310115549,0
0.0284457847,0.1877996825,1
0.3507030835,0.7290615747,0
1.2473627346,-0.3063786764,1
1.0455244445,0.4939513043,0
-0.2593161507,0.9500126584,0
1.0339264867,-0.0360463327,0
2.4023153127,0.1236566262,1
1.8139135748,-0.0103584788,1
0.6044207835,0.0705120793,0
1.3246583079,-1.0552673249,1
1.4705845612,-0.5024435664,1
1.8580440056,0.5854230782,1
-0.1912640321,0.7950478049,0
0.3220462706,0.3707677334,0
1.0453203311,-0.6444883697,1
-0.9592935845,0.2651876038,0
1.1339192730,-0.1456618780,0
1.5682455265,-0.4766229428,1
1.0267487144,0.3449698029,0
2.1153818809,0.6323828079,1
0.7568345119,-0.3490887442,1
0.1899430380,0.1430281352,1
1.2507550128,0.1715686059,0
0.8368045267,0.9425306248,0
0.8346934679,-0.3186747317,1
1.0155195809,0.1731200422,0
0.3075636046,0.0402293579,1
-0.6370432006,0.7024663671,0
0.7348072237,0.8876687748,0
1.0132780276,-0.6086871479,1
-0.7312579853,0.2020171450,0
1.1098191479,-0.6100965269,1
-0.7127381806,1.0501932977,0
-0.4034658159,1.0072447455,0
-0.8768875189,-0.0550859566,0
0.0620352937,1.3199443205,0
-0.1353881319,0.3261198052,1
-0.7466688606,0.6909451794,0
-0.3554147582,0.6614099359,0
0.0227825195,1.2699087394,0
-0.7417598236,0.9753677415,0
-0.1232944390,1.1274817160,0
1.8315440768,0.4765748021,1
0.2655493101,-0.6757463084,1
0.4562794002,-0.4856610807,1
2.0028163116,-0.2293418866,1
0.2732978467,0.5229636918,0
-1.0387727586,0.4823168357,0
-0.6188275632,0.4056158335,0
0.7076955441,0.6208715120,0
0.2922149344,-0.4115973150,1
0.1782304237,0.2035290313,1
0.9359383111,-0.1912943414,1
-0.4917788299,0.8809195127,0
0.9524924868,-0.6327693530,1
1.3886032945,-0.6472405665,1
-0.3508294898,0.3738459002,1
-0.5850403305,1.1161974697,0
-0.9844092638,0.5834119490,0
0.2118921584,0.7180827350,0
-0.6910564381,-0.0355776115,0
0.3255555915,0.9833601972,0
1.4620684027,-0.0504621733,1
0.6990461728,0.5620003913,0
-0.0771665512,0.2220849127,1
2.3863103694,0.3140246276,1
0.2201799646,0.2982432463,0
2.0655041567,-0.1036418401,1
2.0231641516,-0.0455080186,1
1.9791348552,0.5970954375,1
-0.0010701745,1.3774073796,0
0.0306090778,-0.0884704823,1
0.9569701287,-0.5534774653,1
0.9002035711,0.6307593056,0
-0.8995907711,0.2877336230,0
1.7006114344,-0.2874858512,1
1.7199134683,0.0363175064,1
0.4138893469,-0.4429892718,1
0.8574917736,0.4703121258,0
0.0538742350,-0.0315198816,1
0.8349829080,0.5156371714,0
0.6809223046,-0.5463033625,1
0.2264022594,0.9529484443,0
0.8605117278,0.5196435896,0
0.2193488717,-0.5344513655,1
1.5446359327,-0.5037481561,1
-0.6073167678,0.6817753944,0
-0.1347923222,0.6107495690,0
1.1905443364,-0.3659698827,1
-0.2616528655,0.1454788182,1
0.1476528800,-0.0898403409,1
1.7045377000,0.0049565049,1
0.0936358216,0.9314806037,0
0.5549658797,0.7619809042,0
1.0446529839,0.3341127996,0
0.9833999302,-0.5877168167,1
0.3986084660,-0.2353366902,1
-0.7546635294,0.7093623628,0
1.3449183727,-1.0214397060,1
-0.6161307507,0.5969161351,0
-1.2216333245,0.4074625152,0
-0.2061003254,0.6751163295,0
1.5420482353,-0.2490696475,1
2.1267361217,-0.0153255812,1
0.4480004841,-0.0885750510,1
-0.0563297823,0.9268680239,0
1.0905556348,0.4709141384,0
0.0889386162,0.3894705749,1
-0.9722171716,-0.0099572094,0
0.4452357040,0.0368156904,1
-0.6666027463,0.4202884100,0
1.8407897183,0.4316552568,1
0.2824295902,-0.0491968700,1
0.3186794537,-0.8571290933,1
1.2040227532,-0.1905509442,1
1.8920889768,-0.1736212550,1
0.6450502366,-0.1177425844,1
-0.1912078230,-0.0908150972,1
-0.0676480852,0.8747911663,0
-0.5686788717,0.9828501251,0
-0.4910034243,0.9833513895,0
1.0461892360,0.1124086480,0
0.4495174604,1.0802015662,0
-0.9204853557,0.3009543486,0
0.6117074643,0.9202173910,0
2.0975072707,0.4094097668,1
0.3673619534,1.1848537710,0
1.2828412867,-1.0331228664,1
0.7214712940,-0.4704273858,1
-0.5905597369,0.8373082101,0
1.1215170431,-0.4354071738,1
0.9278897905,0.2725364351,0
0.4130823074,0.6603157278,0
-1.1294131992,0.0593189688,0
-0.9439991302,0.7778715388,0
0.9218187938,0.1782651277,0
-0.0492761542,0.6905451869,0
0.2733788538,-0.2313867895,1
2.2190590017,0.1945451881,1
0.5084100139,0.6601399278,0
0.8261711866,-0.2632872430,1
0.5620553244,-0.5433587554,1
1.2852215744,-0.7417031923,1
-0.7795790309,0.3975053888,0
1.6661421468,-0.3352181484,1
-0.4229028796,0.9342856149,0
1.4989889023,0.2588911865,1
0.2531264091,-0.5644996513,1
-0.6585596478,-0.1493914473,0
1.0639289633,0.3355676729,0
1.7072158926,0.3827270259,1
0.6270467547,0.4934950258,0
-0.3161525507,0.7516511372,0
1.2977455216,-0.6586106787,1
-0.4465741164,0.5482518736,0
0.4668923333,0.6139494339,0
0.7467935741,0.7040432373,0
-0.1547226662,0.2162014131,1
1.4925118031,-0.3571658726,1
-0.9108595487,0.0703541835,0
0.6116138567,-0.0415472752,0
1.5443901748,-0.5699306368,1
0.3735502421,1.1613041046,0
1.9085629329,-0.2129513259,1
0.3624384419,1.2245001313,0
1.0665262357,-0.5922288280,1
2.0211520510,-0.0346889736,1
2.0250270167,-0.1491049483,1
0.0285824862,-0.3641834396,1
2.3035592141,0.5013593601,1
-0.4972237979,0.9643958876,0
0.1841865046,1.1374375196,0
1.0386599819,0.1168052687,0
0.0481100111,0.0286669725,1
0.1317747289,0.2948377751,1
0.2940195385,0.9106870782,0
0.6887360552,-0.7237194807,1
1.7007639640,-0.7346767128,1
0.9847751897,0.1256798266,0
2.0950108968,0.6444053674,1
-0.8603869731,-0.0747617398,0
1.2730265679,-0.3930218891,1
0.6631088598,-0.6649072684,1
-0.2516735530,1.1127623566,0
0.5876122591,0.0814454711,1
0.9250783228,-0.2459889977,1
2.0363992707,0.0909429775,1
1.7637070936,0.0566060781,1
0.1031117844,0.7357055231,0
0.7178460941,-0.3831757131,1
-0.4180476982,0.9509827622,0
0.7602843635,0.5693480162,0
1.0916997694,0.0801604220,0
-0.1579553416,0.4346558416,1
0.7363591983,0.0082903085,0
1.4157223424,-0.3390681327,1
0.2756082465,0.5550436299,0
1.5787159736,-0.0615304851,1
-0.3537084357,0.7708572499,0
-0.7223681326,0.4935176031,0
1.5608885292,0.1246337332,1
-0.0578868204,1.1918807060,0
0.6663955053,0.4569953905,0
2.0772907624,0.8432237705,1
-1.2186165009,0.1523282900,0
1.8536142491,-0.3665979035,1
0.7358691252,-0.5243751665,1
-1.0772710217,0.4052513412,0
0.8314688432,-0.3712278325,1
1.8450679882,-0.4757307562,1
-1.2818557053,0.5641575649,0
0.3726604866,-0.4006998619,1
0.6542975472,0.5650178138,0
-0.1613254670,0.1529925410,1
0.6725857735,0.9112881559,0
-0.8442133285,0.2703779602,0
0.9959578420,-0.5292977643,1
-0.9411277855,0.6875436379,0
-0.9707239484,0.1222610048,0
-1.0964222915,0.0141135499,0
1.9241794489,0.2219369825,1
1.3772797825,-0.2478886301,1
-0.8672733651,0.4546898790,0
0.6154590390,-0.4430620062,1
1.9562476086,0.2343725638,1
0.6731610297,0.3349489832,0
1.4608425369,-0.2869219164,1
1.8724642996,-0.1714096400,1
0.7471399889,0.2135779040,0
1.8995437108,0.3594037393,1
-0.4921557306,0.9067428113,0
-0.1430688321,0.8489133356,0
0.0468256322,-0.4407703970,1
0.7662106631,-0.2186404267,1
1.9631664963,0.0793734124,1
0.1913481808,0.5772581589,1
1.7759688408,0.0076724470,1
-0.9365806185,0.7293455492,0
1.9714742326,0.1380381990,1
1.2157157309,-0.0154788873,1
0.9007660892,-0.5026042164,1
0.2452321279,0.0252878571,1
1.1875218651,-0.3549922729,1
1.8955183627,-0.1461800277,1
2.2045649638,0.3884675018,1
1.7936359625,-0.3941207193,1
1.0780231297,0.0076211700,0
2.0320346345,-0.2348877342,1
1.9572951756,0.2195666115,1
-0.0601973177,0.0785429046,1
-0.0093251310,0.6910296595,0
0.9640544392,0.2037528120,0
1.6438346112,0.3150926588,1
0.8842444985,-0.5023029998,1
1.5450166537,-0.6410964132,1
-0.1677047747,0.1893756309,1
-0.3101021584,1.1049804910,0
0.2718478780,-0.0651732614,1
-0.0971939428,0.6860038067,0
-0.9145050020,0.5289561658,0
-1.0644335223,0.1974110228,0
1.0149019123,-0.5888202294,1
-0.1607993852,0.2426148790,1
-1.2336647729,0.1909982933,0
0.7869913821,0.7135759874,0
2.0055889335,0.2885042345,1
1.2860353056,-0.2136104594,1
0.1765957145,-0.3182945635,1
0.4086919286,0.1583394353,1
-0.5830700298,0.4303923340,0
1.8839433122,0.1319190074,1
1.3157612882,-0.3266397828,1
-0.0778442710,0.8362474007,0
0.4908530980,0.8995122289,0
-0.2593017919,0.9419216920,0
0.0362933554,0.6207867953,1
0.4717242878,0.1106425383,1
0.9749484857,0.3678960957,0
0.0227867278,1.0668647640,0
2.0458405620,-0.0835353709,1
-0.1154965629,1.1646243606,0
0.3187428537,-0.2702190558,1
0.7920642337,0.8556739180,0
0.7165178571,0.1859210181,0
1.8998045716,0.2280945745,1
0.4767116535,0.6615283941,0
-0.4391219490,1.2613111493,0
0.6664163689,-0.6342628680,1
0.6976489419,-0.3897695844,1
1.1922637160,-0.8617612617,1
-0.0703159628,0.7527746266,0
0.0929954713,0.9609697524,0
-0.8276330276,0.8376846394,0
-0.0391543728,1.0924097999,0
1.5093216583,-0.1067357528,1
-0.0896072438,0.2911051872,1
2.0342724183,0.1424704760,1
-0.6958178558,0.5390277635,0
0.8324966806,-1.2488383630,1
-0.2847729922,1.1371865949,0
2.3202635969,0.1177562059,1
1.9487664833,0.4773618966,1
0.6490817843,0.3116927495,0
-0.5160875876,0.4388138149,0
-0.8749512124,0.1653924849,0
0.9860208488,0.0105408632,0
0.6859227548,0.9891447250,0
1.0970921050,0.2516389988,0
0.2138485442,0.8556202225,0
-0.1151120854,0.9929635876,0
0.0485030265,0.3761332829,1
-1.0457877825,0.0101611638,0
-0.5722202074,0.5065437188,0
1.4659937763,-0.7055821952,1
0.0840481195,0.1131418509,1
-0.9689825310,0.4324285804,0
-0.7488871586,-0.0396454374,0
1.0122732218,0.3142894983,0
1.0490853110,-0.2313096584,1
0.3111735100,0.6924764212,0
0.8447634892,0.1716355223,0
0.4918187449,0.8397547493,0
-0.0487006382,0.0851116780,1
-0.7596882653,1.0074936572,0
0.0944401063,0.2137990834,1
0.5694117979,-0.3511887792,1
0.6820387912,-0.3296187514,1
2.2396956370,0.6267604747,1
1.6557391309,0.2585137140,1
2.0818601764,-0.0379016923,1
1.8590284353,0.5990761803,1
1.1059659852,0.5927666650,0
2.5180942787,0.8143107161,1
-0.8127413756,0.3847563725,0
-0.7608081964,0.1092068974,0
-0.7226614757,0.7976543645,0
-0.9747977174,0.5868448539,0
-0.8876282871,0.5011907962,0
-0.7066685682,1.0401713307,0
-0.8834651447,0.3075758854,0
1.9894866671,0.1214828251,1
0.2315585765,-0.4350714565,1
-0.4568604679,0.3906701580,0
0.2365384021,0.8802736680,0
0.5070808093,0.8263305911,0
-0.6581766744,0.2577471531,0
0.8207454403,-0.3020155698,1
0.6480011003,0.1963004431,0
0.8776346787,0.3561843125,0
1.8750272010,-0.1825707411,1
0.7791750867,0.7437115575,0
1.5022897637,-0.6671251176,1
0.6455436907,0.2203263992,0
0.6023277220,0.4514654446,0
1.1516727285,-0.4356056698,1
1.4936719583,-0.4393603334,1
-0.6287997407,0.6242215577,0
0.2347476018,1.2499548792,0
1.0670935612,-0.0797445185,1
1.5717761877,0.0225590047,1
0.9782364949,-0.2755514168,1
0.0925332609,1.0973267463,0
0.4041308402,0.7886034186,0
0.8735557828,0.8310895612,0
0.8950252663,0.6168113284,0
2.0744621357,0.0971930042,1
0.9854427438,0.0219309019,0
0.5385826667,0.3327696473,0
-0.1754795811,0.7020627643,0
0.6022175275,-0.2530701077,1
-0.7897504276,0.2077385255,0
0.3849821774,0.0164323861,1
2.2129468602,-0.1888938535,1
0.6177228393,0.9951051846,0
0.5930094893,-0.4584920556,1
0.3224646305,0.9837694543,0
2.0893307774,0.0907586319,1
-0.6798054679,0.1576050502,0
-0.7672320822,-0.0572725345,0
1.8606618790,-0.3494181345,1
-0.0513725626,0.9979706750,0
0.9540219041,-0.1296220418,0
0.5122537212,-0.2991021436,1
1.7976332936,0.6355465061,1
